Series;Product Image;IFAV(A);TC(°C);VRRM(V);IFSMat 50 Hz(A);IFSMat 60 Hz(A);VFat IFMat 25 °C(V at A);TJ(°C);RthJC(°C/W);Package;CircuitConfiguration;Isolation fromHeatsink;Image path;Datasheet part;3d model part
VS-RA160FA120;Enlarge;91;90;1200;940;985;1.27 at 100;-55 to +150;0.26;SOT-227;Two separate diodes, parallel pin-out;Isolated;image/diode-modules96330.png;diode-modules\VS-RA160FA120\VS-RA160FA120.pdf;None
VS-RA220FA120;Enlarge;108;90;1200;1170;1225;1.31 at 110;-55 to +150;0.2;SOT-227;Two separate diodes, parallel pin-out;Isolated;image/diode-modules96043.png;diode-modules\VS-RA220FA120\VS-RA220FA120.pdf;None
VS-T20HF220;Enlarge;20;85;2200;450;470;1.50 at 60;-40 to +150;2.53;D-55 (T-module);Single diode;Isolated;image/diode-modules94709.png;diode-modules\VS-T20HF220\VS-T20HF220.pdf;None
VS-T40HF..., VS-T70HF..., VS-T85HF..., VS-T110HF... Series;Enlarge;85;85;1200;1700;1800;1.27;-40 to +150;0.62;D-55 (T-module);Single diode;Isolated;image/diode-modules93587.png;diode-modules\VS-T40HF..., VS-T70HF..., VS-T85HF..., VS-T110HF... Series\VS-T40HF..., VS-T70HF..., VS-T85HF..., VS-T110HF... Series.pdf;None
VS-T40HF..., VS-T70HF..., VS-T85HF..., VS-T110HF... Series;Enlarge;40;85;1200;570;600;1.30;-40 to +150;1.36;D-55 (T-module);Single diode;Isolated;image/diode-modules93587.png;diode-modules\VS-T40HF..., VS-T70HF..., VS-T85HF..., VS-T110HF... Series\VS-T40HF..., VS-T70HF..., VS-T85HF..., VS-T110HF... Series.pdf;None
VS-T40HF..., VS-T70HF..., VS-T85HF..., VS-T110HF... Series;Enlarge;110;85;1000;2000;2100;1.35;-40 to +150;0.47;D-55 (T-module);Single diode;Isolated;image/diode-modules93587.png;diode-modules\VS-T40HF..., VS-T70HF..., VS-T85HF..., VS-T110HF... Series\VS-T40HF..., VS-T70HF..., VS-T85HF..., VS-T110HF... Series.pdf;None
VS-T40HF..., VS-T70HF..., VS-T85HF..., VS-T110HF... Series;Enlarge;70;85;1000;1200;1250;1.35;-40 to +150;0.69;D-55 (T-module);Single diode;Isolated;image/diode-modules93587.png;diode-modules\VS-T40HF..., VS-T70HF..., VS-T85HF..., VS-T110HF... Series\VS-T40HF..., VS-T70HF..., VS-T85HF..., VS-T110HF... Series.pdf;None
VS-T40HF..., VS-T70HF..., VS-T85HF..., VS-T110HF... Series;Enlarge;85;85;800;1700;1800;1.27;-40 to +150;0.62;D-55 (T-module);Single diode;Isolated;image/diode-modules93587.png;diode-modules\VS-T40HF..., VS-T70HF..., VS-T85HF..., VS-T110HF... Series\VS-T40HF..., VS-T70HF..., VS-T85HF..., VS-T110HF... Series.pdf;None
VS-T40HF..., VS-T70HF..., VS-T85HF..., VS-T110HF... Series;Enlarge;85;85;1000;1700;1800;1.27;-40 to +150;0.62;D-55 (T-module);Single diode;Isolated;image/diode-modules93587.png;diode-modules\VS-T40HF..., VS-T70HF..., VS-T85HF..., VS-T110HF... Series\VS-T40HF..., VS-T70HF..., VS-T85HF..., VS-T110HF... Series.pdf;None
VS-T40HF..., VS-T70HF..., VS-T85HF..., VS-T110HF... Series;Enlarge;40;85;1000;570;600;1.30;-40 to +150;1.36;D-55 (T-module);Single diode;Isolated;image/diode-modules93587.png;diode-modules\VS-T40HF..., VS-T70HF..., VS-T85HF..., VS-T110HF... Series\VS-T40HF..., VS-T70HF..., VS-T85HF..., VS-T110HF... Series.pdf;None
VS-T40HF..., VS-T70HF..., VS-T85HF..., VS-T110HF... Series;Enlarge;110;85;800;2000;2100;1.35;-40 to +150;0.47;D-55 (T-module);Single diode;Isolated;image/diode-modules93587.png;diode-modules\VS-T40HF..., VS-T70HF..., VS-T85HF..., VS-T110HF... Series\VS-T40HF..., VS-T70HF..., VS-T85HF..., VS-T110HF... Series.pdf;None
VS-T40HF..., VS-T70HF..., VS-T85HF..., VS-T110HF... Series;Enlarge;70;85;800;1200;1250;1.35;-40 to +150;0.69;D-55 (T-module);Single diode;Isolated;image/diode-modules93587.png;diode-modules\VS-T40HF..., VS-T70HF..., VS-T85HF..., VS-T110HF... Series\VS-T40HF..., VS-T70HF..., VS-T85HF..., VS-T110HF... Series.pdf;None
VS-T40HF..., VS-T70HF..., VS-T85HF..., VS-T110HF... Series;Enlarge;85;85;600;1700;1800;1.27;-40 to +150;0.62;D-55 (T-module);Single diode;Isolated;image/diode-modules93587.png;diode-modules\VS-T40HF..., VS-T70HF..., VS-T85HF..., VS-T110HF... Series\VS-T40HF..., VS-T70HF..., VS-T85HF..., VS-T110HF... Series.pdf;None
VS-T40HF..., VS-T70HF..., VS-T85HF..., VS-T110HF... Series;Enlarge;40;85;800;570;600;1.30;-40 to +150;1.36;D-55 (T-module);Single diode;Isolated;image/diode-modules93587.png;diode-modules\VS-T40HF..., VS-T70HF..., VS-T85HF..., VS-T110HF... Series\VS-T40HF..., VS-T70HF..., VS-T85HF..., VS-T110HF... Series.pdf;None
VS-T40HF..., VS-T70HF..., VS-T85HF..., VS-T110HF... Series;Enlarge;110;85;600;2000;2100;1.35;-40 to +150;0.47;D-55 (T-module);Single diode;Isolated;image/diode-modules93587.png;diode-modules\VS-T40HF..., VS-T70HF..., VS-T85HF..., VS-T110HF... Series\VS-T40HF..., VS-T70HF..., VS-T85HF..., VS-T110HF... Series.pdf;None
VS-T40HF..., VS-T70HF..., VS-T85HF..., VS-T110HF... Series;Enlarge;70;85;600;1200;1250;1.35;-40 to +150;0.69;D-55 (T-module);Single diode;Isolated;image/diode-modules93587.png;diode-modules\VS-T40HF..., VS-T70HF..., VS-T85HF..., VS-T110HF... Series\VS-T40HF..., VS-T70HF..., VS-T85HF..., VS-T110HF... Series.pdf;None
VS-T40HF..., VS-T70HF..., VS-T85HF..., VS-T110HF... Series;Enlarge;85;85;400;1700;1800;1.27;-40 to +150;0.62;D-55 (T-module);Single diode;Isolated;image/diode-modules93587.png;diode-modules\VS-T40HF..., VS-T70HF..., VS-T85HF..., VS-T110HF... Series\VS-T40HF..., VS-T70HF..., VS-T85HF..., VS-T110HF... Series.pdf;None
VS-T40HF..., VS-T70HF..., VS-T85HF..., VS-T110HF... Series;Enlarge;40;85;600;570;600;1.30;-40 to +150;1.36;D-55 (T-module);Single diode;Isolated;image/diode-modules93587.png;diode-modules\VS-T40HF..., VS-T70HF..., VS-T85HF..., VS-T110HF... Series\VS-T40HF..., VS-T70HF..., VS-T85HF..., VS-T110HF... Series.pdf;None
VS-T40HF..., VS-T70HF..., VS-T85HF..., VS-T110HF... Series;Enlarge;110;85;400;2000;2100;1.35;-40 to +150;0.47;D-55 (T-module);Single diode;Isolated;image/diode-modules93587.png;diode-modules\VS-T40HF..., VS-T70HF..., VS-T85HF..., VS-T110HF... Series\VS-T40HF..., VS-T70HF..., VS-T85HF..., VS-T110HF... Series.pdf;None
VS-T40HF..., VS-T70HF..., VS-T85HF..., VS-T110HF... Series;Enlarge;70;85;400;1200;1250;1.35;-40 to +150;0.69;D-55 (T-module);Single diode;Isolated;image/diode-modules93587.png;diode-modules\VS-T40HF..., VS-T70HF..., VS-T85HF..., VS-T110HF... Series\VS-T40HF..., VS-T70HF..., VS-T85HF..., VS-T110HF... Series.pdf;None
VS-T40HF..., VS-T70HF..., VS-T85HF..., VS-T110HF... Series;Enlarge;85;85;200;1700;1800;1.27;-40 to +150;0.62;D-55 (T-module);Single diode;Isolated;image/diode-modules93587.png;diode-modules\VS-T40HF..., VS-T70HF..., VS-T85HF..., VS-T110HF... Series\VS-T40HF..., VS-T70HF..., VS-T85HF..., VS-T110HF... Series.pdf;None
VS-T40HF..., VS-T70HF..., VS-T85HF..., VS-T110HF... Series;Enlarge;40;85;400;570;600;1.30;-40 to +150;1.36;D-55 (T-module);Single diode;Isolated;image/diode-modules93587.png;diode-modules\VS-T40HF..., VS-T70HF..., VS-T85HF..., VS-T110HF... Series\VS-T40HF..., VS-T70HF..., VS-T85HF..., VS-T110HF... Series.pdf;None
VS-T40HF..., VS-T70HF..., VS-T85HF..., VS-T110HF... Series;Enlarge;110;85;200;2000;2100;1.35;-40 to +150;0.47;D-55 (T-module);Single diode;Isolated;image/diode-modules93587.png;diode-modules\VS-T40HF..., VS-T70HF..., VS-T85HF..., VS-T110HF... Series\VS-T40HF..., VS-T70HF..., VS-T85HF..., VS-T110HF... Series.pdf;None
VS-T40HF..., VS-T70HF..., VS-T85HF..., VS-T110HF... Series;Enlarge;70;85;200;1200;1250;1.35;-40 to +150;0.69;D-55 (T-module);Single diode;Isolated;image/diode-modules93587.png;diode-modules\VS-T40HF..., VS-T70HF..., VS-T85HF..., VS-T110HF... Series\VS-T40HF..., VS-T70HF..., VS-T85HF..., VS-T110HF... Series.pdf;None
VS-T40HF..., VS-T70HF..., VS-T85HF..., VS-T110HF... Series;Enlarge;85;85;100;1700;1800;1.27;-40 to +150;0.62;D-55 (T-module);Single diode;Isolated;image/diode-modules93587.png;diode-modules\VS-T40HF..., VS-T70HF..., VS-T85HF..., VS-T110HF... Series\VS-T40HF..., VS-T70HF..., VS-T85HF..., VS-T110HF... Series.pdf;None
VS-T40HF..., VS-T70HF..., VS-T85HF..., VS-T110HF... Series;Enlarge;40;85;200;570;600;1.30;-40 to +150;1.36;D-55 (T-module);Single diode;Isolated;image/diode-modules93587.png;diode-modules\VS-T40HF..., VS-T70HF..., VS-T85HF..., VS-T110HF... Series\VS-T40HF..., VS-T70HF..., VS-T85HF..., VS-T110HF... Series.pdf;None
VS-T40HF..., VS-T70HF..., VS-T85HF..., VS-T110HF... Series;Enlarge;110;85;100;2000;2100;1.35;-40 to +150;0.47;D-55 (T-module);Single diode;Isolated;image/diode-modules93587.png;diode-modules\VS-T40HF..., VS-T70HF..., VS-T85HF..., VS-T110HF... Series\VS-T40HF..., VS-T70HF..., VS-T85HF..., VS-T110HF... Series.pdf;None
VS-T40HF..., VS-T70HF..., VS-T85HF..., VS-T110HF... Series;Enlarge;70;85;100;1200;1250;1.35;-40 to +150;0.69;D-55 (T-module);Single diode;Isolated;image/diode-modules93587.png;diode-modules\VS-T40HF..., VS-T70HF..., VS-T85HF..., VS-T110HF... Series\VS-T40HF..., VS-T70HF..., VS-T85HF..., VS-T110HF... Series.pdf;None
VS-T40HF..., VS-T70HF..., VS-T85HF..., VS-T110HF... Series;Enlarge;110;85;1200;2000;2100;1.35;-40 to +150;0.47;D-55 (T-module);Single diode;Isolated;image/diode-modules93587.png;diode-modules\VS-T40HF..., VS-T70HF..., VS-T85HF..., VS-T110HF... Series\VS-T40HF..., VS-T70HF..., VS-T85HF..., VS-T110HF... Series.pdf;None
VS-T40HF..., VS-T70HF..., VS-T85HF..., VS-T110HF... Series;Enlarge;70;85;1200;1200;1250;1.35;-40 to +150;0.69;D-55 (T-module);Single diode;Isolated;image/diode-modules93587.png;diode-modules\VS-T40HF..., VS-T70HF..., VS-T85HF..., VS-T110HF... Series\VS-T40HF..., VS-T70HF..., VS-T85HF..., VS-T110HF... Series.pdf;None
VS-T40HF..., VS-T70HF..., VS-T85HF..., VS-T110HF... Series;Enlarge;40;85;100;570;600;1.30;-40 to +150;1.36;D-55 (T-module);Single diode;Isolated;image/diode-modules93587.png;diode-modules\VS-T40HF..., VS-T70HF..., VS-T85HF..., VS-T110HF... Series\VS-T40HF..., VS-T70HF..., VS-T85HF..., VS-T110HF... Series.pdf;None
VS-VSK.166..PbF, VS-VSK.196..PbF, VS-VSK.236..PbF Series;Enlarge;165;100;1200;4000;4200;1.43;-40 to +150;0.2;INT-A-PAK;Single diode;Isolated;image/diode-modules94357.png;diode-modules\VS-VSK.166..PbF, VS-VSK.196..PbF, VS-VSK.236..PbF Series\VS-VSK.166..PbF, VS-VSK.196..PbF, VS-VSK.236..PbF Series.pdf;None
VS-VSK.166..PbF, VS-VSK.196..PbF, VS-VSK.236..PbF Series;Enlarge;165;100;800;4000;4200;1.43;-40 to +150;0.2;INT-A-PAK;Two diodes doubler circuit;Isolated;image/diode-modules94357.png;diode-modules\VS-VSK.166..PbF, VS-VSK.196..PbF, VS-VSK.236..PbF Series\VS-VSK.166..PbF, VS-VSK.196..PbF, VS-VSK.236..PbF Series.pdf;None
VS-VSK.166..PbF, VS-VSK.196..PbF, VS-VSK.236..PbF Series;Enlarge;165;100;1600;4000;4200;1.43;-40 to +150;0.2;INT-A-PAK;Two diodes common anode;Isolated;image/diode-modules94357.png;diode-modules\VS-VSK.166..PbF, VS-VSK.196..PbF, VS-VSK.236..PbF Series\VS-VSK.166..PbF, VS-VSK.196..PbF, VS-VSK.236..PbF Series.pdf;None
VS-VSK.166..PbF, VS-VSK.196..PbF, VS-VSK.236..PbF Series;Enlarge;195;100;400;4750;4980;1.38;-40 to +150;0.16;INT-A-PAK;Two diodes common cathode;Isolated;image/diode-modules94357.png;diode-modules\VS-VSK.166..PbF, VS-VSK.196..PbF, VS-VSK.236..PbF Series\VS-VSK.166..PbF, VS-VSK.196..PbF, VS-VSK.236..PbF Series.pdf;None
VS-VSK.166..PbF, VS-VSK.196..PbF, VS-VSK.236..PbF Series;Enlarge;195;100;1400;4750;4980;1.38;-40 to +150;0.16;INT-A-PAK;Single diode;Isolated;image/diode-modules94357.png;diode-modules\VS-VSK.166..PbF, VS-VSK.196..PbF, VS-VSK.236..PbF Series\VS-VSK.166..PbF, VS-VSK.196..PbF, VS-VSK.236..PbF Series.pdf;None
VS-VSK.166..PbF, VS-VSK.196..PbF, VS-VSK.236..PbF Series;Enlarge;195;100;1200;4750;4980;1.38;-40 to +150;0.16;INT-A-PAK;Two diodes doubler circuit;Isolated;image/diode-modules94357.png;diode-modules\VS-VSK.166..PbF, VS-VSK.196..PbF, VS-VSK.236..PbF Series\VS-VSK.166..PbF, VS-VSK.196..PbF, VS-VSK.236..PbF Series.pdf;None
VS-VSK.166..PbF, VS-VSK.196..PbF, VS-VSK.236..PbF Series;Enlarge;230;100;400;5500;5765;1.46;-40 to +150;0.14;INT-A-PAK;Two diodes common anode;Isolated;image/diode-modules94357.png;diode-modules\VS-VSK.166..PbF, VS-VSK.196..PbF, VS-VSK.236..PbF Series\VS-VSK.166..PbF, VS-VSK.196..PbF, VS-VSK.236..PbF Series.pdf;None
VS-VSK.166..PbF, VS-VSK.196..PbF, VS-VSK.236..PbF Series;Enlarge;230;100;800;5500;5765;1.46;-40 to +150;0.14;INT-A-PAK;Two diodes common cathode;Isolated;image/diode-modules94357.png;diode-modules\VS-VSK.166..PbF, VS-VSK.196..PbF, VS-VSK.236..PbF Series\VS-VSK.166..PbF, VS-VSK.196..PbF, VS-VSK.236..PbF Series.pdf;None
VS-VSK.166..PbF, VS-VSK.196..PbF, VS-VSK.236..PbF Series;Enlarge;230;100;1600;5500;5765;1.46;-40 to +150;0.14;INT-A-PAK;Single diode;Isolated;image/diode-modules94357.png;diode-modules\VS-VSK.166..PbF, VS-VSK.196..PbF, VS-VSK.236..PbF Series\VS-VSK.166..PbF, VS-VSK.196..PbF, VS-VSK.236..PbF Series.pdf;None
VS-VSK.166..PbF, VS-VSK.196..PbF, VS-VSK.236..PbF Series;Enlarge;230;100;1400;5500;5765;1.46;-40 to +150;0.14;INT-A-PAK;Two diodes doubler circuit;Isolated;image/diode-modules94357.png;diode-modules\VS-VSK.166..PbF, VS-VSK.196..PbF, VS-VSK.236..PbF Series\VS-VSK.166..PbF, VS-VSK.196..PbF, VS-VSK.236..PbF Series.pdf;None
VS-VSK.166..PbF, VS-VSK.196..PbF, VS-VSK.236..PbF Series;Enlarge;165;100;1200;4000;4200;1.43;-40 to +150;0.2;INT-A-PAK;Two diodes common anode;Isolated;image/diode-modules94357.png;diode-modules\VS-VSK.166..PbF, VS-VSK.196..PbF, VS-VSK.236..PbF Series\VS-VSK.166..PbF, VS-VSK.196..PbF, VS-VSK.236..PbF Series.pdf;None
VS-VSK.166..PbF, VS-VSK.196..PbF, VS-VSK.236..PbF Series;Enlarge;165;100;800;4000;4200;1.43;-40 to +150;0.2;INT-A-PAK;Single diode;Isolated;image/diode-modules94357.png;diode-modules\VS-VSK.166..PbF, VS-VSK.196..PbF, VS-VSK.236..PbF Series\VS-VSK.166..PbF, VS-VSK.196..PbF, VS-VSK.236..PbF Series.pdf;None
VS-VSK.166..PbF, VS-VSK.196..PbF, VS-VSK.236..PbF Series;Enlarge;165;100;400;4000;4200;1.43;-40 to +150;0.2;INT-A-PAK;Two diodes doubler circuit;Isolated;image/diode-modules94357.png;diode-modules\VS-VSK.166..PbF, VS-VSK.196..PbF, VS-VSK.236..PbF Series\VS-VSK.166..PbF, VS-VSK.196..PbF, VS-VSK.236..PbF Series.pdf;None
VS-VSK.166..PbF, VS-VSK.196..PbF, VS-VSK.236..PbF Series;Enlarge;165;100;1400;4000;4200;1.43;-40 to +150;0.2;INT-A-PAK;Two diodes common anode;Isolated;image/diode-modules94357.png;diode-modules\VS-VSK.166..PbF, VS-VSK.196..PbF, VS-VSK.236..PbF Series\VS-VSK.166..PbF, VS-VSK.196..PbF, VS-VSK.236..PbF Series.pdf;None
VS-VSK.166..PbF, VS-VSK.196..PbF, VS-VSK.236..PbF Series;Enlarge;165;100;1600;4000;4200;1.43;-40 to +150;0.2;INT-A-PAK;Two diodes common cathode;Isolated;image/diode-modules94357.png;diode-modules\VS-VSK.166..PbF, VS-VSK.196..PbF, VS-VSK.236..PbF Series\VS-VSK.166..PbF, VS-VSK.196..PbF, VS-VSK.236..PbF Series.pdf;None
VS-VSK.166..PbF, VS-VSK.196..PbF, VS-VSK.236..PbF Series;Enlarge;195;100;1200;4750;4980;1.38;-40 to +150;0.16;INT-A-PAK;Single diode;Isolated;image/diode-modules94357.png;diode-modules\VS-VSK.166..PbF, VS-VSK.196..PbF, VS-VSK.236..PbF Series\VS-VSK.166..PbF, VS-VSK.196..PbF, VS-VSK.236..PbF Series.pdf;None
VS-VSK.166..PbF, VS-VSK.196..PbF, VS-VSK.236..PbF Series;Enlarge;195;100;800;4750;4980;1.38;-40 to +150;0.16;INT-A-PAK;Two diodes doubler circuit;Isolated;image/diode-modules94357.png;diode-modules\VS-VSK.166..PbF, VS-VSK.196..PbF, VS-VSK.236..PbF Series\VS-VSK.166..PbF, VS-VSK.196..PbF, VS-VSK.236..PbF Series.pdf;None
VS-VSK.166..PbF, VS-VSK.196..PbF, VS-VSK.236..PbF Series;Enlarge;195;100;1600;4750;4980;1.38;-40 to +150;0.16;INT-A-PAK;Two diodes common anode;Isolated;image/diode-modules94357.png;diode-modules\VS-VSK.166..PbF, VS-VSK.196..PbF, VS-VSK.236..PbF Series\VS-VSK.166..PbF, VS-VSK.196..PbF, VS-VSK.236..PbF Series.pdf;None
VS-VSK.166..PbF, VS-VSK.196..PbF, VS-VSK.236..PbF Series;Enlarge;230;100;400;5500;5765;1.46;-40 to +150;0.14;INT-A-PAK;Two diodes common cathode;Isolated;image/diode-modules94357.png;diode-modules\VS-VSK.166..PbF, VS-VSK.196..PbF, VS-VSK.236..PbF Series\VS-VSK.166..PbF, VS-VSK.196..PbF, VS-VSK.236..PbF Series.pdf;None
VS-VSK.166..PbF, VS-VSK.196..PbF, VS-VSK.236..PbF Series;Enlarge;230;100;1400;5500;5765;1.46;-40 to +150;0.14;INT-A-PAK;Single diode;Isolated;image/diode-modules94357.png;diode-modules\VS-VSK.166..PbF, VS-VSK.196..PbF, VS-VSK.236..PbF Series\VS-VSK.166..PbF, VS-VSK.196..PbF, VS-VSK.236..PbF Series.pdf;None
VS-VSK.166..PbF, VS-VSK.196..PbF, VS-VSK.236..PbF Series;Enlarge;230;100;1200;5500;5765;1.46;-40 to +150;0.14;INT-A-PAK;Two diodes doubler circuit;Isolated;image/diode-modules94357.png;diode-modules\VS-VSK.166..PbF, VS-VSK.196..PbF, VS-VSK.236..PbF Series\VS-VSK.166..PbF, VS-VSK.196..PbF, VS-VSK.236..PbF Series.pdf;None
VS-VSK.166..PbF, VS-VSK.196..PbF, VS-VSK.236..PbF Series;Enlarge;165;100;800;4000;4200;1.43;-40 to +150;0.2;INT-A-PAK;Two diodes common anode;Isolated;image/diode-modules94357.png;diode-modules\VS-VSK.166..PbF, VS-VSK.196..PbF, VS-VSK.236..PbF Series\VS-VSK.166..PbF, VS-VSK.196..PbF, VS-VSK.236..PbF Series.pdf;None
VS-VSK.166..PbF, VS-VSK.196..PbF, VS-VSK.236..PbF Series;Enlarge;165;100;400;4000;4200;1.43;-40 to +150;0.2;INT-A-PAK;Single diode;Isolated;image/diode-modules94357.png;diode-modules\VS-VSK.166..PbF, VS-VSK.196..PbF, VS-VSK.236..PbF Series\VS-VSK.166..PbF, VS-VSK.196..PbF, VS-VSK.236..PbF Series.pdf;None
VS-VSK.166..PbF, VS-VSK.196..PbF, VS-VSK.236..PbF Series;Enlarge;165;100;1400;4000;4200;1.43;-40 to +150;0.2;INT-A-PAK;Two diodes common cathode;Isolated;image/diode-modules94357.png;diode-modules\VS-VSK.166..PbF, VS-VSK.196..PbF, VS-VSK.236..PbF Series\VS-VSK.166..PbF, VS-VSK.196..PbF, VS-VSK.236..PbF Series.pdf;None
VS-VSK.166..PbF, VS-VSK.196..PbF, VS-VSK.236..PbF Series;Enlarge;195;100;400;4750;4980;1.38;-40 to +150;0.16;INT-A-PAK;Two diodes doubler circuit;Isolated;image/diode-modules94357.png;diode-modules\VS-VSK.166..PbF, VS-VSK.196..PbF, VS-VSK.236..PbF Series\VS-VSK.166..PbF, VS-VSK.196..PbF, VS-VSK.236..PbF Series.pdf;None
VS-VSK.166..PbF, VS-VSK.196..PbF, VS-VSK.236..PbF Series;Enlarge;195;100;800;4750;4980;1.38;-40 to +150;0.16;INT-A-PAK;Single diode;Isolated;image/diode-modules94357.png;diode-modules\VS-VSK.166..PbF, VS-VSK.196..PbF, VS-VSK.236..PbF Series\VS-VSK.166..PbF, VS-VSK.196..PbF, VS-VSK.236..PbF Series.pdf;None
VS-VSK.166..PbF, VS-VSK.196..PbF, VS-VSK.236..PbF Series;Enlarge;195;100;1400;4750;4980;1.38;-40 to +150;0.16;INT-A-PAK;Two diodes common anode;Isolated;image/diode-modules94357.png;diode-modules\VS-VSK.166..PbF, VS-VSK.196..PbF, VS-VSK.236..PbF Series\VS-VSK.166..PbF, VS-VSK.196..PbF, VS-VSK.236..PbF Series.pdf;None
VS-VSK.166..PbF, VS-VSK.196..PbF, VS-VSK.236..PbF Series;Enlarge;195;100;1600;4750;4980;1.38;-40 to +150;0.16;INT-A-PAK;Two diodes common cathode;Isolated;image/diode-modules94357.png;diode-modules\VS-VSK.166..PbF, VS-VSK.196..PbF, VS-VSK.236..PbF Series\VS-VSK.166..PbF, VS-VSK.196..PbF, VS-VSK.236..PbF Series.pdf;None
VS-VSK.166..PbF, VS-VSK.196..PbF, VS-VSK.236..PbF Series;Enlarge;230;100;1200;5500;5765;1.46;-40 to +150;0.14;INT-A-PAK;Single diode;Isolated;image/diode-modules94357.png;diode-modules\VS-VSK.166..PbF, VS-VSK.196..PbF, VS-VSK.236..PbF Series\VS-VSK.166..PbF, VS-VSK.196..PbF, VS-VSK.236..PbF Series.pdf;None
VS-VSK.166..PbF, VS-VSK.196..PbF, VS-VSK.236..PbF Series;Enlarge;230;100;800;5500;5765;1.46;-40 to +150;0.14;INT-A-PAK;Two diodes doubler circuit;Isolated;image/diode-modules94357.png;diode-modules\VS-VSK.166..PbF, VS-VSK.196..PbF, VS-VSK.236..PbF Series\VS-VSK.166..PbF, VS-VSK.196..PbF, VS-VSK.236..PbF Series.pdf;None
VS-VSK.166..PbF, VS-VSK.196..PbF, VS-VSK.236..PbF Series;Enlarge;165;100;400;4000;4200;1.43;-40 to +150;0.2;INT-A-PAK;Two diodes common anode;Isolated;image/diode-modules94357.png;diode-modules\VS-VSK.166..PbF, VS-VSK.196..PbF, VS-VSK.236..PbF Series\VS-VSK.166..PbF, VS-VSK.196..PbF, VS-VSK.236..PbF Series.pdf;None
VS-VSK.166..PbF, VS-VSK.196..PbF, VS-VSK.236..PbF Series;Enlarge;230;100;1600;5500;5765;1.46;-40 to +150;0.14;INT-A-PAK;Two diodes common anode;Isolated;image/diode-modules94357.png;diode-modules\VS-VSK.166..PbF, VS-VSK.196..PbF, VS-VSK.236..PbF Series\VS-VSK.166..PbF, VS-VSK.196..PbF, VS-VSK.236..PbF Series.pdf;None
VS-VSK.166..PbF, VS-VSK.196..PbF, VS-VSK.236..PbF Series;Enlarge;165;100;1200;4000;4200;1.43;-40 to +150;0.2;INT-A-PAK;Two diodes common cathode;Isolated;image/diode-modules94357.png;diode-modules\VS-VSK.166..PbF, VS-VSK.196..PbF, VS-VSK.236..PbF Series\VS-VSK.166..PbF, VS-VSK.196..PbF, VS-VSK.236..PbF Series.pdf;None
VS-VSK.166..PbF, VS-VSK.196..PbF, VS-VSK.236..PbF Series;Enlarge;195;100;400;4750;4980;1.38;-40 to +150;0.16;INT-A-PAK;Single diode;Isolated;image/diode-modules94357.png;diode-modules\VS-VSK.166..PbF, VS-VSK.196..PbF, VS-VSK.236..PbF Series\VS-VSK.166..PbF, VS-VSK.196..PbF, VS-VSK.236..PbF Series.pdf;None
VS-VSK.166..PbF, VS-VSK.196..PbF, VS-VSK.236..PbF Series;Enlarge;165;100;1600;4000;4200;1.43;-40 to +150;0.2;INT-A-PAK;Two diodes doubler circuit;Isolated;image/diode-modules94357.png;diode-modules\VS-VSK.166..PbF, VS-VSK.196..PbF, VS-VSK.236..PbF Series\VS-VSK.166..PbF, VS-VSK.196..PbF, VS-VSK.236..PbF Series.pdf;None
VS-VSK.166..PbF, VS-VSK.196..PbF, VS-VSK.236..PbF Series;Enlarge;195;100;1200;4750;4980;1.38;-40 to +150;0.16;INT-A-PAK;Two diodes common anode;Isolated;image/diode-modules94357.png;diode-modules\VS-VSK.166..PbF, VS-VSK.196..PbF, VS-VSK.236..PbF Series\VS-VSK.166..PbF, VS-VSK.196..PbF, VS-VSK.236..PbF Series.pdf;None
VS-VSK.166..PbF, VS-VSK.196..PbF, VS-VSK.236..PbF Series;Enlarge;195;100;1400;4750;4980;1.38;-40 to +150;0.16;INT-A-PAK;Two diodes common cathode;Isolated;image/diode-modules94357.png;diode-modules\VS-VSK.166..PbF, VS-VSK.196..PbF, VS-VSK.236..PbF Series\VS-VSK.166..PbF, VS-VSK.196..PbF, VS-VSK.236..PbF Series.pdf;None
VS-VSK.166..PbF, VS-VSK.196..PbF, VS-VSK.236..PbF Series;Enlarge;230;100;800;5500;5765;1.46;-40 to +150;0.14;INT-A-PAK;Single diode;Isolated;image/diode-modules94357.png;diode-modules\VS-VSK.166..PbF, VS-VSK.196..PbF, VS-VSK.236..PbF Series\VS-VSK.166..PbF, VS-VSK.196..PbF, VS-VSK.236..PbF Series.pdf;None
VS-VSK.166..PbF, VS-VSK.196..PbF, VS-VSK.236..PbF Series;Enlarge;230;100;400;5500;5765;1.46;-40 to +150;0.14;INT-A-PAK;Two diodes doubler circuit;Isolated;image/diode-modules94357.png;diode-modules\VS-VSK.166..PbF, VS-VSK.196..PbF, VS-VSK.236..PbF Series\VS-VSK.166..PbF, VS-VSK.196..PbF, VS-VSK.236..PbF Series.pdf;None
VS-VSK.166..PbF, VS-VSK.196..PbF, VS-VSK.236..PbF Series;Enlarge;230;100;1600;5500;5765;1.46;-40 to +150;0.14;INT-A-PAK;Two diodes common cathode;Isolated;image/diode-modules94357.png;diode-modules\VS-VSK.166..PbF, VS-VSK.196..PbF, VS-VSK.236..PbF Series\VS-VSK.166..PbF, VS-VSK.196..PbF, VS-VSK.236..PbF Series.pdf;None
VS-VSK.166..PbF, VS-VSK.196..PbF, VS-VSK.236..PbF Series;Enlarge;230;100;1400;5500;5765;1.46;-40 to +150;0.14;INT-A-PAK;Two diodes common anode;Isolated;image/diode-modules94357.png;diode-modules\VS-VSK.166..PbF, VS-VSK.196..PbF, VS-VSK.236..PbF Series\VS-VSK.166..PbF, VS-VSK.196..PbF, VS-VSK.236..PbF Series.pdf;None
VS-VSK.166..PbF, VS-VSK.196..PbF, VS-VSK.236..PbF Series;Enlarge;165;100;800;4000;4200;1.43;-40 to +150;0.2;INT-A-PAK;Two diodes common cathode;Isolated;image/diode-modules94357.png;diode-modules\VS-VSK.166..PbF, VS-VSK.196..PbF, VS-VSK.236..PbF Series\VS-VSK.166..PbF, VS-VSK.196..PbF, VS-VSK.236..PbF Series.pdf;None
VS-VSK.166..PbF, VS-VSK.196..PbF, VS-VSK.236..PbF Series;Enlarge;165;100;1600;4000;4200;1.43;-40 to +150;0.2;INT-A-PAK;Single diode;Isolated;image/diode-modules94357.png;diode-modules\VS-VSK.166..PbF, VS-VSK.196..PbF, VS-VSK.236..PbF Series\VS-VSK.166..PbF, VS-VSK.196..PbF, VS-VSK.236..PbF Series.pdf;None
VS-VSK.166..PbF, VS-VSK.196..PbF, VS-VSK.236..PbF Series;Enlarge;165;100;1400;4000;4200;1.43;-40 to +150;0.2;INT-A-PAK;Two diodes doubler circuit;Isolated;image/diode-modules94357.png;diode-modules\VS-VSK.166..PbF, VS-VSK.196..PbF, VS-VSK.236..PbF Series\VS-VSK.166..PbF, VS-VSK.196..PbF, VS-VSK.236..PbF Series.pdf;None
VS-VSK.166..PbF, VS-VSK.196..PbF, VS-VSK.236..PbF Series;Enlarge;195;100;800;4750;4980;1.38;-40 to +150;0.16;INT-A-PAK;Two diodes common anode;Isolated;image/diode-modules94357.png;diode-modules\VS-VSK.166..PbF, VS-VSK.196..PbF, VS-VSK.236..PbF Series\VS-VSK.166..PbF, VS-VSK.196..PbF, VS-VSK.236..PbF Series.pdf;None
VS-VSK.166..PbF, VS-VSK.196..PbF, VS-VSK.236..PbF Series;Enlarge;195;100;1200;4750;4980;1.38;-40 to +150;0.16;INT-A-PAK;Two diodes common cathode;Isolated;image/diode-modules94357.png;diode-modules\VS-VSK.166..PbF, VS-VSK.196..PbF, VS-VSK.236..PbF Series\VS-VSK.166..PbF, VS-VSK.196..PbF, VS-VSK.236..PbF Series.pdf;None
VS-VSK.166..PbF, VS-VSK.196..PbF, VS-VSK.236..PbF Series;Enlarge;230;100;400;5500;5765;1.46;-40 to +150;0.14;INT-A-PAK;Single diode;Isolated;image/diode-modules94357.png;diode-modules\VS-VSK.166..PbF, VS-VSK.196..PbF, VS-VSK.236..PbF Series\VS-VSK.166..PbF, VS-VSK.196..PbF, VS-VSK.236..PbF Series.pdf;None
VS-VSK.166..PbF, VS-VSK.196..PbF, VS-VSK.236..PbF Series;Enlarge;195;100;1600;4750;4980;1.38;-40 to +150;0.16;INT-A-PAK;Two diodes doubler circuit;Isolated;image/diode-modules94357.png;diode-modules\VS-VSK.166..PbF, VS-VSK.196..PbF, VS-VSK.236..PbF Series\VS-VSK.166..PbF, VS-VSK.196..PbF, VS-VSK.236..PbF Series.pdf;None
VS-VSK.166..PbF, VS-VSK.196..PbF, VS-VSK.236..PbF Series;Enlarge;230;100;1200;5500;5765;1.46;-40 to +150;0.14;INT-A-PAK;Two diodes common anode;Isolated;image/diode-modules94357.png;diode-modules\VS-VSK.166..PbF, VS-VSK.196..PbF, VS-VSK.236..PbF Series\VS-VSK.166..PbF, VS-VSK.196..PbF, VS-VSK.236..PbF Series.pdf;None
VS-VSK.166..PbF, VS-VSK.196..PbF, VS-VSK.236..PbF Series;Enlarge;230;100;1400;5500;5765;1.46;-40 to +150;0.14;INT-A-PAK;Two diodes common cathode;Isolated;image/diode-modules94357.png;diode-modules\VS-VSK.166..PbF, VS-VSK.196..PbF, VS-VSK.236..PbF Series\VS-VSK.166..PbF, VS-VSK.196..PbF, VS-VSK.236..PbF Series.pdf;None
VS-VSK.166..PbF, VS-VSK.196..PbF, VS-VSK.236..PbF Series;Enlarge;165;100;400;4000;4200;1.43;-40 to +150;0.2;INT-A-PAK;Two diodes common cathode;Isolated;image/diode-modules94357.png;diode-modules\VS-VSK.166..PbF, VS-VSK.196..PbF, VS-VSK.236..PbF Series\VS-VSK.166..PbF, VS-VSK.196..PbF, VS-VSK.236..PbF Series.pdf;None
VS-VSK.166..PbF, VS-VSK.196..PbF, VS-VSK.236..PbF Series;Enlarge;165;100;1400;4000;4200;1.43;-40 to +150;0.2;INT-A-PAK;Single diode;Isolated;image/diode-modules94357.png;diode-modules\VS-VSK.166..PbF, VS-VSK.196..PbF, VS-VSK.236..PbF Series\VS-VSK.166..PbF, VS-VSK.196..PbF, VS-VSK.236..PbF Series.pdf;None
VS-VSK.166..PbF, VS-VSK.196..PbF, VS-VSK.236..PbF Series;Enlarge;165;100;1200;4000;4200;1.43;-40 to +150;0.2;INT-A-PAK;Two diodes doubler circuit;Isolated;image/diode-modules94357.png;diode-modules\VS-VSK.166..PbF, VS-VSK.196..PbF, VS-VSK.236..PbF Series\VS-VSK.166..PbF, VS-VSK.196..PbF, VS-VSK.236..PbF Series.pdf;None
VS-VSK.166..PbF, VS-VSK.196..PbF, VS-VSK.236..PbF Series;Enlarge;195;100;400;4750;4980;1.38;-40 to +150;0.16;INT-A-PAK;Two diodes common anode;Isolated;image/diode-modules94357.png;diode-modules\VS-VSK.166..PbF, VS-VSK.196..PbF, VS-VSK.236..PbF Series\VS-VSK.166..PbF, VS-VSK.196..PbF, VS-VSK.236..PbF Series.pdf;None
VS-VSK.166..PbF, VS-VSK.196..PbF, VS-VSK.236..PbF Series;Enlarge;195;100;800;4750;4980;1.38;-40 to +150;0.16;INT-A-PAK;Two diodes common cathode;Isolated;image/diode-modules94357.png;diode-modules\VS-VSK.166..PbF, VS-VSK.196..PbF, VS-VSK.236..PbF Series\VS-VSK.166..PbF, VS-VSK.196..PbF, VS-VSK.236..PbF Series.pdf;None
VS-VSK.166..PbF, VS-VSK.196..PbF, VS-VSK.236..PbF Series;Enlarge;195;100;1600;4750;4980;1.38;-40 to +150;0.16;INT-A-PAK;Single diode;Isolated;image/diode-modules94357.png;diode-modules\VS-VSK.166..PbF, VS-VSK.196..PbF, VS-VSK.236..PbF Series\VS-VSK.166..PbF, VS-VSK.196..PbF, VS-VSK.236..PbF Series.pdf;None
VS-VSK.166..PbF, VS-VSK.196..PbF, VS-VSK.236..PbF Series;Enlarge;195;100;1400;4750;4980;1.38;-40 to +150;0.16;INT-A-PAK;Two diodes doubler circuit;Isolated;image/diode-modules94357.png;diode-modules\VS-VSK.166..PbF, VS-VSK.196..PbF, VS-VSK.236..PbF Series\VS-VSK.166..PbF, VS-VSK.196..PbF, VS-VSK.236..PbF Series.pdf;None
VS-VSK.166..PbF, VS-VSK.196..PbF, VS-VSK.236..PbF Series;Enlarge;230;100;800;5500;5765;1.46;-40 to +150;0.14;INT-A-PAK;Two diodes common anode;Isolated;image/diode-modules94357.png;diode-modules\VS-VSK.166..PbF, VS-VSK.196..PbF, VS-VSK.236..PbF Series\VS-VSK.166..PbF, VS-VSK.196..PbF, VS-VSK.236..PbF Series.pdf;None
VS-VSK.166..PbF, VS-VSK.196..PbF, VS-VSK.236..PbF Series;Enlarge;230;100;1200;5500;5765;1.46;-40 to +150;0.14;INT-A-PAK;Two diodes common cathode;Isolated;image/diode-modules94357.png;diode-modules\VS-VSK.166..PbF, VS-VSK.196..PbF, VS-VSK.236..PbF Series\VS-VSK.166..PbF, VS-VSK.196..PbF, VS-VSK.236..PbF Series.pdf;None
VS-VSK.166..PbF, VS-VSK.196..PbF, VS-VSK.236..PbF Series;Enlarge;230;100;1600;5500;5765;1.46;-40 to +150;0.14;INT-A-PAK;Two diodes doubler circuit;Isolated;image/diode-modules94357.png;diode-modules\VS-VSK.166..PbF, VS-VSK.196..PbF, VS-VSK.236..PbF Series\VS-VSK.166..PbF, VS-VSK.196..PbF, VS-VSK.236..PbF Series.pdf;None
VS-VSK.250PbF, VS-VSK.270PbF, VS-VSK.320PbF Series;Enlarge;320;100;1600;10110;10580;1.28;-40 to +150;0.125;MAGN-A-PAK;Single diode;Isolated;image/diode-modules93581.png;diode-modules\VS-VSK.250PbF, VS-VSK.270PbF, VS-VSK.320PbF Series\VS-VSK.250PbF, VS-VSK.270PbF, VS-VSK.320PbF Series.pdf;None
VS-VSK.250PbF, VS-VSK.270PbF, VS-VSK.320PbF Series;Enlarge;250;100;3000;7015;7345;1.29;-40 to +150;0.16;MAGN-A-PAK;Two diodes doubler circuit;Isolated;image/diode-modules93581.png;diode-modules\VS-VSK.250PbF, VS-VSK.270PbF, VS-VSK.320PbF Series\VS-VSK.250PbF, VS-VSK.270PbF, VS-VSK.320PbF Series.pdf;None
VS-VSK.250PbF, VS-VSK.270PbF, VS-VSK.320PbF Series;Enlarge;250;100;1200;7015;7345;1.29;-40 to +150;0.16;MAGN-A-PAK;Single diode;Isolated;image/diode-modules93581.png;diode-modules\VS-VSK.250PbF, VS-VSK.270PbF, VS-VSK.320PbF Series\VS-VSK.250PbF, VS-VSK.270PbF, VS-VSK.320PbF Series.pdf;None
VS-VSK.250PbF, VS-VSK.270PbF, VS-VSK.320PbF Series;Enlarge;270;100;400;8920;9430;1.48;-40 to +150;0.125;MAGN-A-PAK;Two diodes common cathode;Isolated;image/diode-modules93581.png;diode-modules\VS-VSK.250PbF, VS-VSK.270PbF, VS-VSK.320PbF Series\VS-VSK.250PbF, VS-VSK.270PbF, VS-VSK.320PbF Series.pdf;None
VS-VSK.250PbF, VS-VSK.270PbF, VS-VSK.320PbF Series;Enlarge;270;100;3000;8920;9430;1.48;-40 to +150;0.125;MAGN-A-PAK;Two diodes doubler circuit;Isolated;image/diode-modules93581.png;diode-modules\VS-VSK.250PbF, VS-VSK.270PbF, VS-VSK.320PbF Series\VS-VSK.250PbF, VS-VSK.270PbF, VS-VSK.320PbF Series.pdf;None
VS-VSK.250PbF, VS-VSK.270PbF, VS-VSK.320PbF Series;Enlarge;270;100;1200;8920;9430;1.48;-40 to +150;0.125;MAGN-A-PAK;Single diode;Isolated;image/diode-modules93581.png;diode-modules\VS-VSK.250PbF, VS-VSK.270PbF, VS-VSK.320PbF Series\VS-VSK.250PbF, VS-VSK.270PbF, VS-VSK.320PbF Series.pdf;None
VS-VSK.250PbF, VS-VSK.270PbF, VS-VSK.320PbF Series;Enlarge;320;100;400;10110;10580;1.28;-40 to +150;0.125;MAGN-A-PAK;Two diodes common cathode;Isolated;image/diode-modules93581.png;diode-modules\VS-VSK.250PbF, VS-VSK.270PbF, VS-VSK.320PbF Series\VS-VSK.250PbF, VS-VSK.270PbF, VS-VSK.320PbF Series.pdf;None
VS-VSK.250PbF, VS-VSK.270PbF, VS-VSK.320PbF Series;Enlarge;320;100;3000;10110;10580;1.28;-40 to +150;0.125;MAGN-A-PAK;Two diodes doubler circuit;Isolated;image/diode-modules93581.png;diode-modules\VS-VSK.250PbF, VS-VSK.270PbF, VS-VSK.320PbF Series\VS-VSK.250PbF, VS-VSK.270PbF, VS-VSK.320PbF Series.pdf;None
VS-VSK.250PbF, VS-VSK.270PbF, VS-VSK.320PbF Series;Enlarge;250;100;400;7015;7345;1.29;-40 to +150;0.16;MAGN-A-PAK;Single diode;Isolated;image/diode-modules93581.png;diode-modules\VS-VSK.250PbF, VS-VSK.270PbF, VS-VSK.320PbF Series\VS-VSK.250PbF, VS-VSK.270PbF, VS-VSK.320PbF Series.pdf;None
VS-VSK.250PbF, VS-VSK.270PbF, VS-VSK.320PbF Series;Enlarge;320;100;1200;10110;10580;1.28;-40 to +150;0.125;MAGN-A-PAK;Single diode;Isolated;image/diode-modules93581.png;diode-modules\VS-VSK.250PbF, VS-VSK.270PbF, VS-VSK.320PbF Series\VS-VSK.250PbF, VS-VSK.270PbF, VS-VSK.320PbF Series.pdf;None
VS-VSK.250PbF, VS-VSK.270PbF, VS-VSK.320PbF Series;Enlarge;250;100;2000;7015;7345;1.29;-40 to +150;0.16;MAGN-A-PAK;Two diodes doubler circuit;Isolated;image/diode-modules93581.png;diode-modules\VS-VSK.250PbF, VS-VSK.270PbF, VS-VSK.320PbF Series\VS-VSK.250PbF, VS-VSK.270PbF, VS-VSK.320PbF Series.pdf;None
VS-VSK.250PbF, VS-VSK.270PbF, VS-VSK.320PbF Series;Enlarge;250;100;800;7015;7345;1.29;-40 to +150;0.16;MAGN-A-PAK;Single diode;Isolated;image/diode-modules93581.png;diode-modules\VS-VSK.250PbF, VS-VSK.270PbF, VS-VSK.320PbF Series\VS-VSK.250PbF, VS-VSK.270PbF, VS-VSK.320PbF Series.pdf;None
VS-VSK.250PbF, VS-VSK.270PbF, VS-VSK.320PbF Series;Enlarge;250;100;3000;7015;7345;1.29;-40 to +150;0.16;MAGN-A-PAK;Two diodes common cathode;Isolated;image/diode-modules93581.png;diode-modules\VS-VSK.250PbF, VS-VSK.270PbF, VS-VSK.320PbF Series\VS-VSK.250PbF, VS-VSK.270PbF, VS-VSK.320PbF Series.pdf;None
VS-VSK.250PbF, VS-VSK.270PbF, VS-VSK.320PbF Series;Enlarge;270;100;2000;8920;9430;1.48;-40 to +150;0.125;MAGN-A-PAK;Two diodes doubler circuit;Isolated;image/diode-modules93581.png;diode-modules\VS-VSK.250PbF, VS-VSK.270PbF, VS-VSK.320PbF Series\VS-VSK.250PbF, VS-VSK.270PbF, VS-VSK.320PbF Series.pdf;None
VS-VSK.250PbF, VS-VSK.270PbF, VS-VSK.320PbF Series;Enlarge;270;100;800;8920;9430;1.48;-40 to +150;0.125;MAGN-A-PAK;Single diode;Isolated;image/diode-modules93581.png;diode-modules\VS-VSK.250PbF, VS-VSK.270PbF, VS-VSK.320PbF Series\VS-VSK.250PbF, VS-VSK.270PbF, VS-VSK.320PbF Series.pdf;None
VS-VSK.250PbF, VS-VSK.270PbF, VS-VSK.320PbF Series;Enlarge;270;100;3000;8920;9430;1.48;-40 to +150;0.125;MAGN-A-PAK;Two diodes common cathode;Isolated;image/diode-modules93581.png;diode-modules\VS-VSK.250PbF, VS-VSK.270PbF, VS-VSK.320PbF Series\VS-VSK.250PbF, VS-VSK.270PbF, VS-VSK.320PbF Series.pdf;None
VS-VSK.250PbF, VS-VSK.270PbF, VS-VSK.320PbF Series;Enlarge;320;100;2000;10110;10580;1.28;-40 to +150;0.125;MAGN-A-PAK;Two diodes doubler circuit;Isolated;image/diode-modules93581.png;diode-modules\VS-VSK.250PbF, VS-VSK.270PbF, VS-VSK.320PbF Series\VS-VSK.250PbF, VS-VSK.270PbF, VS-VSK.320PbF Series.pdf;None
VS-VSK.250PbF, VS-VSK.270PbF, VS-VSK.320PbF Series;Enlarge;320;100;3000;10110;10580;1.28;-40 to +150;0.125;MAGN-A-PAK;Two diodes common cathode;Isolated;image/diode-modules93581.png;diode-modules\VS-VSK.250PbF, VS-VSK.270PbF, VS-VSK.320PbF Series\VS-VSK.250PbF, VS-VSK.270PbF, VS-VSK.320PbF Series.pdf;None
VS-VSK.250PbF, VS-VSK.270PbF, VS-VSK.320PbF Series;Enlarge;320;100;800;10110;10580;1.28;-40 to +150;0.125;MAGN-A-PAK;Single diode;Isolated;image/diode-modules93581.png;diode-modules\VS-VSK.250PbF, VS-VSK.270PbF, VS-VSK.320PbF Series\VS-VSK.250PbF, VS-VSK.270PbF, VS-VSK.320PbF Series.pdf;None
VS-VSK.250PbF, VS-VSK.270PbF, VS-VSK.320PbF Series;Enlarge;250;100;1600;7015;7345;1.29;-40 to +150;0.16;MAGN-A-PAK;Two diodes doubler circuit;Isolated;image/diode-modules93581.png;diode-modules\VS-VSK.250PbF, VS-VSK.270PbF, VS-VSK.320PbF Series\VS-VSK.250PbF, VS-VSK.270PbF, VS-VSK.320PbF Series.pdf;None
VS-VSK.250PbF, VS-VSK.270PbF, VS-VSK.320PbF Series;Enlarge;250;100;2000;7015;7345;1.29;-40 to +150;0.16;MAGN-A-PAK;Two diodes common cathode;Isolated;image/diode-modules93581.png;diode-modules\VS-VSK.250PbF, VS-VSK.270PbF, VS-VSK.320PbF Series\VS-VSK.250PbF, VS-VSK.270PbF, VS-VSK.320PbF Series.pdf;None
VS-VSK.250PbF, VS-VSK.270PbF, VS-VSK.320PbF Series;Enlarge;270;100;1600;8920;9430;1.48;-40 to +150;0.125;MAGN-A-PAK;Two diodes doubler circuit;Isolated;image/diode-modules93581.png;diode-modules\VS-VSK.250PbF, VS-VSK.270PbF, VS-VSK.320PbF Series\VS-VSK.250PbF, VS-VSK.270PbF, VS-VSK.320PbF Series.pdf;None
VS-VSK.250PbF, VS-VSK.270PbF, VS-VSK.320PbF Series;Enlarge;270;100;400;8920;9430;1.48;-40 to +150;0.125;MAGN-A-PAK;Single diode;Isolated;image/diode-modules93581.png;diode-modules\VS-VSK.250PbF, VS-VSK.270PbF, VS-VSK.320PbF Series\VS-VSK.250PbF, VS-VSK.270PbF, VS-VSK.320PbF Series.pdf;None
VS-VSK.250PbF, VS-VSK.270PbF, VS-VSK.320PbF Series;Enlarge;270;100;2000;8920;9430;1.48;-40 to +150;0.125;MAGN-A-PAK;Two diodes common cathode;Isolated;image/diode-modules93581.png;diode-modules\VS-VSK.250PbF, VS-VSK.270PbF, VS-VSK.320PbF Series\VS-VSK.250PbF, VS-VSK.270PbF, VS-VSK.320PbF Series.pdf;None
VS-VSK.250PbF, VS-VSK.270PbF, VS-VSK.320PbF Series;Enlarge;320;100;1600;10110;10580;1.28;-40 to +150;0.125;MAGN-A-PAK;Two diodes doubler circuit;Isolated;image/diode-modules93581.png;diode-modules\VS-VSK.250PbF, VS-VSK.270PbF, VS-VSK.320PbF Series\VS-VSK.250PbF, VS-VSK.270PbF, VS-VSK.320PbF Series.pdf;None
VS-VSK.250PbF, VS-VSK.270PbF, VS-VSK.320PbF Series;Enlarge;320;100;400;10110;10580;1.28;-40 to +150;0.125;MAGN-A-PAK;Single diode;Isolated;image/diode-modules93581.png;diode-modules\VS-VSK.250PbF, VS-VSK.270PbF, VS-VSK.320PbF Series\VS-VSK.250PbF, VS-VSK.270PbF, VS-VSK.320PbF Series.pdf;None
VS-VSK.250PbF, VS-VSK.270PbF, VS-VSK.320PbF Series;Enlarge;250;100;1200;7015;7345;1.29;-40 to +150;0.16;MAGN-A-PAK;Two diodes doubler circuit;Isolated;image/diode-modules93581.png;diode-modules\VS-VSK.250PbF, VS-VSK.270PbF, VS-VSK.320PbF Series\VS-VSK.250PbF, VS-VSK.270PbF, VS-VSK.320PbF Series.pdf;None
VS-VSK.250PbF, VS-VSK.270PbF, VS-VSK.320PbF Series;Enlarge;320;100;2000;10110;10580;1.28;-40 to +150;0.125;MAGN-A-PAK;Two diodes common cathode;Isolated;image/diode-modules93581.png;diode-modules\VS-VSK.250PbF, VS-VSK.270PbF, VS-VSK.320PbF Series\VS-VSK.250PbF, VS-VSK.270PbF, VS-VSK.320PbF Series.pdf;None
VS-VSK.250PbF, VS-VSK.270PbF, VS-VSK.320PbF Series;Enlarge;250;100;1600;7015;7345;1.29;-40 to +150;0.16;MAGN-A-PAK;Two diodes common cathode;Isolated;image/diode-modules93581.png;diode-modules\VS-VSK.250PbF, VS-VSK.270PbF, VS-VSK.320PbF Series\VS-VSK.250PbF, VS-VSK.270PbF, VS-VSK.320PbF Series.pdf;None
VS-VSK.250PbF, VS-VSK.270PbF, VS-VSK.320PbF Series;Enlarge;270;100;1200;8920;9430;1.48;-40 to +150;0.125;MAGN-A-PAK;Two diodes doubler circuit;Isolated;image/diode-modules93581.png;diode-modules\VS-VSK.250PbF, VS-VSK.270PbF, VS-VSK.320PbF Series\VS-VSK.250PbF, VS-VSK.270PbF, VS-VSK.320PbF Series.pdf;None
VS-VSK.250PbF, VS-VSK.270PbF, VS-VSK.320PbF Series;Enlarge;250;100;3000;7015;7345;1.29;-40 to +150;0.16;MAGN-A-PAK;Single diode;Isolated;image/diode-modules93581.png;diode-modules\VS-VSK.250PbF, VS-VSK.270PbF, VS-VSK.320PbF Series\VS-VSK.250PbF, VS-VSK.270PbF, VS-VSK.320PbF Series.pdf;None
VS-VSK.250PbF, VS-VSK.270PbF, VS-VSK.320PbF Series;Enlarge;270;100;1600;8920;9430;1.48;-40 to +150;0.125;MAGN-A-PAK;Two diodes common cathode;Isolated;image/diode-modules93581.png;diode-modules\VS-VSK.250PbF, VS-VSK.270PbF, VS-VSK.320PbF Series\VS-VSK.250PbF, VS-VSK.270PbF, VS-VSK.320PbF Series.pdf;None
VS-VSK.250PbF, VS-VSK.270PbF, VS-VSK.320PbF Series;Enlarge;320;100;1200;10110;10580;1.28;-40 to +150;0.125;MAGN-A-PAK;Two diodes doubler circuit;Isolated;image/diode-modules93581.png;diode-modules\VS-VSK.250PbF, VS-VSK.270PbF, VS-VSK.320PbF Series\VS-VSK.250PbF, VS-VSK.270PbF, VS-VSK.320PbF Series.pdf;None
VS-VSK.250PbF, VS-VSK.270PbF, VS-VSK.320PbF Series;Enlarge;270;100;3000;8920;9430;1.48;-40 to +150;0.125;MAGN-A-PAK;Single diode;Isolated;image/diode-modules93581.png;diode-modules\VS-VSK.250PbF, VS-VSK.270PbF, VS-VSK.320PbF Series\VS-VSK.250PbF, VS-VSK.270PbF, VS-VSK.320PbF Series.pdf;None
VS-VSK.250PbF, VS-VSK.270PbF, VS-VSK.320PbF Series;Enlarge;250;100;800;7015;7345;1.29;-40 to +150;0.16;MAGN-A-PAK;Two diodes doubler circuit;Isolated;image/diode-modules93581.png;diode-modules\VS-VSK.250PbF, VS-VSK.270PbF, VS-VSK.320PbF Series\VS-VSK.250PbF, VS-VSK.270PbF, VS-VSK.320PbF Series.pdf;None
VS-VSK.250PbF, VS-VSK.270PbF, VS-VSK.320PbF Series;Enlarge;320;100;1600;10110;10580;1.28;-40 to +150;0.125;MAGN-A-PAK;Two diodes common cathode;Isolated;image/diode-modules93581.png;diode-modules\VS-VSK.250PbF, VS-VSK.270PbF, VS-VSK.320PbF Series\VS-VSK.250PbF, VS-VSK.270PbF, VS-VSK.320PbF Series.pdf;None
VS-VSK.250PbF, VS-VSK.270PbF, VS-VSK.320PbF Series;Enlarge;250;100;1200;7015;7345;1.29;-40 to +150;0.16;MAGN-A-PAK;Two diodes common cathode;Isolated;image/diode-modules93581.png;diode-modules\VS-VSK.250PbF, VS-VSK.270PbF, VS-VSK.320PbF Series\VS-VSK.250PbF, VS-VSK.270PbF, VS-VSK.320PbF Series.pdf;None
VS-VSK.250PbF, VS-VSK.270PbF, VS-VSK.320PbF Series;Enlarge;320;100;3000;10110;10580;1.28;-40 to +150;0.125;MAGN-A-PAK;Single diode;Isolated;image/diode-modules93581.png;diode-modules\VS-VSK.250PbF, VS-VSK.270PbF, VS-VSK.320PbF Series\VS-VSK.250PbF, VS-VSK.270PbF, VS-VSK.320PbF Series.pdf;None
VS-VSK.250PbF, VS-VSK.270PbF, VS-VSK.320PbF Series;Enlarge;270;100;800;8920;9430;1.48;-40 to +150;0.125;MAGN-A-PAK;Two diodes doubler circuit;Isolated;image/diode-modules93581.png;diode-modules\VS-VSK.250PbF, VS-VSK.270PbF, VS-VSK.320PbF Series\VS-VSK.250PbF, VS-VSK.270PbF, VS-VSK.320PbF Series.pdf;None
VS-VSK.250PbF, VS-VSK.270PbF, VS-VSK.320PbF Series;Enlarge;250;100;2000;7015;7345;1.29;-40 to +150;0.16;MAGN-A-PAK;Single diode;Isolated;image/diode-modules93581.png;diode-modules\VS-VSK.250PbF, VS-VSK.270PbF, VS-VSK.320PbF Series\VS-VSK.250PbF, VS-VSK.270PbF, VS-VSK.320PbF Series.pdf;None
VS-VSK.250PbF, VS-VSK.270PbF, VS-VSK.320PbF Series;Enlarge;270;100;1200;8920;9430;1.48;-40 to +150;0.125;MAGN-A-PAK;Two diodes common cathode;Isolated;image/diode-modules93581.png;diode-modules\VS-VSK.250PbF, VS-VSK.270PbF, VS-VSK.320PbF Series\VS-VSK.250PbF, VS-VSK.270PbF, VS-VSK.320PbF Series.pdf;None
VS-VSK.250PbF, VS-VSK.270PbF, VS-VSK.320PbF Series;Enlarge;320;100;800;10110;10580;1.28;-40 to +150;0.125;MAGN-A-PAK;Two diodes doubler circuit;Isolated;image/diode-modules93581.png;diode-modules\VS-VSK.250PbF, VS-VSK.270PbF, VS-VSK.320PbF Series\VS-VSK.250PbF, VS-VSK.270PbF, VS-VSK.320PbF Series.pdf;None
VS-VSK.250PbF, VS-VSK.270PbF, VS-VSK.320PbF Series;Enlarge;270;100;2000;8920;9430;1.48;-40 to +150;0.125;MAGN-A-PAK;Single diode;Isolated;image/diode-modules93581.png;diode-modules\VS-VSK.250PbF, VS-VSK.270PbF, VS-VSK.320PbF Series\VS-VSK.250PbF, VS-VSK.270PbF, VS-VSK.320PbF Series.pdf;None
VS-VSK.250PbF, VS-VSK.270PbF, VS-VSK.320PbF Series;Enlarge;250;100;400;7015;7345;1.29;-40 to +150;0.16;MAGN-A-PAK;Two diodes doubler circuit;Isolated;image/diode-modules93581.png;diode-modules\VS-VSK.250PbF, VS-VSK.270PbF, VS-VSK.320PbF Series\VS-VSK.250PbF, VS-VSK.270PbF, VS-VSK.320PbF Series.pdf;None
VS-VSK.250PbF, VS-VSK.270PbF, VS-VSK.320PbF Series;Enlarge;320;100;1200;10110;10580;1.28;-40 to +150;0.125;MAGN-A-PAK;Two diodes common cathode;Isolated;image/diode-modules93581.png;diode-modules\VS-VSK.250PbF, VS-VSK.270PbF, VS-VSK.320PbF Series\VS-VSK.250PbF, VS-VSK.270PbF, VS-VSK.320PbF Series.pdf;None
VS-VSK.250PbF, VS-VSK.270PbF, VS-VSK.320PbF Series;Enlarge;250;100;800;7015;7345;1.29;-40 to +150;0.16;MAGN-A-PAK;Two diodes common cathode;Isolated;image/diode-modules93581.png;diode-modules\VS-VSK.250PbF, VS-VSK.270PbF, VS-VSK.320PbF Series\VS-VSK.250PbF, VS-VSK.270PbF, VS-VSK.320PbF Series.pdf;None
VS-VSK.250PbF, VS-VSK.270PbF, VS-VSK.320PbF Series;Enlarge;320;100;2000;10110;10580;1.28;-40 to +150;0.125;MAGN-A-PAK;Single diode;Isolated;image/diode-modules93581.png;diode-modules\VS-VSK.250PbF, VS-VSK.270PbF, VS-VSK.320PbF Series\VS-VSK.250PbF, VS-VSK.270PbF, VS-VSK.320PbF Series.pdf;None
VS-VSK.250PbF, VS-VSK.270PbF, VS-VSK.320PbF Series;Enlarge;270;100;400;8920;9430;1.48;-40 to +150;0.125;MAGN-A-PAK;Two diodes doubler circuit;Isolated;image/diode-modules93581.png;diode-modules\VS-VSK.250PbF, VS-VSK.270PbF, VS-VSK.320PbF Series\VS-VSK.250PbF, VS-VSK.270PbF, VS-VSK.320PbF Series.pdf;None
VS-VSK.250PbF, VS-VSK.270PbF, VS-VSK.320PbF Series;Enlarge;250;100;1600;7015;7345;1.29;-40 to +150;0.16;MAGN-A-PAK;Single diode;Isolated;image/diode-modules93581.png;diode-modules\VS-VSK.250PbF, VS-VSK.270PbF, VS-VSK.320PbF Series\VS-VSK.250PbF, VS-VSK.270PbF, VS-VSK.320PbF Series.pdf;None
VS-VSK.250PbF, VS-VSK.270PbF, VS-VSK.320PbF Series;Enlarge;270;100;800;8920;9430;1.48;-40 to +150;0.125;MAGN-A-PAK;Two diodes common cathode;Isolated;image/diode-modules93581.png;diode-modules\VS-VSK.250PbF, VS-VSK.270PbF, VS-VSK.320PbF Series\VS-VSK.250PbF, VS-VSK.270PbF, VS-VSK.320PbF Series.pdf;None
VS-VSK.250PbF, VS-VSK.270PbF, VS-VSK.320PbF Series;Enlarge;320;100;400;10110;10580;1.28;-40 to +150;0.125;MAGN-A-PAK;Two diodes doubler circuit;Isolated;image/diode-modules93581.png;diode-modules\VS-VSK.250PbF, VS-VSK.270PbF, VS-VSK.320PbF Series\VS-VSK.250PbF, VS-VSK.270PbF, VS-VSK.320PbF Series.pdf;None
VS-VSK.250PbF, VS-VSK.270PbF, VS-VSK.320PbF Series;Enlarge;270;100;1600;8920;9430;1.48;-40 to +150;0.125;MAGN-A-PAK;Single diode;Isolated;image/diode-modules93581.png;diode-modules\VS-VSK.250PbF, VS-VSK.270PbF, VS-VSK.320PbF Series\VS-VSK.250PbF, VS-VSK.270PbF, VS-VSK.320PbF Series.pdf;None
VS-VSK.250PbF, VS-VSK.270PbF, VS-VSK.320PbF Series;Enlarge;320;100;800;10110;10580;1.28;-40 to +150;0.125;MAGN-A-PAK;Two diodes common cathode;Isolated;image/diode-modules93581.png;diode-modules\VS-VSK.250PbF, VS-VSK.270PbF, VS-VSK.320PbF Series\VS-VSK.250PbF, VS-VSK.270PbF, VS-VSK.320PbF Series.pdf;None
VS-VSK.250PbF, VS-VSK.270PbF, VS-VSK.320PbF Series;Enlarge;250;100;400;7015;7345;1.29;-40 to +150;0.16;MAGN-A-PAK;Two diodes common cathode;Isolated;image/diode-modules93581.png;diode-modules\VS-VSK.250PbF, VS-VSK.270PbF, VS-VSK.320PbF Series\VS-VSK.250PbF, VS-VSK.270PbF, VS-VSK.320PbF Series.pdf;None
VS-VSKD56.., VS-VSKE56.., VS-VSKJ56.., VS-VSKC56.. Series;Enlarge;60;114;1200;1300;1360;1.6;-40 to +150;0.33;AAP Gen 7 (TO-240AA);Two diodes common cathode;Isolated;image/diode-modules94625.png;diode-modules\VS-VSKD56.., VS-VSKE56.., VS-VSKJ56.., VS-VSKC56.. Series\VS-VSKD56.., VS-VSKE56.., VS-VSKJ56.., VS-VSKC56.. Series.pdf;None
VS-VSKD56.., VS-VSKE56.., VS-VSKJ56.., VS-VSKC56.. Series;Enlarge;60;114;800;1300;1360;1.6;-40 to +150;0.33;AAP Gen 7 (TO-240AA);Two diodes common anode;Isolated;image/diode-modules94625.png;diode-modules\VS-VSKD56.., VS-VSKE56.., VS-VSKJ56.., VS-VSKC56.. Series\VS-VSKD56.., VS-VSKE56.., VS-VSKJ56.., VS-VSKC56.. Series.pdf;None
VS-VSKD56.., VS-VSKE56.., VS-VSKJ56.., VS-VSKC56.. Series;Enlarge;60;114;1200;1300;1360;1.6;-40 to +150;0.33;AAP Gen 7 (TO-240AA);Two diodes doubler circuit;Isolated;image/diode-modules94625.png;diode-modules\VS-VSKD56.., VS-VSKE56.., VS-VSKJ56.., VS-VSKC56.. Series\VS-VSKD56.., VS-VSKE56.., VS-VSKJ56.., VS-VSKC56.. Series.pdf;None
VS-VSKD56.., VS-VSKE56.., VS-VSKJ56.., VS-VSKC56.. Series;Enlarge;60;114;600;1300;1360;1.6;-40 to +150;0.33;AAP Gen 7 (TO-240AA);Single diode;Isolated;image/diode-modules94625.png;diode-modules\VS-VSKD56.., VS-VSKE56.., VS-VSKJ56.., VS-VSKC56.. Series\VS-VSKD56.., VS-VSKE56.., VS-VSKJ56.., VS-VSKC56.. Series.pdf;None
VS-VSKD56.., VS-VSKE56.., VS-VSKJ56.., VS-VSKC56.. Series;Enlarge;60;114;1000;1300;1360;1.6;-40 to +150;0.33;AAP Gen 7 (TO-240AA);Two diodes common cathode;Isolated;image/diode-modules94625.png;diode-modules\VS-VSKD56.., VS-VSKE56.., VS-VSKJ56.., VS-VSKC56.. Series\VS-VSKD56.., VS-VSKE56.., VS-VSKJ56.., VS-VSKC56.. Series.pdf;None
VS-VSKD56.., VS-VSKE56.., VS-VSKJ56.., VS-VSKC56.. Series;Enlarge;60;114;600;1300;1360;1.6;-40 to +150;0.33;AAP Gen 7 (TO-240AA);Two diodes common anode;Isolated;image/diode-modules94625.png;diode-modules\VS-VSKD56.., VS-VSKE56.., VS-VSKJ56.., VS-VSKC56.. Series\VS-VSKD56.., VS-VSKE56.., VS-VSKJ56.., VS-VSKC56.. Series.pdf;None
VS-VSKD56.., VS-VSKE56.., VS-VSKJ56.., VS-VSKC56.. Series;Enlarge;60;114;1000;1300;1360;1.6;-40 to +150;0.33;AAP Gen 7 (TO-240AA);Two diodes doubler circuit;Isolated;image/diode-modules94625.png;diode-modules\VS-VSKD56.., VS-VSKE56.., VS-VSKJ56.., VS-VSKC56.. Series\VS-VSKD56.., VS-VSKE56.., VS-VSKJ56.., VS-VSKC56.. Series.pdf;None
VS-VSKD56.., VS-VSKE56.., VS-VSKJ56.., VS-VSKC56.. Series;Enlarge;60;114;400;1300;1360;1.6;-40 to +150;0.33;AAP Gen 7 (TO-240AA);Single diode;Isolated;image/diode-modules94625.png;diode-modules\VS-VSKD56.., VS-VSKE56.., VS-VSKJ56.., VS-VSKC56.. Series\VS-VSKD56.., VS-VSKE56.., VS-VSKJ56.., VS-VSKC56.. Series.pdf;None
VS-VSKD56.., VS-VSKE56.., VS-VSKJ56.., VS-VSKC56.. Series;Enlarge;60;114;800;1300;1360;1.6;-40 to +150;0.33;AAP Gen 7 (TO-240AA);Two diodes common cathode;Isolated;image/diode-modules94625.png;diode-modules\VS-VSKD56.., VS-VSKE56.., VS-VSKJ56.., VS-VSKC56.. Series\VS-VSKD56.., VS-VSKE56.., VS-VSKJ56.., VS-VSKC56.. Series.pdf;None
VS-VSKD56.., VS-VSKE56.., VS-VSKJ56.., VS-VSKC56.. Series;Enlarge;60;114;1600;1300;1360;1.6;-40 to +150;0.33;AAP Gen 7 (TO-240AA);Single diode;Isolated;image/diode-modules94625.png;diode-modules\VS-VSKD56.., VS-VSKE56.., VS-VSKJ56.., VS-VSKC56.. Series\VS-VSKD56.., VS-VSKE56.., VS-VSKJ56.., VS-VSKC56.. Series.pdf;None
VS-VSKD56.., VS-VSKE56.., VS-VSKJ56.., VS-VSKC56.. Series;Enlarge;60;114;800;1300;1360;1.6;-40 to +150;0.33;AAP Gen 7 (TO-240AA);Two diodes doubler circuit;Isolated;image/diode-modules94625.png;diode-modules\VS-VSKD56.., VS-VSKE56.., VS-VSKJ56.., VS-VSKC56.. Series\VS-VSKD56.., VS-VSKE56.., VS-VSKJ56.., VS-VSKC56.. Series.pdf;None
VS-VSKD56.., VS-VSKE56.., VS-VSKJ56.., VS-VSKC56.. Series;Enlarge;60;114;1600;1300;1360;1.6;-40 to +150;0.33;AAP Gen 7 (TO-240AA);Two diodes common anode;Isolated;image/diode-modules94625.png;diode-modules\VS-VSKD56.., VS-VSKE56.., VS-VSKJ56.., VS-VSKC56.. Series\VS-VSKD56.., VS-VSKE56.., VS-VSKJ56.., VS-VSKC56.. Series.pdf;None
VS-VSKD56.., VS-VSKE56.., VS-VSKJ56.., VS-VSKC56.. Series;Enlarge;60;114;600;1300;1360;1.6;-40 to +150;0.33;AAP Gen 7 (TO-240AA);Two diodes common cathode;Isolated;image/diode-modules94625.png;diode-modules\VS-VSKD56.., VS-VSKE56.., VS-VSKJ56.., VS-VSKC56.. Series\VS-VSKD56.., VS-VSKE56.., VS-VSKJ56.., VS-VSKC56.. Series.pdf;None
VS-VSKD56.., VS-VSKE56.., VS-VSKJ56.., VS-VSKC56.. Series;Enlarge;60;114;1400;1300;1360;1.6;-40 to +150;0.33;AAP Gen 7 (TO-240AA);Single diode;Isolated;image/diode-modules94625.png;diode-modules\VS-VSKD56.., VS-VSKE56.., VS-VSKJ56.., VS-VSKC56.. Series\VS-VSKD56.., VS-VSKE56.., VS-VSKJ56.., VS-VSKC56.. Series.pdf;None
VS-VSKD56.., VS-VSKE56.., VS-VSKJ56.., VS-VSKC56.. Series;Enlarge;60;114;400;1300;1360;1.6;-40 to +150;0.33;AAP Gen 7 (TO-240AA);Two diodes common anode;Isolated;image/diode-modules94625.png;diode-modules\VS-VSKD56.., VS-VSKE56.., VS-VSKJ56.., VS-VSKC56.. Series\VS-VSKD56.., VS-VSKE56.., VS-VSKJ56.., VS-VSKC56.. Series.pdf;None
VS-VSKD56.., VS-VSKE56.., VS-VSKJ56.., VS-VSKC56.. Series;Enlarge;60;114;600;1300;1360;1.6;-40 to +150;0.33;AAP Gen 7 (TO-240AA);Two diodes doubler circuit;Isolated;image/diode-modules94625.png;diode-modules\VS-VSKD56.., VS-VSKE56.., VS-VSKJ56.., VS-VSKC56.. Series\VS-VSKD56.., VS-VSKE56.., VS-VSKJ56.., VS-VSKC56.. Series.pdf;None
VS-VSKD56.., VS-VSKE56.., VS-VSKJ56.., VS-VSKC56.. Series;Enlarge;60;114;1400;1300;1360;1.6;-40 to +150;0.33;AAP Gen 7 (TO-240AA);Two diodes common anode;Isolated;image/diode-modules94625.png;diode-modules\VS-VSKD56.., VS-VSKE56.., VS-VSKJ56.., VS-VSKC56.. Series\VS-VSKD56.., VS-VSKE56.., VS-VSKJ56.., VS-VSKC56.. Series.pdf;None
VS-VSKD56.., VS-VSKE56.., VS-VSKJ56.., VS-VSKC56.. Series;Enlarge;60;114;400;1300;1360;1.6;-40 to +150;0.33;AAP Gen 7 (TO-240AA);Two diodes common cathode;Isolated;image/diode-modules94625.png;diode-modules\VS-VSKD56.., VS-VSKE56.., VS-VSKJ56.., VS-VSKC56.. Series\VS-VSKD56.., VS-VSKE56.., VS-VSKJ56.., VS-VSKC56.. Series.pdf;None
VS-VSKD56.., VS-VSKE56.., VS-VSKJ56.., VS-VSKC56.. Series;Enlarge;60;114;1200;1300;1360;1.6;-40 to +150;0.33;AAP Gen 7 (TO-240AA);Single diode;Isolated;image/diode-modules94625.png;diode-modules\VS-VSKD56.., VS-VSKE56.., VS-VSKJ56.., VS-VSKC56.. Series\VS-VSKD56.., VS-VSKE56.., VS-VSKJ56.., VS-VSKC56.. Series.pdf;None
VS-VSKD56.., VS-VSKE56.., VS-VSKJ56.., VS-VSKC56.. Series;Enlarge;60;114;1600;1300;1360;1.6;-40 to +150;0.33;AAP Gen 7 (TO-240AA);Two diodes common cathode;Isolated;image/diode-modules94625.png;diode-modules\VS-VSKD56.., VS-VSKE56.., VS-VSKJ56.., VS-VSKC56.. Series\VS-VSKD56.., VS-VSKE56.., VS-VSKJ56.., VS-VSKC56.. Series.pdf;None
VS-VSKD56.., VS-VSKE56.., VS-VSKJ56.., VS-VSKC56.. Series;Enlarge;60;114;400;1300;1360;1.6;-40 to +150;0.33;AAP Gen 7 (TO-240AA);Two diodes doubler circuit;Isolated;image/diode-modules94625.png;diode-modules\VS-VSKD56.., VS-VSKE56.., VS-VSKJ56.., VS-VSKC56.. Series\VS-VSKD56.., VS-VSKE56.., VS-VSKJ56.., VS-VSKC56.. Series.pdf;None
VS-VSKD56.., VS-VSKE56.., VS-VSKJ56.., VS-VSKC56.. Series;Enlarge;60;114;1200;1300;1360;1.6;-40 to +150;0.33;AAP Gen 7 (TO-240AA);Two diodes common anode;Isolated;image/diode-modules94625.png;diode-modules\VS-VSKD56.., VS-VSKE56.., VS-VSKJ56.., VS-VSKC56.. Series\VS-VSKD56.., VS-VSKE56.., VS-VSKJ56.., VS-VSKC56.. Series.pdf;None
VS-VSKD56.., VS-VSKE56.., VS-VSKJ56.., VS-VSKC56.. Series;Enlarge;60;114;1600;1300;1360;1.6;-40 to +150;0.33;AAP Gen 7 (TO-240AA);Two diodes doubler circuit;Isolated;image/diode-modules94625.png;diode-modules\VS-VSKD56.., VS-VSKE56.., VS-VSKJ56.., VS-VSKC56.. Series\VS-VSKD56.., VS-VSKE56.., VS-VSKJ56.., VS-VSKC56.. Series.pdf;None
VS-VSKD56.., VS-VSKE56.., VS-VSKJ56.., VS-VSKC56.. Series;Enlarge;60;114;1000;1300;1360;1.6;-40 to +150;0.33;AAP Gen 7 (TO-240AA);Single diode;Isolated;image/diode-modules94625.png;diode-modules\VS-VSKD56.., VS-VSKE56.., VS-VSKJ56.., VS-VSKC56.. Series\VS-VSKD56.., VS-VSKE56.., VS-VSKJ56.., VS-VSKC56.. Series.pdf;None
VS-VSKD56.., VS-VSKE56.., VS-VSKJ56.., VS-VSKC56.. Series;Enlarge;60;114;1400;1300;1360;1.6;-40 to +150;0.33;AAP Gen 7 (TO-240AA);Two diodes common cathode;Isolated;image/diode-modules94625.png;diode-modules\VS-VSKD56.., VS-VSKE56.., VS-VSKJ56.., VS-VSKC56.. Series\VS-VSKD56.., VS-VSKE56.., VS-VSKJ56.., VS-VSKC56.. Series.pdf;None
VS-VSKD56.., VS-VSKE56.., VS-VSKJ56.., VS-VSKC56.. Series;Enlarge;60;114;1000;1300;1360;1.6;-40 to +150;0.33;AAP Gen 7 (TO-240AA);Two diodes common anode;Isolated;image/diode-modules94625.png;diode-modules\VS-VSKD56.., VS-VSKE56.., VS-VSKJ56.., VS-VSKC56.. Series\VS-VSKD56.., VS-VSKE56.., VS-VSKJ56.., VS-VSKC56.. Series.pdf;None
VS-VSKD56.., VS-VSKE56.., VS-VSKJ56.., VS-VSKC56.. Series;Enlarge;60;114;1400;1300;1360;1.6;-40 to +150;0.33;AAP Gen 7 (TO-240AA);Two diodes doubler circuit;Isolated;image/diode-modules94625.png;diode-modules\VS-VSKD56.., VS-VSKE56.., VS-VSKJ56.., VS-VSKC56.. Series\VS-VSKD56.., VS-VSKE56.., VS-VSKJ56.., VS-VSKC56.. Series.pdf;None
VS-VSKD56.., VS-VSKE56.., VS-VSKJ56.., VS-VSKC56.. Series;Enlarge;60;114;800;1300;1360;1.6;-40 to +150;0.33;AAP Gen 7 (TO-240AA);Single diode;Isolated;image/diode-modules94625.png;diode-modules\VS-VSKD56.., VS-VSKE56.., VS-VSKJ56.., VS-VSKC56.. Series\VS-VSKD56.., VS-VSKE56.., VS-VSKJ56.., VS-VSKC56.. Series.pdf;None
VS-VSKD600..PbF Series;Enlarge;600;100;800;19000;20100;1.45 at 1800;-40 to +150;0.065;Super MAGN-A-PAK;Two diodes doubler circuit;Isolated;image/diode-modules93583.png;diode-modules\VS-VSKD600..PbF Series\VS-VSKD600..PbF Series.pdf;None
VS-VSKD600..PbF Series;Enlarge;600;100;2000;19000;20100;1.45 at 1800;-40 to +150;0.065;Super MAGN-A-PAK;Two diodes doubler circuit;Isolated;image/diode-modules93583.png;diode-modules\VS-VSKD600..PbF Series\VS-VSKD600..PbF Series.pdf;None
VS-VSKD600..PbF Series;Enlarge;600;100;1600;19000;20100;1.45 at 1800;-40 to +150;0.065;Super MAGN-A-PAK;Two diodes doubler circuit;Isolated;image/diode-modules93583.png;diode-modules\VS-VSKD600..PbF Series\VS-VSKD600..PbF Series.pdf;None
VS-VSKD600..PbF Series;Enlarge;600;100;1200;19000;20100;1.45 at 1800;-40 to +150;0.065;Super MAGN-A-PAK;Two diodes doubler circuit;Isolated;image/diode-modules93583.png;diode-modules\VS-VSKD600..PbF Series\VS-VSKD600..PbF Series.pdf;None
VS-VSKD71.., VS-VSKE71.., VS-VSKJ71.., VS-VSKC71.. Series;Enlarge;80;110;800;1500;1570;1.6;-40 to +150;0.28;AAP Gen 7 (TO-240AA);Two diodes common anode;Isolated;image/diode-modules94626.png;diode-modules\VS-VSKD71.., VS-VSKE71.., VS-VSKJ71.., VS-VSKC71.. Series\VS-VSKD71.., VS-VSKE71.., VS-VSKJ71.., VS-VSKC71.. Series.pdf;None
VS-VSKD71.., VS-VSKE71.., VS-VSKJ71.., VS-VSKC71.. Series;Enlarge;80;110;1000;1500;1570;1.6;-40 to +150;0.28;AAP Gen 7 (TO-240AA);Two diodes doubler circuit;Isolated;image/diode-modules94626.png;diode-modules\VS-VSKD71.., VS-VSKE71.., VS-VSKJ71.., VS-VSKC71.. Series\VS-VSKD71.., VS-VSKE71.., VS-VSKJ71.., VS-VSKC71.. Series.pdf;None
VS-VSKD71.., VS-VSKE71.., VS-VSKJ71.., VS-VSKC71.. Series;Enlarge;80;110;600;1500;1570;1.6;-40 to +150;0.28;AAP Gen 7 (TO-240AA);Single diode;Isolated;image/diode-modules94626.png;diode-modules\VS-VSKD71.., VS-VSKE71.., VS-VSKJ71.., VS-VSKC71.. Series\VS-VSKD71.., VS-VSKE71.., VS-VSKJ71.., VS-VSKC71.. Series.pdf;None
VS-VSKD71.., VS-VSKE71.., VS-VSKJ71.., VS-VSKC71.. Series;Enlarge;80;110;800;1500;1570;1.6;-40 to +150;0.28;AAP Gen 7 (TO-240AA);Two diodes common cathode;Isolated;image/diode-modules94626.png;diode-modules\VS-VSKD71.., VS-VSKE71.., VS-VSKJ71.., VS-VSKC71.. Series\VS-VSKD71.., VS-VSKE71.., VS-VSKJ71.., VS-VSKC71.. Series.pdf;None
VS-VSKD71.., VS-VSKE71.., VS-VSKJ71.., VS-VSKC71.. Series;Enlarge;80;110;600;1500;1570;1.6;-40 to +150;0.28;AAP Gen 7 (TO-240AA);Two diodes common anode;Isolated;image/diode-modules94626.png;diode-modules\VS-VSKD71.., VS-VSKE71.., VS-VSKJ71.., VS-VSKC71.. Series\VS-VSKD71.., VS-VSKE71.., VS-VSKJ71.., VS-VSKC71.. Series.pdf;None
VS-VSKD71.., VS-VSKE71.., VS-VSKJ71.., VS-VSKC71.. Series;Enlarge;80;110;800;1500;1570;1.6;-40 to +150;0.28;AAP Gen 7 (TO-240AA);Two diodes doubler circuit;Isolated;image/diode-modules94626.png;diode-modules\VS-VSKD71.., VS-VSKE71.., VS-VSKJ71.., VS-VSKC71.. Series\VS-VSKD71.., VS-VSKE71.., VS-VSKJ71.., VS-VSKC71.. Series.pdf;None
VS-VSKD71.., VS-VSKE71.., VS-VSKJ71.., VS-VSKC71.. Series;Enlarge;80;110;400;1500;1570;1.6;-40 to +150;0.28;AAP Gen 7 (TO-240AA);Single diode;Isolated;image/diode-modules94626.png;diode-modules\VS-VSKD71.., VS-VSKE71.., VS-VSKJ71.., VS-VSKC71.. Series\VS-VSKD71.., VS-VSKE71.., VS-VSKJ71.., VS-VSKC71.. Series.pdf;None
VS-VSKD71.., VS-VSKE71.., VS-VSKJ71.., VS-VSKC71.. Series;Enlarge;80;110;600;1500;1570;1.6;-40 to +150;0.28;AAP Gen 7 (TO-240AA);Two diodes common cathode;Isolated;image/diode-modules94626.png;diode-modules\VS-VSKD71.., VS-VSKE71.., VS-VSKJ71.., VS-VSKC71.. Series\VS-VSKD71.., VS-VSKE71.., VS-VSKJ71.., VS-VSKC71.. Series.pdf;None
VS-VSKD71.., VS-VSKE71.., VS-VSKJ71.., VS-VSKC71.. Series;Enlarge;80;110;1600;1500;1570;1.6;-40 to +150;0.28;AAP Gen 7 (TO-240AA);Single diode;Isolated;image/diode-modules94626.png;diode-modules\VS-VSKD71.., VS-VSKE71.., VS-VSKJ71.., VS-VSKC71.. Series\VS-VSKD71.., VS-VSKE71.., VS-VSKJ71.., VS-VSKC71.. Series.pdf;None
VS-VSKD71.., VS-VSKE71.., VS-VSKJ71.., VS-VSKC71.. Series;Enlarge;80;110;400;1500;1570;1.6;-40 to +150;0.28;AAP Gen 7 (TO-240AA);Two diodes common anode;Isolated;image/diode-modules94626.png;diode-modules\VS-VSKD71.., VS-VSKE71.., VS-VSKJ71.., VS-VSKC71.. Series\VS-VSKD71.., VS-VSKE71.., VS-VSKJ71.., VS-VSKC71.. Series.pdf;None
VS-VSKD71.., VS-VSKE71.., VS-VSKJ71.., VS-VSKC71.. Series;Enlarge;80;110;600;1500;1570;1.6;-40 to +150;0.28;AAP Gen 7 (TO-240AA);Two diodes doubler circuit;Isolated;image/diode-modules94626.png;diode-modules\VS-VSKD71.., VS-VSKE71.., VS-VSKJ71.., VS-VSKC71.. Series\VS-VSKD71.., VS-VSKE71.., VS-VSKJ71.., VS-VSKC71.. Series.pdf;None
VS-VSKD71.., VS-VSKE71.., VS-VSKJ71.., VS-VSKC71.. Series;Enlarge;80;110;1600;1500;1570;1.6;-40 to +150;0.28;AAP Gen 7 (TO-240AA);Two diodes common anode;Isolated;image/diode-modules94626.png;diode-modules\VS-VSKD71.., VS-VSKE71.., VS-VSKJ71.., VS-VSKC71.. Series\VS-VSKD71.., VS-VSKE71.., VS-VSKJ71.., VS-VSKC71.. Series.pdf;None
VS-VSKD71.., VS-VSKE71.., VS-VSKJ71.., VS-VSKC71.. Series;Enlarge;80;110;400;1500;1570;1.6;-40 to +150;0.28;AAP Gen 7 (TO-240AA);Two diodes common cathode;Isolated;image/diode-modules94626.png;diode-modules\VS-VSKD71.., VS-VSKE71.., VS-VSKJ71.., VS-VSKC71.. Series\VS-VSKD71.., VS-VSKE71.., VS-VSKJ71.., VS-VSKC71.. Series.pdf;None
VS-VSKD71.., VS-VSKE71.., VS-VSKJ71.., VS-VSKC71.. Series;Enlarge;80;110;1400;1500;1570;1.6;-40 to +150;0.28;AAP Gen 7 (TO-240AA);Single diode;Isolated;image/diode-modules94626.png;diode-modules\VS-VSKD71.., VS-VSKE71.., VS-VSKJ71.., VS-VSKC71.. Series\VS-VSKD71.., VS-VSKE71.., VS-VSKJ71.., VS-VSKC71.. Series.pdf;None
VS-VSKD71.., VS-VSKE71.., VS-VSKJ71.., VS-VSKC71.. Series;Enlarge;80;110;1600;1500;1570;1.6;-40 to +150;0.28;AAP Gen 7 (TO-240AA);Two diodes common cathode;Isolated;image/diode-modules94626.png;diode-modules\VS-VSKD71.., VS-VSKE71.., VS-VSKJ71.., VS-VSKC71.. Series\VS-VSKD71.., VS-VSKE71.., VS-VSKJ71.., VS-VSKC71.. Series.pdf;None
VS-VSKD71.., VS-VSKE71.., VS-VSKJ71.., VS-VSKC71.. Series;Enlarge;80;110;400;1500;1570;1.6;-40 to +150;0.28;AAP Gen 7 (TO-240AA);Two diodes doubler circuit;Isolated;image/diode-modules94626.png;diode-modules\VS-VSKD71.., VS-VSKE71.., VS-VSKJ71.., VS-VSKC71.. Series\VS-VSKD71.., VS-VSKE71.., VS-VSKJ71.., VS-VSKC71.. Series.pdf;None
VS-VSKD71.., VS-VSKE71.., VS-VSKJ71.., VS-VSKC71.. Series;Enlarge;80;110;1400;1500;1570;1.6;-40 to +150;0.28;AAP Gen 7 (TO-240AA);Two diodes common anode;Isolated;image/diode-modules94626.png;diode-modules\VS-VSKD71.., VS-VSKE71.., VS-VSKJ71.., VS-VSKC71.. Series\VS-VSKD71.., VS-VSKE71.., VS-VSKJ71.., VS-VSKC71.. Series.pdf;None
VS-VSKD71.., VS-VSKE71.., VS-VSKJ71.., VS-VSKC71.. Series;Enlarge;80;110;1600;1500;1570;1.6;-40 to +150;0.28;AAP Gen 7 (TO-240AA);Two diodes doubler circuit;Isolated;image/diode-modules94626.png;diode-modules\VS-VSKD71.., VS-VSKE71.., VS-VSKJ71.., VS-VSKC71.. Series\VS-VSKD71.., VS-VSKE71.., VS-VSKJ71.., VS-VSKC71.. Series.pdf;None
VS-VSKD71.., VS-VSKE71.., VS-VSKJ71.., VS-VSKC71.. Series;Enlarge;80;110;1200;1500;1570;1.6;-40 to +150;0.28;AAP Gen 7 (TO-240AA);Single diode;Isolated;image/diode-modules94626.png;diode-modules\VS-VSKD71.., VS-VSKE71.., VS-VSKJ71.., VS-VSKC71.. Series\VS-VSKD71.., VS-VSKE71.., VS-VSKJ71.., VS-VSKC71.. Series.pdf;None
VS-VSKD71.., VS-VSKE71.., VS-VSKJ71.., VS-VSKC71.. Series;Enlarge;80;110;1400;1500;1570;1.6;-40 to +150;0.28;AAP Gen 7 (TO-240AA);Two diodes common cathode;Isolated;image/diode-modules94626.png;diode-modules\VS-VSKD71.., VS-VSKE71.., VS-VSKJ71.., VS-VSKC71.. Series\VS-VSKD71.., VS-VSKE71.., VS-VSKJ71.., VS-VSKC71.. Series.pdf;None
VS-VSKD71.., VS-VSKE71.., VS-VSKJ71.., VS-VSKC71.. Series;Enlarge;80;110;1200;1500;1570;1.6;-40 to +150;0.28;AAP Gen 7 (TO-240AA);Two diodes common anode;Isolated;image/diode-modules94626.png;diode-modules\VS-VSKD71.., VS-VSKE71.., VS-VSKJ71.., VS-VSKC71.. Series\VS-VSKD71.., VS-VSKE71.., VS-VSKJ71.., VS-VSKC71.. Series.pdf;None
VS-VSKD71.., VS-VSKE71.., VS-VSKJ71.., VS-VSKC71.. Series;Enlarge;80;110;1400;1500;1570;1.6;-40 to +150;0.28;AAP Gen 7 (TO-240AA);Two diodes doubler circuit;Isolated;image/diode-modules94626.png;diode-modules\VS-VSKD71.., VS-VSKE71.., VS-VSKJ71.., VS-VSKC71.. Series\VS-VSKD71.., VS-VSKE71.., VS-VSKJ71.., VS-VSKC71.. Series.pdf;None
VS-VSKD71.., VS-VSKE71.., VS-VSKJ71.., VS-VSKC71.. Series;Enlarge;80;110;1000;1500;1570;1.6;-40 to +150;0.28;AAP Gen 7 (TO-240AA);Single diode;Isolated;image/diode-modules94626.png;diode-modules\VS-VSKD71.., VS-VSKE71.., VS-VSKJ71.., VS-VSKC71.. Series\VS-VSKD71.., VS-VSKE71.., VS-VSKJ71.., VS-VSKC71.. Series.pdf;None
VS-VSKD71.., VS-VSKE71.., VS-VSKJ71.., VS-VSKC71.. Series;Enlarge;80;110;1200;1500;1570;1.6;-40 to +150;0.28;AAP Gen 7 (TO-240AA);Two diodes common cathode;Isolated;image/diode-modules94626.png;diode-modules\VS-VSKD71.., VS-VSKE71.., VS-VSKJ71.., VS-VSKC71.. Series\VS-VSKD71.., VS-VSKE71.., VS-VSKJ71.., VS-VSKC71.. Series.pdf;None
VS-VSKD71.., VS-VSKE71.., VS-VSKJ71.., VS-VSKC71.. Series;Enlarge;80;110;1000;1500;1570;1.6;-40 to +150;0.28;AAP Gen 7 (TO-240AA);Two diodes common anode;Isolated;image/diode-modules94626.png;diode-modules\VS-VSKD71.., VS-VSKE71.., VS-VSKJ71.., VS-VSKC71.. Series\VS-VSKD71.., VS-VSKE71.., VS-VSKJ71.., VS-VSKC71.. Series.pdf;None
VS-VSKD71.., VS-VSKE71.., VS-VSKJ71.., VS-VSKC71.. Series;Enlarge;80;110;1200;1500;1570;1.6;-40 to +150;0.28;AAP Gen 7 (TO-240AA);Two diodes doubler circuit;Isolated;image/diode-modules94626.png;diode-modules\VS-VSKD71.., VS-VSKE71.., VS-VSKJ71.., VS-VSKC71.. Series\VS-VSKD71.., VS-VSKE71.., VS-VSKJ71.., VS-VSKC71.. Series.pdf;None
VS-VSKD71.., VS-VSKE71.., VS-VSKJ71.., VS-VSKC71.. Series;Enlarge;80;110;800;1500;1570;1.6;-40 to +150;0.28;AAP Gen 7 (TO-240AA);Single diode;Isolated;image/diode-modules94626.png;diode-modules\VS-VSKD71.., VS-VSKE71.., VS-VSKJ71.., VS-VSKC71.. Series\VS-VSKD71.., VS-VSKE71.., VS-VSKJ71.., VS-VSKC71.. Series.pdf;None
VS-VSKD71.., VS-VSKE71.., VS-VSKJ71.., VS-VSKC71.. Series;Enlarge;80;110;1000;1500;1570;1.6;-40 to +150;0.28;AAP Gen 7 (TO-240AA);Two diodes common cathode;Isolated;image/diode-modules94626.png;diode-modules\VS-VSKD71.., VS-VSKE71.., VS-VSKJ71.., VS-VSKC71.. Series\VS-VSKD71.., VS-VSKE71.., VS-VSKJ71.., VS-VSKC71.. Series.pdf;None
VS-VSKD91.., VS-VSKC91.., VS-VSKJ91.., VS-VSKE91.. Series;Enlarge;100;112;400;2020;2115;1.55;-40 to +150;0.22;AAP Gen 7 (TO-240AA);Two diodes common cathode;Isolated;image/diode-modules94627.png;diode-modules\VS-VSKD91.., VS-VSKC91.., VS-VSKJ91.., VS-VSKE91.. Series\VS-VSKD91.., VS-VSKC91.., VS-VSKJ91.., VS-VSKE91.. Series.pdf;None
VS-VSKD91.., VS-VSKC91.., VS-VSKJ91.., VS-VSKE91.. Series;Enlarge;100;112;1400;2020;2115;1.55;-40 to +150;0.22;AAP Gen 7 (TO-240AA);Single diode;Isolated;image/diode-modules94627.png;diode-modules\VS-VSKD91.., VS-VSKC91.., VS-VSKJ91.., VS-VSKE91.. Series\VS-VSKD91.., VS-VSKC91.., VS-VSKJ91.., VS-VSKE91.. Series.pdf;None
VS-VSKD91.., VS-VSKC91.., VS-VSKJ91.., VS-VSKE91.. Series;Enlarge;100;112;1600;2020;2115;1.55;-40 to +150;0.22;AAP Gen 7 (TO-240AA);Two diodes common cathode;Isolated;image/diode-modules94627.png;diode-modules\VS-VSKD91.., VS-VSKC91.., VS-VSKJ91.., VS-VSKE91.. Series\VS-VSKD91.., VS-VSKC91.., VS-VSKJ91.., VS-VSKE91.. Series.pdf;None
VS-VSKD91.., VS-VSKC91.., VS-VSKJ91.., VS-VSKE91.. Series;Enlarge;100;112;400;2020;2115;1.55;-40 to +150;0.22;AAP Gen 7 (TO-240AA);Two diodes doubler circuit;Isolated;image/diode-modules94627.png;diode-modules\VS-VSKD91.., VS-VSKC91.., VS-VSKJ91.., VS-VSKE91.. Series\VS-VSKD91.., VS-VSKC91.., VS-VSKJ91.., VS-VSKE91.. Series.pdf;None
VS-VSKD91.., VS-VSKC91.., VS-VSKJ91.., VS-VSKE91.. Series;Enlarge;100;112;1400;2020;2115;1.55;-40 to +150;0.22;AAP Gen 7 (TO-240AA);Two diodes common anode;Isolated;image/diode-modules94627.png;diode-modules\VS-VSKD91.., VS-VSKC91.., VS-VSKJ91.., VS-VSKE91.. Series\VS-VSKD91.., VS-VSKC91.., VS-VSKJ91.., VS-VSKE91.. Series.pdf;None
VS-VSKD91.., VS-VSKC91.., VS-VSKJ91.., VS-VSKE91.. Series;Enlarge;100;112;1600;2020;2115;1.55;-40 to +150;0.22;AAP Gen 7 (TO-240AA);Two diodes doubler circuit;Isolated;image/diode-modules94627.png;diode-modules\VS-VSKD91.., VS-VSKC91.., VS-VSKJ91.., VS-VSKE91.. Series\VS-VSKD91.., VS-VSKC91.., VS-VSKJ91.., VS-VSKE91.. Series.pdf;None
VS-VSKD91.., VS-VSKC91.., VS-VSKJ91.., VS-VSKE91.. Series;Enlarge;100;112;1200;2020;2115;1.55;-40 to +150;0.22;AAP Gen 7 (TO-240AA);Single diode;Isolated;image/diode-modules94627.png;diode-modules\VS-VSKD91.., VS-VSKC91.., VS-VSKJ91.., VS-VSKE91.. Series\VS-VSKD91.., VS-VSKC91.., VS-VSKJ91.., VS-VSKE91.. Series.pdf;None
VS-VSKD91.., VS-VSKC91.., VS-VSKJ91.., VS-VSKE91.. Series;Enlarge;100;112;1400;2020;2115;1.55;-40 to +150;0.22;AAP Gen 7 (TO-240AA);Two diodes common cathode;Isolated;image/diode-modules94627.png;diode-modules\VS-VSKD91.., VS-VSKC91.., VS-VSKJ91.., VS-VSKE91.. Series\VS-VSKD91.., VS-VSKC91.., VS-VSKJ91.., VS-VSKE91.. Series.pdf;None
VS-VSKD91.., VS-VSKC91.., VS-VSKJ91.., VS-VSKE91.. Series;Enlarge;100;112;1200;2020;2115;1.55;-40 to +150;0.22;AAP Gen 7 (TO-240AA);Two diodes common anode;Isolated;image/diode-modules94627.png;diode-modules\VS-VSKD91.., VS-VSKC91.., VS-VSKJ91.., VS-VSKE91.. Series\VS-VSKD91.., VS-VSKC91.., VS-VSKJ91.., VS-VSKE91.. Series.pdf;None
VS-VSKD91.., VS-VSKC91.., VS-VSKJ91.., VS-VSKE91.. Series;Enlarge;100;112;1400;2020;2115;1.55;-40 to +150;0.22;AAP Gen 7 (TO-240AA);Two diodes doubler circuit;Isolated;image/diode-modules94627.png;diode-modules\VS-VSKD91.., VS-VSKC91.., VS-VSKJ91.., VS-VSKE91.. Series\VS-VSKD91.., VS-VSKC91.., VS-VSKJ91.., VS-VSKE91.. Series.pdf;None
VS-VSKD91.., VS-VSKC91.., VS-VSKJ91.., VS-VSKE91.. Series;Enlarge;100;112;1000;2020;2115;1.55;-40 to +150;0.22;AAP Gen 7 (TO-240AA);Single diode;Isolated;image/diode-modules94627.png;diode-modules\VS-VSKD91.., VS-VSKC91.., VS-VSKJ91.., VS-VSKE91.. Series\VS-VSKD91.., VS-VSKC91.., VS-VSKJ91.., VS-VSKE91.. Series.pdf;None
VS-VSKD91.., VS-VSKC91.., VS-VSKJ91.., VS-VSKE91.. Series;Enlarge;100;112;1200;2020;2115;1.55;-40 to +150;0.22;AAP Gen 7 (TO-240AA);Two diodes common cathode;Isolated;image/diode-modules94627.png;diode-modules\VS-VSKD91.., VS-VSKC91.., VS-VSKJ91.., VS-VSKE91.. Series\VS-VSKD91.., VS-VSKC91.., VS-VSKJ91.., VS-VSKE91.. Series.pdf;None
VS-VSKD91.., VS-VSKC91.., VS-VSKJ91.., VS-VSKE91.. Series;Enlarge;100;112;1000;2020;2115;1.55;-40 to +150;0.22;AAP Gen 7 (TO-240AA);Two diodes common anode;Isolated;image/diode-modules94627.png;diode-modules\VS-VSKD91.., VS-VSKC91.., VS-VSKJ91.., VS-VSKE91.. Series\VS-VSKD91.., VS-VSKC91.., VS-VSKJ91.., VS-VSKE91.. Series.pdf;None
VS-VSKD91.., VS-VSKC91.., VS-VSKJ91.., VS-VSKE91.. Series;Enlarge;100;112;1200;2020;2115;1.55;-40 to +150;0.22;AAP Gen 7 (TO-240AA);Two diodes doubler circuit;Isolated;image/diode-modules94627.png;diode-modules\VS-VSKD91.., VS-VSKC91.., VS-VSKJ91.., VS-VSKE91.. Series\VS-VSKD91.., VS-VSKC91.., VS-VSKJ91.., VS-VSKE91.. Series.pdf;None
VS-VSKD91.., VS-VSKC91.., VS-VSKJ91.., VS-VSKE91.. Series;Enlarge;100;112;800;2020;2115;1.55;-40 to +150;0.22;AAP Gen 7 (TO-240AA);Single diode;Isolated;image/diode-modules94627.png;diode-modules\VS-VSKD91.., VS-VSKC91.., VS-VSKJ91.., VS-VSKE91.. Series\VS-VSKD91.., VS-VSKC91.., VS-VSKJ91.., VS-VSKE91.. Series.pdf;None
VS-VSKD91.., VS-VSKC91.., VS-VSKJ91.., VS-VSKE91.. Series;Enlarge;100;112;1000;2020;2115;1.55;-40 to +150;0.22;AAP Gen 7 (TO-240AA);Two diodes common cathode;Isolated;image/diode-modules94627.png;diode-modules\VS-VSKD91.., VS-VSKC91.., VS-VSKJ91.., VS-VSKE91.. Series\VS-VSKD91.., VS-VSKC91.., VS-VSKJ91.., VS-VSKE91.. Series.pdf;None
VS-VSKD91.., VS-VSKC91.., VS-VSKJ91.., VS-VSKE91.. Series;Enlarge;100;112;800;2020;2115;1.55;-40 to +150;0.22;AAP Gen 7 (TO-240AA);Two diodes common anode;Isolated;image/diode-modules94627.png;diode-modules\VS-VSKD91.., VS-VSKC91.., VS-VSKJ91.., VS-VSKE91.. Series\VS-VSKD91.., VS-VSKC91.., VS-VSKJ91.., VS-VSKE91.. Series.pdf;None
VS-VSKD91.., VS-VSKC91.., VS-VSKJ91.., VS-VSKE91.. Series;Enlarge;100;112;1000;2020;2115;1.55;-40 to +150;0.22;AAP Gen 7 (TO-240AA);Two diodes doubler circuit;Isolated;image/diode-modules94627.png;diode-modules\VS-VSKD91.., VS-VSKC91.., VS-VSKJ91.., VS-VSKE91.. Series\VS-VSKD91.., VS-VSKC91.., VS-VSKJ91.., VS-VSKE91.. Series.pdf;None
VS-VSKD91.., VS-VSKC91.., VS-VSKJ91.., VS-VSKE91.. Series;Enlarge;100;112;600;2020;2115;1.55;-40 to +150;0.22;AAP Gen 7 (TO-240AA);Single diode;Isolated;image/diode-modules94627.png;diode-modules\VS-VSKD91.., VS-VSKC91.., VS-VSKJ91.., VS-VSKE91.. Series\VS-VSKD91.., VS-VSKC91.., VS-VSKJ91.., VS-VSKE91.. Series.pdf;None
VS-VSKD91.., VS-VSKC91.., VS-VSKJ91.., VS-VSKE91.. Series;Enlarge;100;112;800;2020;2115;1.55;-40 to +150;0.22;AAP Gen 7 (TO-240AA);Two diodes common cathode;Isolated;image/diode-modules94627.png;diode-modules\VS-VSKD91.., VS-VSKC91.., VS-VSKJ91.., VS-VSKE91.. Series\VS-VSKD91.., VS-VSKC91.., VS-VSKJ91.., VS-VSKE91.. Series.pdf;None
VS-VSKD91.., VS-VSKC91.., VS-VSKJ91.., VS-VSKE91.. Series;Enlarge;100;112;600;2020;2115;1.55;-40 to +150;0.22;AAP Gen 7 (TO-240AA);Two diodes common anode;Isolated;image/diode-modules94627.png;diode-modules\VS-VSKD91.., VS-VSKC91.., VS-VSKJ91.., VS-VSKE91.. Series\VS-VSKD91.., VS-VSKC91.., VS-VSKJ91.., VS-VSKE91.. Series.pdf;None
VS-VSKD91.., VS-VSKC91.., VS-VSKJ91.., VS-VSKE91.. Series;Enlarge;100;112;800;2020;2115;1.55;-40 to +150;0.22;AAP Gen 7 (TO-240AA);Two diodes doubler circuit;Isolated;image/diode-modules94627.png;diode-modules\VS-VSKD91.., VS-VSKC91.., VS-VSKJ91.., VS-VSKE91.. Series\VS-VSKD91.., VS-VSKC91.., VS-VSKJ91.., VS-VSKE91.. Series.pdf;None
VS-VSKD91.., VS-VSKC91.., VS-VSKJ91.., VS-VSKE91.. Series;Enlarge;100;112;400;2020;2115;1.55;-40 to +150;0.22;AAP Gen 7 (TO-240AA);Single diode;Isolated;image/diode-modules94627.png;diode-modules\VS-VSKD91.., VS-VSKC91.., VS-VSKJ91.., VS-VSKE91.. Series\VS-VSKD91.., VS-VSKC91.., VS-VSKJ91.., VS-VSKE91.. Series.pdf;None
VS-VSKD91.., VS-VSKC91.., VS-VSKJ91.., VS-VSKE91.. Series;Enlarge;100;112;600;2020;2115;1.55;-40 to +150;0.22;AAP Gen 7 (TO-240AA);Two diodes common cathode;Isolated;image/diode-modules94627.png;diode-modules\VS-VSKD91.., VS-VSKC91.., VS-VSKJ91.., VS-VSKE91.. Series\VS-VSKD91.., VS-VSKC91.., VS-VSKJ91.., VS-VSKE91.. Series.pdf;None
VS-VSKD91.., VS-VSKC91.., VS-VSKJ91.., VS-VSKE91.. Series;Enlarge;100;112;1600;2020;2115;1.55;-40 to +150;0.22;AAP Gen 7 (TO-240AA);Single diode;Isolated;image/diode-modules94627.png;diode-modules\VS-VSKD91.., VS-VSKC91.., VS-VSKJ91.., VS-VSKE91.. Series\VS-VSKD91.., VS-VSKC91.., VS-VSKJ91.., VS-VSKE91.. Series.pdf;None
VS-VSKD91.., VS-VSKC91.., VS-VSKJ91.., VS-VSKE91.. Series;Enlarge;100;112;400;2020;2115;1.55;-40 to +150;0.22;AAP Gen 7 (TO-240AA);Two diodes common anode;Isolated;image/diode-modules94627.png;diode-modules\VS-VSKD91.., VS-VSKC91.., VS-VSKJ91.., VS-VSKE91.. Series\VS-VSKD91.., VS-VSKC91.., VS-VSKJ91.., VS-VSKE91.. Series.pdf;None
VS-VSKD91.., VS-VSKC91.., VS-VSKJ91.., VS-VSKE91.. Series;Enlarge;100;112;600;2020;2115;1.55;-40 to +150;0.22;AAP Gen 7 (TO-240AA);Two diodes doubler circuit;Isolated;image/diode-modules94627.png;diode-modules\VS-VSKD91.., VS-VSKC91.., VS-VSKJ91.., VS-VSKE91.. Series\VS-VSKD91.., VS-VSKC91.., VS-VSKJ91.., VS-VSKE91.. Series.pdf;None
VS-VSKD91.., VS-VSKC91.., VS-VSKJ91.., VS-VSKE91.. Series;Enlarge;100;112;1600;2020;2115;1.55;-40 to +150;0.22;AAP Gen 7 (TO-240AA);Two diodes common anode;Isolated;image/diode-modules94627.png;diode-modules\VS-VSKD91.., VS-VSKC91.., VS-VSKJ91.., VS-VSKE91.. Series\VS-VSKD91.., VS-VSKC91.., VS-VSKJ91.., VS-VSKE91.. Series.pdf;None
VS-VSMD400AW60, VS-VSMD400CW60;Enlarge;400;133;600;2500;2620;1.31 at 200;-40 to +175;0.1;TO-244;Two diodes common anode;Not Isolated;image/diode-modules93469.png;diode-modules\VS-VSMD400AW60, VS-VSMD400CW60\VS-VSMD400AW60, VS-VSMD400CW60.pdf;None
VS-VSMD400AW60, VS-VSMD400CW60;Enlarge;400;133;600;2500;2620;1.31 at 200;-40 to +175;0.1;TO-244;Two diodes common cathode;Not Isolated;image/diode-modules93469.png;diode-modules\VS-VSMD400AW60, VS-VSMD400CW60\VS-VSMD400AW60, VS-VSMD400CW60.pdf;None
