Part Number;Product Image;Description;Voltage;Capacitance;Dielectric;Lead Spacing(mm/inch);Lead Style;Packaging;Image path;Datasheet part;3d model part
660R10ACD10;Enlarge;High Voltage Ceramic DC Disc Capacitors With Axial Leads, 10 kVDC to 30 kVDC;10000;1000;X7R;NA;NA;Individual;image/capacitors22209.png;capacitors\660R10ACD10\660R10ACD10.pdf;None
660R10ACD33;Enlarge;High Voltage Ceramic DC Disc Capacitors With Axial Leads, 10 kVDC to 30 kVDC;10000;3300;X7R;NA;NA;Individual;image/capacitors22209.png;capacitors\660R10ACD33\660R10ACD33.pdf;None
660R10AED15;Enlarge;High Voltage Ceramic DC Disc Capacitors With Axial Leads, 10 kVDC to 30 kVDC;10000;1500;Z5U;NA;NA;Individual;image/capacitors22209.png;capacitors\660R10AED15\660R10AED15.pdf;None
660R10AES10;Enlarge;High Voltage Ceramic DC Disc Capacitors With Axial Leads, 10 kVDC to 30 kVDC;10000;10000;Z5U;NA;NA;Individual;image/capacitors22209.png;capacitors\660R10AES10\660R10AES10.pdf;None
660R15ACD22;Enlarge;High Voltage Ceramic DC Disc Capacitors With Axial Leads, 10 kVDC to 30 kVDC;15000;2200;X7R;NA;NA;Individual;image/capacitors22209.png;capacitors\660R15ACD22\660R15ACD22.pdf;None
660R15ACT47;Enlarge;High Voltage Ceramic DC Disc Capacitors With Axial Leads, 10 kVDC to 30 kVDC;15000;470;X5R;NA;NA;Individual;image/capacitors22209.png;capacitors\660R15ACT47\660R15ACT47.pdf;None
660R15ACT68;Enlarge;High Voltage Ceramic DC Disc Capacitors With Axial Leads, 10 kVDC to 30 kVDC;15000;680;X7R;NA;NA;Individual;image/capacitors22209.png;capacitors\660R15ACT68\660R15ACT68.pdf;None
660R15AED15;Enlarge;High Voltage Ceramic DC Disc Capacitors With Axial Leads, 10 kVDC to 30 kVDC;15000;1500;Z5U;NA;NA;Individual;image/capacitors22209.png;capacitors\660R15AED15\660R15AED15.pdf;None
660R15AZD15;Enlarge;High Voltage Ceramic DC Disc Capacitors With Axial Leads, 10 kVDC to 30 kVDC;15000;1500;N4700;NA;NA;Individual;image/capacitors22209.png;capacitors\660R15AZD15\660R15AZD15.pdf;None
660R20ACD10;Enlarge;High Voltage Ceramic DC Disc Capacitors With Axial Leads, 10 kVDC to 30 kVDC;20000;1000;X7R;NA;NA;Individual;image/capacitors22209.png;capacitors\660R20ACD10\660R20ACD10.pdf;None
660R20ACD25;Enlarge;High Voltage Ceramic DC Disc Capacitors With Axial Leads, 10 kVDC to 30 kVDC;20000;2500;X7R;NA;NA;Individual;image/capacitors22209.png;capacitors\660R20ACD25\660R20ACD25.pdf;None
660R20ACD27;Enlarge;High Voltage Ceramic DC Disc Capacitors With Axial Leads, 10 kVDC to 30 kVDC;20000;2700;X7R;NA;NA;Individual;image/capacitors22209.png;capacitors\660R20ACD27\660R20ACD27.pdf;None
660R20ACT10;Enlarge;High Voltage Ceramic DC Disc Capacitors With Axial Leads, 10 kVDC to 30 kVDC;20000;100;X7R;NA;NA;Individual;image/capacitors22209.png;capacitors\660R20ACT10\660R20ACT10.pdf;None
660R20ACT22;Enlarge;High Voltage Ceramic DC Disc Capacitors With Axial Leads, 10 kVDC to 30 kVDC;20000;220;X7R;NA;NA;Individual;image/capacitors22209.png;capacitors\660R20ACT22\660R20ACT22.pdf;None
660R20ACT47;Enlarge;High Voltage Ceramic DC Disc Capacitors With Axial Leads, 10 kVDC to 30 kVDC;20000;470;X7R;NA;NA;Individual;image/capacitors22209.png;capacitors\660R20ACT47\660R20ACT47.pdf;None
660R20AED33;Enlarge;High Voltage Ceramic DC Disc Capacitors With Axial Leads, 10 kVDC to 30 kVDC;20000;3300;Z5U;NA;NA;Individual;image/capacitors22209.png;capacitors\660R20AED33\660R20AED33.pdf;None
660R20AED50;Enlarge;High Voltage Ceramic DC Disc Capacitors With Axial Leads, 10 kVDC to 30 kVDC;20000;5000;Z5U;NA;NA;Individual;image/capacitors22209.png;capacitors\660R20AED50\660R20AED50.pdf;None
660R20AZD10;Enlarge;High Voltage Ceramic DC Disc Capacitors With Axial Leads, 10 kVDC to 30 kVDC;20000;1000;N4700;NA;NA;Individual;image/capacitors22209.png;capacitors\660R20AZD10\660R20AZD10.pdf;None
660R20AZT22;Enlarge;High Voltage Ceramic DC Disc Capacitors With Axial Leads, 10 kVDC to 30 kVDC;20000;220;N4700;NA;NA;Individual;image/capacitors22209.png;capacitors\660R20AZT22\660R20AZT22.pdf;None
660R30ACD10;Enlarge;High Voltage Ceramic DC Disc Capacitors With Axial Leads, 10 kVDC to 30 kVDC;30000;1000;X7R;NA;NA;Individual;image/capacitors22209.png;capacitors\660R30ACD10\660R30ACD10.pdf;None
660R30ACT22;Enlarge;High Voltage Ceramic DC Disc Capacitors With Axial Leads, 10 kVDC to 30 kVDC;30000;220;X7R;NA;NA;Individual;image/capacitors22209.png;capacitors\660R30ACT22\660R30ACT22.pdf;None
660R30ACT47;Enlarge;High Voltage Ceramic DC Disc Capacitors With Axial Leads, 10 kVDC to 30 kVDC;30000;470;X7R;NA;NA;Individual;image/capacitors22209.png;capacitors\660R30ACT47\660R30ACT47.pdf;None
660R30AED12;Enlarge;High Voltage Ceramic DC Disc Capacitors With Axial Leads, 10 kVDC to 30 kVDC;30000;1200;Z5U;NA;NA;Individual;image/capacitors22209.png;capacitors\660R30AED12\660R30AED12.pdf;None
660R30AED22;Enlarge;High Voltage Ceramic DC Disc Capacitors With Axial Leads, 10 kVDC to 30 kVDC;30000;2200;Y5U;NA;NA;Individual;image/capacitors22209.png;capacitors\660R30AED22\660R30AED22.pdf;None
660R30AED30;Enlarge;High Voltage Ceramic DC Disc Capacitors With Axial Leads, 10 kVDC to 30 kVDC;30000;3000;Z5U;NA;NA;Individual;image/capacitors22209.png;capacitors\660R30AED30\660R30AED30.pdf;None
660R30AED33;Enlarge;High Voltage Ceramic DC Disc Capacitors With Axial Leads, 10 kVDC to 30 kVDC;30000;3300;Z5U;NA;NA;Individual;image/capacitors22209.png;capacitors\660R30AED33\660R30AED33.pdf;None
660R30AET47;Enlarge;High Voltage Ceramic DC Disc Capacitors With Axial Leads, 10 kVDC to 30 kVDC;30000;470;Z5U;NA;NA;Individual;image/capacitors22209.png;capacitors\660R30AET47\660R30AET47.pdf;None
660R30AET68;Enlarge;High Voltage Ceramic DC Disc Capacitors With Axial Leads, 10 kVDC to 30 kVDC;30000;680;Y5U;NA;NA;Individual;image/capacitors22209.png;capacitors\660R30AET68\660R30AET68.pdf;None
660R30AZT18;Enlarge;High Voltage Ceramic DC Disc Capacitors With Axial Leads, 10 kVDC to 30 kVDC;30000;180;N4700;NA;NA;Individual;image/capacitors22209.png;capacitors\660R30AZT18\660R30AZT18.pdf;None
660R30AZT47;Enlarge;High Voltage Ceramic DC Disc Capacitors With Axial Leads, 10 kVDC to 30 kVDC;30000;470;N4700;NA;NA;Individual;image/capacitors22209.png;capacitors\660R30AZT47\660R30AZT47.pdf;None
660R30AZT68;Enlarge;High Voltage Ceramic DC Disc Capacitors With Axial Leads, 10 kVDC to 30 kVDC;30000;680;N4700;NA;NA;Individual;image/capacitors22209.png;capacitors\660R30AZT68\660R30AZT68.pdf;None
715C10DKS10;Enlarge;High Voltage Class 2 Ceramic DC Disc Capacitors, 10 kVDC to 40 kVDC / 3.5 kVAC to 14 kVAC, Screw Terminal Mounting;10000 (3500 RMS);10000;Y5U;NA;NA;Individual;image/capacitors22168.png;capacitors\715C10DKS10\715C10DKS10.pdf;None
715C10DKS20;Enlarge;High Voltage Class 2 Ceramic DC Disc Capacitors, 10 kVDC to 40 kVDC / 3.5 kVAC to 14 kVAC, Screw Terminal Mounting;10000 (3500 RMS);20000;Y5U;NA;NA;Individual;image/capacitors22168.png;capacitors\715C10DKS20\715C10DKS20.pdf;None
715C10KTD10;Enlarge;High Voltage Class 1 Ceramic AC and DC Disc Capacitors, 10 kVDC to 50 kVDC / 7 kVAC to 34 kVAC, Screw Terminal Mounting;10000 (7000 RMS);1000;N4700;NA;NA;Individual;image/capacitors22210.png;capacitors\715C10KTD10\715C10KTD10.pdf;None
715C10KTD10M4;Enlarge;High Voltage Class 1 Ceramic AC and DC Disc Capacitors, 10 kVDC to 50 kVDC / 7 kVAC to 34 kVAC, Screw Terminal Mounting;10000 (7000 RMS);1000;N4700;NA;NA;Individual;image/capacitors22210.png;capacitors\715C10KTD10M4\715C10KTD10M4.pdf;None
715C10KTD12;Enlarge;High Voltage Class 1 Ceramic AC and DC Disc Capacitors, 10 kVDC to 50 kVDC / 7 kVAC to 34 kVAC, Screw Terminal Mounting;10000 (7000 RMS);1200;N4700;NA;NA;Individual;image/capacitors22210.png;capacitors\715C10KTD12\715C10KTD12.pdf;None
715C10KTD12M4;Enlarge;High Voltage Class 1 Ceramic AC and DC Disc Capacitors, 10 kVDC to 50 kVDC / 7 kVAC to 34 kVAC, Screw Terminal Mounting;10000 (7000 RMS);1200;N4700;NA;NA;Individual;image/capacitors22210.png;capacitors\715C10KTD12M4\715C10KTD12M4.pdf;None
715C10KTD18;Enlarge;High Voltage Class 1 Ceramic AC and DC Disc Capacitors, 10 kVDC to 50 kVDC / 7 kVAC to 34 kVAC, Screw Terminal Mounting;10000 (7000 RMS);1800;N4700;NA;NA;Individual;image/capacitors22210.png;capacitors\715C10KTD18\715C10KTD18.pdf;None
715C10KTD18M4;Enlarge;High Voltage Class 1 Ceramic AC and DC Disc Capacitors, 10 kVDC to 50 kVDC / 7 kVAC to 34 kVAC, Screw Terminal Mounting;10000 (7000 RMS);1800;N4700;NA;NA;Individual;image/capacitors22210.png;capacitors\715C10KTD18M4\715C10KTD18M4.pdf;None
715C10KTD22;Enlarge;High Voltage Class 1 Ceramic AC and DC Disc Capacitors, 10 kVDC to 50 kVDC / 7 kVAC to 34 kVAC, Screw Terminal Mounting;10000 (7000 RMS);2200;N4700;NA;NA;Individual;image/capacitors22210.png;capacitors\715C10KTD22\715C10KTD22.pdf;None
715C10KTD22M4;Enlarge;High Voltage Class 1 Ceramic AC and DC Disc Capacitors, 10 kVDC to 50 kVDC / 7 kVAC to 34 kVAC, Screw Terminal Mounting;10000 (7000 RMS);2200;N4700;NA;NA;Individual;image/capacitors22210.png;capacitors\715C10KTD22M4\715C10KTD22M4.pdf;None
715C10KTD22M5;Enlarge;High Voltage Class 1 Ceramic AC and DC Disc Capacitors, 10 kVDC to 50 kVDC / 7 kVAC to 34 kVAC, Screw Terminal Mounting;10000 (7000 RMS);2200;N4700;NA;NA;Individual;image/capacitors22210.png;capacitors\715C10KTD22M5\715C10KTD22M5.pdf;None
715C10KTD28;Enlarge;High Voltage Class 1 Ceramic AC and DC Disc Capacitors, 10 kVDC to 50 kVDC / 7 kVAC to 34 kVAC, Screw Terminal Mounting;10000 (7000 RMS);2800;N4700;NA;NA;Individual;image/capacitors22210.png;capacitors\715C10KTD28\715C10KTD28.pdf;None
715C10KTD28M4;Enlarge;High Voltage Class 1 Ceramic AC and DC Disc Capacitors, 10 kVDC to 50 kVDC / 7 kVAC to 34 kVAC, Screw Terminal Mounting;10000 (7000 RMS);2800;N4700;NA;NA;Individual;image/capacitors22210.png;capacitors\715C10KTD28M4\715C10KTD28M4.pdf;None
715C10KTD28M5;Enlarge;High Voltage Class 1 Ceramic AC and DC Disc Capacitors, 10 kVDC to 50 kVDC / 7 kVAC to 34 kVAC, Screw Terminal Mounting;10000 (7000 RMS);2800;N4700;NA;NA;Individual;image/capacitors22210.png;capacitors\715C10KTD28M5\715C10KTD28M5.pdf;None
715C10KTD39;Enlarge;High Voltage Class 1 Ceramic AC and DC Disc Capacitors, 10 kVDC to 50 kVDC / 7 kVAC to 34 kVAC, Screw Terminal Mounting;10000 (7000 RMS);3900;N4700;NA;NA;Individual;image/capacitors22210.png;capacitors\715C10KTD39\715C10KTD39.pdf;None
715C10KTD39M4;Enlarge;High Voltage Class 1 Ceramic AC and DC Disc Capacitors, 10 kVDC to 50 kVDC / 7 kVAC to 34 kVAC, Screw Terminal Mounting;10000 (7000 RMS);3900;N4700;NA;NA;Individual;image/capacitors22210.png;capacitors\715C10KTD39M4\715C10KTD39M4.pdf;None
715C10KTD39M5;Enlarge;High Voltage Class 1 Ceramic AC and DC Disc Capacitors, 10 kVDC to 50 kVDC / 7 kVAC to 34 kVAC, Screw Terminal Mounting;10000 (7000 RMS);3900;N4700;NA;NA;Individual;image/capacitors22210.png;capacitors\715C10KTD39M5\715C10KTD39M5.pdf;None
715C10KTD50;Enlarge;High Voltage Class 1 Ceramic AC and DC Disc Capacitors, 10 kVDC to 50 kVDC / 7 kVAC to 34 kVAC, Screw Terminal Mounting;10000 (7000 RMS);5000;N4700;NA;NA;Individual;image/capacitors22210.png;capacitors\715C10KTD50\715C10KTD50.pdf;None
715C10KTD50M4;Enlarge;High Voltage Class 1 Ceramic AC and DC Disc Capacitors, 10 kVDC to 50 kVDC / 7 kVAC to 34 kVAC, Screw Terminal Mounting;10000 (7000 RMS);5000;N4700;NA;NA;Individual;image/capacitors22210.png;capacitors\715C10KTD50M4\715C10KTD50M4.pdf;None
715C10KTD50M5;Enlarge;High Voltage Class 1 Ceramic AC and DC Disc Capacitors, 10 kVDC to 50 kVDC / 7 kVAC to 34 kVAC, Screw Terminal Mounting;10000 (7000 RMS);5000;N4700;NA;NA;Individual;image/capacitors22210.png;capacitors\715C10KTD50M5\715C10KTD50M5.pdf;None
715C10KTD68;Enlarge;High Voltage Class 1 Ceramic AC and DC Disc Capacitors, 10 kVDC to 50 kVDC / 7 kVAC to 34 kVAC, Screw Terminal Mounting;10000 (7000 RMS);6800;N4700;NA;NA;Individual;image/capacitors22210.png;capacitors\715C10KTD68\715C10KTD68.pdf;None
715C10KTD68M4;Enlarge;High Voltage Class 1 Ceramic AC and DC Disc Capacitors, 10 kVDC to 50 kVDC / 7 kVAC to 34 kVAC, Screw Terminal Mounting;10000 (7000 RMS);6800;N4700;NA;NA;Individual;image/capacitors22210.png;capacitors\715C10KTD68M4\715C10KTD68M4.pdf;None
715C10KTD68M5;Enlarge;High Voltage Class 1 Ceramic AC and DC Disc Capacitors, 10 kVDC to 50 kVDC / 7 kVAC to 34 kVAC, Screw Terminal Mounting;10000 (7000 RMS);6800;N4700;NA;NA;Individual;image/capacitors22210.png;capacitors\715C10KTD68M5\715C10KTD68M5.pdf;None
715C10KTD80;Enlarge;High Voltage Class 1 Ceramic AC and DC Disc Capacitors, 10 kVDC to 50 kVDC / 7 kVAC to 34 kVAC, Screw Terminal Mounting;10000 (7000 RMS);8000;N4700;NA;NA;Individual;image/capacitors22210.png;capacitors\715C10KTD80\715C10KTD80.pdf;None
715C10KTD80M4;Enlarge;High Voltage Class 1 Ceramic AC and DC Disc Capacitors, 10 kVDC to 50 kVDC / 7 kVAC to 34 kVAC, Screw Terminal Mounting;10000 (7000 RMS);8000;N4700;NA;NA;Individual;image/capacitors22210.png;capacitors\715C10KTD80M4\715C10KTD80M4.pdf;None
715C10KTD80M5;Enlarge;High Voltage Class 1 Ceramic AC and DC Disc Capacitors, 10 kVDC to 50 kVDC / 7 kVAC to 34 kVAC, Screw Terminal Mounting;10000 (7000 RMS);8000;N4700;NA;NA;Individual;image/capacitors22210.png;capacitors\715C10KTD80M5\715C10KTD80M5.pdf;None
715C10KTT56;Enlarge;High Voltage Class 1 Ceramic AC and DC Disc Capacitors, 10 kVDC to 50 kVDC / 7 kVAC to 34 kVAC, Screw Terminal Mounting;10000 (7000 RMS);560;N4700;NA;NA;Individual;image/capacitors22210.png;capacitors\715C10KTT56\715C10KTT56.pdf;None
715C10KTT56M4;Enlarge;High Voltage Class 1 Ceramic AC and DC Disc Capacitors, 10 kVDC to 50 kVDC / 7 kVAC to 34 kVAC, Screw Terminal Mounting;10000 (7000 RMS);560;N4700;NA;NA;Individual;image/capacitors22210.png;capacitors\715C10KTT56M4\715C10KTT56M4.pdf;None
715C10KTT68;Enlarge;High Voltage Class 1 Ceramic AC and DC Disc Capacitors, 10 kVDC to 50 kVDC / 7 kVAC to 34 kVAC, Screw Terminal Mounting;10000 (7000 RMS);680;N4700;NA;NA;Individual;image/capacitors22210.png;capacitors\715C10KTT68\715C10KTT68.pdf;None
715C10KTT68M4;Enlarge;High Voltage Class 1 Ceramic AC and DC Disc Capacitors, 10 kVDC to 50 kVDC / 7 kVAC to 34 kVAC, Screw Terminal Mounting;10000 (7000 RMS);680;N4700;NA;NA;Individual;image/capacitors22210.png;capacitors\715C10KTT68M4\715C10KTT68M4.pdf;None
715C10KTT82;Enlarge;High Voltage Class 1 Ceramic AC and DC Disc Capacitors, 10 kVDC to 50 kVDC / 7 kVAC to 34 kVAC, Screw Terminal Mounting;10000 (7000 RMS);820;N4700;NA;NA;Individual;image/capacitors22210.png;capacitors\715C10KTT82\715C10KTT82.pdf;None
715C10KTT82M4;Enlarge;High Voltage Class 1 Ceramic AC and DC Disc Capacitors, 10 kVDC to 50 kVDC / 7 kVAC to 34 kVAC, Screw Terminal Mounting;10000 (7000 RMS);820;N4700;NA;NA;Individual;image/capacitors22210.png;capacitors\715C10KTT82M4\715C10KTT82M4.pdf;None
715C15DKD15;Enlarge;High Voltage Class 2 Ceramic DC Disc Capacitors, 10 kVDC to 40 kVDC / 3.5 kVAC to 14 kVAC, Screw Terminal Mounting;15000 (5300 RMS);1500;Y5U;NA;NA;Individual;image/capacitors22168.png;capacitors\715C15DKD15\715C15DKD15.pdf;None
715C15DKD20;Enlarge;High Voltage Class 2 Ceramic DC Disc Capacitors, 10 kVDC to 40 kVDC / 3.5 kVAC to 14 kVAC, Screw Terminal Mounting;15000 (5300 RMS);2000;Y5U;NA;NA;Individual;image/capacitors22168.png;capacitors\715C15DKD20\715C15DKD20.pdf;None
715C15DKD33;Enlarge;High Voltage Class 2 Ceramic DC Disc Capacitors, 10 kVDC to 40 kVDC / 3.5 kVAC to 14 kVAC, Screw Terminal Mounting;15000 (5300 RMS);3300;Y5U;NA;NA;Individual;image/capacitors22168.png;capacitors\715C15DKD33\715C15DKD33.pdf;None
715C15DKD47;Enlarge;High Voltage Class 2 Ceramic DC Disc Capacitors, 10 kVDC to 40 kVDC / 3.5 kVAC to 14 kVAC, Screw Terminal Mounting;15000 (5300 RMS);4700;Y5U;NA;NA;Individual;image/capacitors22168.png;capacitors\715C15DKD47\715C15DKD47.pdf;None
715C15DKS10;Enlarge;High Voltage Class 2 Ceramic DC Disc Capacitors, 10 kVDC to 40 kVDC / 3.5 kVAC to 14 kVAC, Screw Terminal Mounting;15000 (5300 RMS);10000;Y5U;NA;NA;Individual;image/capacitors22168.png;capacitors\715C15DKS10\715C15DKS10.pdf;None
715C15KTD10;Enlarge;High Voltage Class 1 Ceramic AC and DC Disc Capacitors, 10 kVDC to 50 kVDC / 7 kVAC to 34 kVAC, Screw Terminal Mounting;15000 (10000 RMS);1000;N4700;NA;NA;Individual;image/capacitors22210.png;capacitors\715C15KTD10\715C15KTD10.pdf;None
715C15KTD10M4;Enlarge;High Voltage Class 1 Ceramic AC and DC Disc Capacitors, 10 kVDC to 50 kVDC / 7 kVAC to 34 kVAC, Screw Terminal Mounting;15000 (10000 RMS);1000;N4700;NA;NA;Individual;image/capacitors22210.png;capacitors\715C15KTD10M4\715C15KTD10M4.pdf;None
715C15KTD11;Enlarge;High Voltage Class 1 Ceramic AC and DC Disc Capacitors, 10 kVDC to 50 kVDC / 7 kVAC to 34 kVAC, Screw Terminal Mounting;15000 (10000 RMS);1100;N4700;NA;NA;Individual;image/capacitors22210.png;capacitors\715C15KTD11\715C15KTD11.pdf;None
715C15KTD11M4;Enlarge;High Voltage Class 1 Ceramic AC and DC Disc Capacitors, 10 kVDC to 50 kVDC / 7 kVAC to 34 kVAC, Screw Terminal Mounting;15000 (10000 RMS);1100;N4700;NA;NA;Individual;image/capacitors22210.png;capacitors\715C15KTD11M4\715C15KTD11M4.pdf;None
715C15KTD15;Enlarge;High Voltage Class 1 Ceramic AC and DC Disc Capacitors, 10 kVDC to 50 kVDC / 7 kVAC to 34 kVAC, Screw Terminal Mounting;15000 (10000 RMS);1500;N4700;NA;NA;Individual;image/capacitors22210.png;capacitors\715C15KTD15\715C15KTD15.pdf;None
715C15KTD15M4;Enlarge;High Voltage Class 1 Ceramic AC and DC Disc Capacitors, 10 kVDC to 50 kVDC / 7 kVAC to 34 kVAC, Screw Terminal Mounting;15000 (10000 RMS);1500;N4700;NA;NA;Individual;image/capacitors22210.png;capacitors\715C15KTD15M4\715C15KTD15M4.pdf;None
715C15KTD19;Enlarge;High Voltage Class 1 Ceramic AC and DC Disc Capacitors, 10 kVDC to 50 kVDC / 7 kVAC to 34 kVAC, Screw Terminal Mounting;15000 (10000 RMS);1900;N4700;NA;NA;Individual;image/capacitors22210.png;capacitors\715C15KTD19\715C15KTD19.pdf;None
715C15KTD19M4;Enlarge;High Voltage Class 1 Ceramic AC and DC Disc Capacitors, 10 kVDC to 50 kVDC / 7 kVAC to 34 kVAC, Screw Terminal Mounting;15000 (10000 RMS);1900;N4700;NA;NA;Individual;image/capacitors22210.png;capacitors\715C15KTD19M4\715C15KTD19M4.pdf;None
715C15KTD19M5;Enlarge;High Voltage Class 1 Ceramic AC and DC Disc Capacitors, 10 kVDC to 50 kVDC / 7 kVAC to 34 kVAC, Screw Terminal Mounting;15000 (10000 RMS);1900;N4700;NA;NA;Individual;image/capacitors22210.png;capacitors\715C15KTD19M5\715C15KTD19M5.pdf;None
715C15KTD27;Enlarge;High Voltage Class 1 Ceramic AC and DC Disc Capacitors, 10 kVDC to 50 kVDC / 7 kVAC to 34 kVAC, Screw Terminal Mounting;15000 (10000 RMS);2700;N4700;NA;NA;Individual;image/capacitors22210.png;capacitors\715C15KTD27\715C15KTD27.pdf;None
715C15KTD27M4;Enlarge;High Voltage Class 1 Ceramic AC and DC Disc Capacitors, 10 kVDC to 50 kVDC / 7 kVAC to 34 kVAC, Screw Terminal Mounting;15000 (10000 RMS);2700;N4700;NA;NA;Individual;image/capacitors22210.png;capacitors\715C15KTD27M4\715C15KTD27M4.pdf;None
715C15KTD27M5;Enlarge;High Voltage Class 1 Ceramic AC and DC Disc Capacitors, 10 kVDC to 50 kVDC / 7 kVAC to 34 kVAC, Screw Terminal Mounting;15000 (10000 RMS);2700;N4700;NA;NA;Individual;image/capacitors22210.png;capacitors\715C15KTD27M5\715C15KTD27M5.pdf;None
715C15KTD33;Enlarge;High Voltage Class 1 Ceramic AC and DC Disc Capacitors, 10 kVDC to 50 kVDC / 7 kVAC to 34 kVAC, Screw Terminal Mounting;15000 (10000 RMS);3300;N4700;NA;NA;Individual;image/capacitors22210.png;capacitors\715C15KTD33\715C15KTD33.pdf;None
715C15KTD33M4;Enlarge;High Voltage Class 1 Ceramic AC and DC Disc Capacitors, 10 kVDC to 50 kVDC / 7 kVAC to 34 kVAC, Screw Terminal Mounting;15000 (10000 RMS);3300;N4700;NA;NA;Individual;image/capacitors22210.png;capacitors\715C15KTD33M4\715C15KTD33M4.pdf;None
715C15KTD33M5;Enlarge;High Voltage Class 1 Ceramic AC and DC Disc Capacitors, 10 kVDC to 50 kVDC / 7 kVAC to 34 kVAC, Screw Terminal Mounting;15000 (10000 RMS);3300;N4700;NA;NA;Individual;image/capacitors22210.png;capacitors\715C15KTD33M5\715C15KTD33M5.pdf;None
715C15KTD34;Enlarge;High Voltage Class 1 Ceramic AC and DC Disc Capacitors, 10 kVDC to 50 kVDC / 7 kVAC to 34 kVAC, Screw Terminal Mounting;15000 (10000 RMS);3400;N4700;NA;NA;Individual;image/capacitors22210.png;capacitors\715C15KTD34\715C15KTD34.pdf;None
715C15KTD34M4;Enlarge;High Voltage Class 1 Ceramic AC and DC Disc Capacitors, 10 kVDC to 50 kVDC / 7 kVAC to 34 kVAC, Screw Terminal Mounting;15000 (10000 RMS);3400;N4700;NA;NA;Individual;image/capacitors22210.png;capacitors\715C15KTD34M4\715C15KTD34M4.pdf;None
715C15KTD34M5;Enlarge;High Voltage Class 1 Ceramic AC and DC Disc Capacitors, 10 kVDC to 50 kVDC / 7 kVAC to 34 kVAC, Screw Terminal Mounting;15000 (10000 RMS);3400;N4700;NA;NA;Individual;image/capacitors22210.png;capacitors\715C15KTD34M5\715C15KTD34M5.pdf;None
715C15KTD47;Enlarge;High Voltage Class 1 Ceramic AC and DC Disc Capacitors, 10 kVDC to 50 kVDC / 7 kVAC to 34 kVAC, Screw Terminal Mounting;15000 (10000 RMS);4700;N4700;NA;NA;Individual;image/capacitors22210.png;capacitors\715C15KTD47\715C15KTD47.pdf;None
715C15KTD47M4;Enlarge;High Voltage Class 1 Ceramic AC and DC Disc Capacitors, 10 kVDC to 50 kVDC / 7 kVAC to 34 kVAC, Screw Terminal Mounting;15000 (10000 RMS);4700;N4700;NA;NA;Individual;image/capacitors22210.png;capacitors\715C15KTD47M4\715C15KTD47M4.pdf;None
715C15KTD47M5;Enlarge;High Voltage Class 1 Ceramic AC and DC Disc Capacitors, 10 kVDC to 50 kVDC / 7 kVAC to 34 kVAC, Screw Terminal Mounting;15000 (10000 RMS);4700;N4700;NA;NA;Individual;image/capacitors22210.png;capacitors\715C15KTD47M5\715C15KTD47M5.pdf;None
715C15KTD53;Enlarge;High Voltage Class 1 Ceramic AC and DC Disc Capacitors, 10 kVDC to 50 kVDC / 7 kVAC to 34 kVAC, Screw Terminal Mounting;15000 (10000 RMS);5300;N4700;NA;NA;Individual;image/capacitors22210.png;capacitors\715C15KTD53\715C15KTD53.pdf;None
715C15KTD53M4;Enlarge;High Voltage Class 1 Ceramic AC and DC Disc Capacitors, 10 kVDC to 50 kVDC / 7 kVAC to 34 kVAC, Screw Terminal Mounting;15000 (10000 RMS);5300;N4700;NA;NA;Individual;image/capacitors22210.png;capacitors\715C15KTD53M4\715C15KTD53M4.pdf;None
715C15KTD53M5;Enlarge;High Voltage Class 1 Ceramic AC and DC Disc Capacitors, 10 kVDC to 50 kVDC / 7 kVAC to 34 kVAC, Screw Terminal Mounting;15000 (10000 RMS);5300;N4700;NA;NA;Individual;image/capacitors22210.png;capacitors\715C15KTD53M5\715C15KTD53M5.pdf;None
715C15KTT37;Enlarge;High Voltage Class 1 Ceramic AC and DC Disc Capacitors, 10 kVDC to 50 kVDC / 7 kVAC to 34 kVAC, Screw Terminal Mounting;15000 (10000 RMS);370;N4700;NA;NA;Individual;image/capacitors22210.png;capacitors\715C15KTT37\715C15KTT37.pdf;None
715C15KTT37M4;Enlarge;High Voltage Class 1 Ceramic AC and DC Disc Capacitors, 10 kVDC to 50 kVDC / 7 kVAC to 34 kVAC, Screw Terminal Mounting;15000 (10000 RMS);370;N4700;NA;NA;Individual;image/capacitors22210.png;capacitors\715C15KTT37M4\715C15KTT37M4.pdf;None
715C15KTT56;Enlarge;High Voltage Class 1 Ceramic AC and DC Disc Capacitors, 10 kVDC to 50 kVDC / 7 kVAC to 34 kVAC, Screw Terminal Mounting;15000 (10000 RMS);560;N4700;NA;NA;Individual;image/capacitors22210.png;capacitors\715C15KTT56\715C15KTT56.pdf;None
715C15KTT56M4;Enlarge;High Voltage Class 1 Ceramic AC and DC Disc Capacitors, 10 kVDC to 50 kVDC / 7 kVAC to 34 kVAC, Screw Terminal Mounting;15000 (10000 RMS);560;N4700;NA;NA;Individual;image/capacitors22210.png;capacitors\715C15KTT56M4\715C15KTT56M4.pdf;None
715C15KTT75;Enlarge;High Voltage Class 1 Ceramic AC and DC Disc Capacitors, 10 kVDC to 50 kVDC / 7 kVAC to 34 kVAC, Screw Terminal Mounting;15000 (10000 RMS);750;N4700;NA;NA;Individual;image/capacitors22210.png;capacitors\715C15KTT75\715C15KTT75.pdf;None
715C15KTT75M4;Enlarge;High Voltage Class 1 Ceramic AC and DC Disc Capacitors, 10 kVDC to 50 kVDC / 7 kVAC to 34 kVAC, Screw Terminal Mounting;15000 (10000 RMS);750;N4700;NA;NA;Individual;image/capacitors22210.png;capacitors\715C15KTT75M4\715C15KTT75M4.pdf;None
715C20DKD10;Enlarge;High Voltage Class 2 Ceramic DC Disc Capacitors, 10 kVDC to 40 kVDC / 3.5 kVAC to 14 kVAC, Screw Terminal Mounting;20000 (7000 RMS);1000;Y5U;NA;NA;Individual;image/capacitors22168.png;capacitors\715C20DKD10\715C20DKD10.pdf;None
715C20DKD10M5;Enlarge;High Voltage Class 2 Ceramic DC Disc Capacitors, 10 kVDC to 40 kVDC / 3.5 kVAC to 14 kVAC, Screw Terminal Mounting;20000 (7000 RMS);1000;Y5U;NA;NA;Individual;image/capacitors22168.png;capacitors\715C20DKD10M5\715C20DKD10M5.pdf;None
715C20DKD13;Enlarge;High Voltage Class 2 Ceramic DC Disc Capacitors, 10 kVDC to 40 kVDC / 3.5 kVAC to 14 kVAC, Screw Terminal Mounting;20000 (7000 RMS);1300;Y5U;NA;NA;Individual;image/capacitors22168.png;capacitors\715C20DKD13\715C20DKD13.pdf;None
715C20DKD25;Enlarge;High Voltage Class 2 Ceramic DC Disc Capacitors, 10 kVDC to 40 kVDC / 3.5 kVAC to 14 kVAC, Screw Terminal Mounting;20000 (7000 RMS);2500;Y5U;NA;NA;Individual;image/capacitors22168.png;capacitors\715C20DKD25\715C20DKD25.pdf;None
715C20DKD33;Enlarge;High Voltage Class 2 Ceramic DC Disc Capacitors, 10 kVDC to 40 kVDC / 3.5 kVAC to 14 kVAC, Screw Terminal Mounting;20000 (7000 RMS);3300;Y5U;NA;NA;Individual;image/capacitors22168.png;capacitors\715C20DKD33\715C20DKD33.pdf;None
715C20DKD47;Enlarge;High Voltage Class 2 Ceramic DC Disc Capacitors, 10 kVDC to 40 kVDC / 3.5 kVAC to 14 kVAC, Screw Terminal Mounting;20000 (7000 RMS);4700;Y5U;NA;NA;Individual;image/capacitors22168.png;capacitors\715C20DKD47\715C20DKD47.pdf;None
715C20DKD68;Enlarge;High Voltage Class 2 Ceramic DC Disc Capacitors, 10 kVDC to 40 kVDC / 3.5 kVAC to 14 kVAC, Screw Terminal Mounting;20000 (7000 RMS);6800;Y5U;NA;NA;Individual;image/capacitors22168.png;capacitors\715C20DKD68\715C20DKD68.pdf;None
715C20DKT50;Enlarge;High Voltage Class 2 Ceramic DC Disc Capacitors, 10 kVDC to 40 kVDC / 3.5 kVAC to 14 kVAC, Screw Terminal Mounting;20000 (7000 RMS);500;Y5U;NA;NA;Individual;image/capacitors22168.png;capacitors\715C20DKT50\715C20DKT50.pdf;None
715C20KTD10;Enlarge;High Voltage Class 1 Ceramic AC and DC Disc Capacitors, 10 kVDC to 50 kVDC / 7 kVAC to 34 kVAC, Screw Terminal Mounting;20000 (14000 RMS);1000;N4700;NA;NA;Individual;image/capacitors22210.png;capacitors\715C20KTD10\715C20KTD10.pdf;None
715C20KTD10M4;Enlarge;High Voltage Class 1 Ceramic AC and DC Disc Capacitors, 10 kVDC to 50 kVDC / 7 kVAC to 34 kVAC, Screw Terminal Mounting;20000 (14000 RMS);1000;N4700;NA;NA;Individual;image/capacitors22210.png;capacitors\715C20KTD10M4\715C20KTD10M4.pdf;None
715C20KTD10M5;Enlarge;High Voltage Class 1 Ceramic AC and DC Disc Capacitors, 10 kVDC to 50 kVDC / 7 kVAC to 34 kVAC, Screw Terminal Mounting;20000 (14000 RMS);1000;N4700;NA;NA;Individual;image/capacitors22210.png;capacitors\715C20KTD10M5\715C20KTD10M5.pdf;None
715C20KTD14;Enlarge;High Voltage Class 1 Ceramic AC and DC Disc Capacitors, 10 kVDC to 50 kVDC / 7 kVAC to 34 kVAC, Screw Terminal Mounting;20000 (14000 RMS);1400;N4700;NA;NA;Individual;image/capacitors22210.png;capacitors\715C20KTD14\715C20KTD14.pdf;None
715C20KTD14M4;Enlarge;High Voltage Class 1 Ceramic AC and DC Disc Capacitors, 10 kVDC to 50 kVDC / 7 kVAC to 34 kVAC, Screw Terminal Mounting;20000 (14000 RMS);1400;N4700;NA;NA;Individual;image/capacitors22210.png;capacitors\715C20KTD14M4\715C20KTD14M4.pdf;None
715C20KTD14M5;Enlarge;High Voltage Class 1 Ceramic AC and DC Disc Capacitors, 10 kVDC to 50 kVDC / 7 kVAC to 34 kVAC, Screw Terminal Mounting;20000 (14000 RMS);1400;N4700;NA;NA;Individual;image/capacitors22210.png;capacitors\715C20KTD14M5\715C20KTD14M5.pdf;None
715C20KTD17;Enlarge;High Voltage Class 1 Ceramic AC and DC Disc Capacitors, 10 kVDC to 50 kVDC / 7 kVAC to 34 kVAC, Screw Terminal Mounting;20000 (14000 RMS);1700;N4700;NA;NA;Individual;image/capacitors22210.png;capacitors\715C20KTD17\715C20KTD17.pdf;None
715C20KTD17M4;Enlarge;High Voltage Class 1 Ceramic AC and DC Disc Capacitors, 10 kVDC to 50 kVDC / 7 kVAC to 34 kVAC, Screw Terminal Mounting;20000 (14000 RMS);1700;N4700;NA;NA;Individual;image/capacitors22210.png;capacitors\715C20KTD17M4\715C20KTD17M4.pdf;None
715C20KTD17M5;Enlarge;High Voltage Class 1 Ceramic AC and DC Disc Capacitors, 10 kVDC to 50 kVDC / 7 kVAC to 34 kVAC, Screw Terminal Mounting;20000 (14000 RMS);1700;N4700;NA;NA;Individual;image/capacitors22210.png;capacitors\715C20KTD17M5\715C20KTD17M5.pdf;None
715C20KTD22;Enlarge;High Voltage Class 1 Ceramic AC and DC Disc Capacitors, 10 kVDC to 50 kVDC / 7 kVAC to 34 kVAC, Screw Terminal Mounting;20000 (14000 RMS);2200;N4700;NA;NA;Individual;image/capacitors22210.png;capacitors\715C20KTD22\715C20KTD22.pdf;None
715C20KTD22M4;Enlarge;High Voltage Class 1 Ceramic AC and DC Disc Capacitors, 10 kVDC to 50 kVDC / 7 kVAC to 34 kVAC, Screw Terminal Mounting;20000 (14000 RMS);2200;N4700;NA;NA;Individual;image/capacitors22210.png;capacitors\715C20KTD22M4\715C20KTD22M4.pdf;None
715C20KTD22M5;Enlarge;High Voltage Class 1 Ceramic AC and DC Disc Capacitors, 10 kVDC to 50 kVDC / 7 kVAC to 34 kVAC, Screw Terminal Mounting;20000 (14000 RMS);2200;N4700;NA;NA;Individual;image/capacitors22210.png;capacitors\715C20KTD22M5\715C20KTD22M5.pdf;None
715C20KTD25;Enlarge;High Voltage Class 1 Ceramic AC and DC Disc Capacitors, 10 kVDC to 50 kVDC / 7 kVAC to 34 kVAC, Screw Terminal Mounting;20000 (14000 RMS);2500;N4700;NA;NA;Individual;image/capacitors22210.png;capacitors\715C20KTD25\715C20KTD25.pdf;None
715C20KTD25M4;Enlarge;High Voltage Class 1 Ceramic AC and DC Disc Capacitors, 10 kVDC to 50 kVDC / 7 kVAC to 34 kVAC, Screw Terminal Mounting;20000 (14000 RMS);2500;N4700;NA;NA;Individual;image/capacitors22210.png;capacitors\715C20KTD25M4\715C20KTD25M4.pdf;None
715C20KTD25M5;Enlarge;High Voltage Class 1 Ceramic AC and DC Disc Capacitors, 10 kVDC to 50 kVDC / 7 kVAC to 34 kVAC, Screw Terminal Mounting;20000 (14000 RMS);2500;N4700;NA;NA;Individual;image/capacitors22210.png;capacitors\715C20KTD25M5\715C20KTD25M5.pdf;None
715C20KTD33;Enlarge;High Voltage Class 1 Ceramic AC and DC Disc Capacitors, 10 kVDC to 50 kVDC / 7 kVAC to 34 kVAC, Screw Terminal Mounting;20000 (14000 RMS);3300;N4700;NA;NA;Individual;image/capacitors22210.png;capacitors\715C20KTD33\715C20KTD33.pdf;None
715C20KTD33M4;Enlarge;High Voltage Class 1 Ceramic AC and DC Disc Capacitors, 10 kVDC to 50 kVDC / 7 kVAC to 34 kVAC, Screw Terminal Mounting;20000 (14000 RMS);3300;N4700;NA;NA;Individual;image/capacitors22210.png;capacitors\715C20KTD33M4\715C20KTD33M4.pdf;None
715C20KTD33M5;Enlarge;High Voltage Class 1 Ceramic AC and DC Disc Capacitors, 10 kVDC to 50 kVDC / 7 kVAC to 34 kVAC, Screw Terminal Mounting;20000 (14000 RMS);3300;N4700;NA;NA;Individual;image/capacitors22210.png;capacitors\715C20KTD33M5\715C20KTD33M5.pdf;None
715C20KTD40;Enlarge;High Voltage Class 1 Ceramic AC and DC Disc Capacitors, 10 kVDC to 50 kVDC / 7 kVAC to 34 kVAC, Screw Terminal Mounting;20000 (14000 RMS);4000;N4700;NA;NA;Individual;image/capacitors22210.png;capacitors\715C20KTD40\715C20KTD40.pdf;None
715C20KTD40M4;Enlarge;High Voltage Class 1 Ceramic AC and DC Disc Capacitors, 10 kVDC to 50 kVDC / 7 kVAC to 34 kVAC, Screw Terminal Mounting;20000 (14000 RMS);4000;N4700;NA;NA;Individual;image/capacitors22210.png;capacitors\715C20KTD40M4\715C20KTD40M4.pdf;None
715C20KTD40M5;Enlarge;High Voltage Class 1 Ceramic AC and DC Disc Capacitors, 10 kVDC to 50 kVDC / 7 kVAC to 34 kVAC, Screw Terminal Mounting;20000 (14000 RMS);4000;N4700;NA;NA;Individual;image/capacitors22210.png;capacitors\715C20KTD40M5\715C20KTD40M5.pdf;None
715C20KTT20;Enlarge;High Voltage Class 1 Ceramic AC and DC Disc Capacitors, 10 kVDC to 50 kVDC / 7 kVAC to 34 kVAC, Screw Terminal Mounting;20000 (14000 RMS);200;N4700;NA;NA;Individual;image/capacitors22210.png;capacitors\715C20KTT20\715C20KTT20.pdf;None
715C20KTT20M4;Enlarge;High Voltage Class 1 Ceramic AC and DC Disc Capacitors, 10 kVDC to 50 kVDC / 7 kVAC to 34 kVAC, Screw Terminal Mounting;20000 (14000 RMS);200;N4700;NA;NA;Individual;image/capacitors22210.png;capacitors\715C20KTT20M4\715C20KTT20M4.pdf;None
715C20KTT28;Enlarge;High Voltage Class 1 Ceramic AC and DC Disc Capacitors, 10 kVDC to 50 kVDC / 7 kVAC to 34 kVAC, Screw Terminal Mounting;20000 (14000 RMS);280;N4700;NA;NA;Individual;image/capacitors22210.png;capacitors\715C20KTT28\715C20KTT28.pdf;None
715C20KTT28M4;Enlarge;High Voltage Class 1 Ceramic AC and DC Disc Capacitors, 10 kVDC to 50 kVDC / 7 kVAC to 34 kVAC, Screw Terminal Mounting;20000 (14000 RMS);280;N4700;NA;NA;Individual;image/capacitors22210.png;capacitors\715C20KTT28M4\715C20KTT28M4.pdf;None
715C20KTT40;Enlarge;High Voltage Class 1 Ceramic AC and DC Disc Capacitors, 10 kVDC to 50 kVDC / 7 kVAC to 34 kVAC, Screw Terminal Mounting;20000 (14000 RMS);400;N4700;NA;NA;Individual;image/capacitors22210.png;capacitors\715C20KTT40\715C20KTT40.pdf;None
715C20KTT40M4;Enlarge;High Voltage Class 1 Ceramic AC and DC Disc Capacitors, 10 kVDC to 50 kVDC / 7 kVAC to 34 kVAC, Screw Terminal Mounting;20000 (14000 RMS);400;N4700;NA;NA;Individual;image/capacitors22210.png;capacitors\715C20KTT40M4\715C20KTT40M4.pdf;None
715C20KTT56;Enlarge;High Voltage Class 1 Ceramic AC and DC Disc Capacitors, 10 kVDC to 50 kVDC / 7 kVAC to 34 kVAC, Screw Terminal Mounting;20000 (14000 RMS);560;N4700;NA;NA;Individual;image/capacitors22210.png;capacitors\715C20KTT56\715C20KTT56.pdf;None
715C20KTT56M4;Enlarge;High Voltage Class 1 Ceramic AC and DC Disc Capacitors, 10 kVDC to 50 kVDC / 7 kVAC to 34 kVAC, Screw Terminal Mounting;20000 (14000 RMS);560;N4700;NA;NA;Individual;image/capacitors22210.png;capacitors\715C20KTT56M4\715C20KTT56M4.pdf;None
715C20KTT70;Enlarge;High Voltage Class 1 Ceramic AC and DC Disc Capacitors, 10 kVDC to 50 kVDC / 7 kVAC to 34 kVAC, Screw Terminal Mounting;20000 (14000 RMS);700;N4700;NA;NA;Individual;image/capacitors22210.png;capacitors\715C20KTT70\715C20KTT70.pdf;None
715C20KTT70M4;Enlarge;High Voltage Class 1 Ceramic AC and DC Disc Capacitors, 10 kVDC to 50 kVDC / 7 kVAC to 34 kVAC, Screw Terminal Mounting;20000 (14000 RMS);700;N4700;NA;NA;Individual;image/capacitors22210.png;capacitors\715C20KTT70M4\715C20KTT70M4.pdf;None
715C20KTT88;Enlarge;High Voltage Class 1 Ceramic AC and DC Disc Capacitors, 10 kVDC to 50 kVDC / 7 kVAC to 34 kVAC, Screw Terminal Mounting;20000 (14000 RMS);880;N4700;NA;NA;Individual;image/capacitors22210.png;capacitors\715C20KTT88\715C20KTT88.pdf;None
715C20KTT88M4;Enlarge;High Voltage Class 1 Ceramic AC and DC Disc Capacitors, 10 kVDC to 50 kVDC / 7 kVAC to 34 kVAC, Screw Terminal Mounting;20000 (14000 RMS);880;N4700;NA;NA;Individual;image/capacitors22210.png;capacitors\715C20KTT88M4\715C20KTT88M4.pdf;None
715C30DKD10;Enlarge;High Voltage Class 2 Ceramic DC Disc Capacitors, 10 kVDC to 40 kVDC / 3.5 kVAC to 14 kVAC, Screw Terminal Mounting;30000 (10600 RMS);1000;Y5U;NA;NA;Individual;image/capacitors22168.png;capacitors\715C30DKD10\715C30DKD10.pdf;None
715C30DKD25;Enlarge;High Voltage Class 2 Ceramic DC Disc Capacitors, 10 kVDC to 40 kVDC / 3.5 kVAC to 14 kVAC, Screw Terminal Mounting;30000 (10600 RMS);2500;Y5U;NA;NA;Individual;image/capacitors22168.png;capacitors\715C30DKD25\715C30DKD25.pdf;None
715C30DKD33;Enlarge;High Voltage Class 2 Ceramic DC Disc Capacitors, 10 kVDC to 40 kVDC / 3.5 kVAC to 14 kVAC, Screw Terminal Mounting;30000 (10600 RMS);3300;Y5U;NA;NA;Individual;image/capacitors22168.png;capacitors\715C30DKD33\715C30DKD33.pdf;None
715C30DKD47;Enlarge;High Voltage Class 2 Ceramic DC Disc Capacitors, 10 kVDC to 40 kVDC / 3.5 kVAC to 14 kVAC, Screw Terminal Mounting;30000 (10600 RMS);4700;Y5U;NA;NA;Individual;image/capacitors22168.png;capacitors\715C30DKD47\715C30DKD47.pdf;None
715C30DKD47M5;Enlarge;High Voltage Class 2 Ceramic DC Disc Capacitors, 10 kVDC to 40 kVDC / 3.5 kVAC to 14 kVAC, Screw Terminal Mounting;30000 (10600 RMS);4700;Y5U;NA;NA;Individual;image/capacitors22168.png;capacitors\715C30DKD47M5\715C30DKD47M5.pdf;None
715C30DKT50;Enlarge;High Voltage Class 2 Ceramic DC Disc Capacitors, 10 kVDC to 40 kVDC / 3.5 kVAC to 14 kVAC, Screw Terminal Mounting;30000 (10600 RMS);500;Y5U;NA;NA;Individual;image/capacitors22168.png;capacitors\715C30DKT50\715C30DKT50.pdf;None
715C30KTD12;Enlarge;High Voltage Class 1 Ceramic AC and DC Disc Capacitors, 10 kVDC to 50 kVDC / 7 kVAC to 34 kVAC, Screw Terminal Mounting;30000 (20000 RMS);1200;N4700;NA;NA;Individual;image/capacitors22210.png;capacitors\715C30KTD12\715C30KTD12.pdf;None
715C30KTD12M4;Enlarge;High Voltage Class 1 Ceramic AC and DC Disc Capacitors, 10 kVDC to 50 kVDC / 7 kVAC to 34 kVAC, Screw Terminal Mounting;30000 (20000 RMS);1200;N4700;NA;NA;Individual;image/capacitors22210.png;capacitors\715C30KTD12M4\715C30KTD12M4.pdf;None
715C30KTD12M5;Enlarge;High Voltage Class 1 Ceramic AC and DC Disc Capacitors, 10 kVDC to 50 kVDC / 7 kVAC to 34 kVAC, Screw Terminal Mounting;30000 (20000 RMS);1200;N4700;NA;NA;Individual;image/capacitors22210.png;capacitors\715C30KTD12M5\715C30KTD12M5.pdf;None
715C30KTD15;Enlarge;High Voltage Class 1 Ceramic AC and DC Disc Capacitors, 10 kVDC to 50 kVDC / 7 kVAC to 34 kVAC, Screw Terminal Mounting;30000 (20000 RMS);1500;N4700;NA;NA;Individual;image/capacitors22210.png;capacitors\715C30KTD15\715C30KTD15.pdf;None
715C30KTD15M4;Enlarge;High Voltage Class 1 Ceramic AC and DC Disc Capacitors, 10 kVDC to 50 kVDC / 7 kVAC to 34 kVAC, Screw Terminal Mounting;30000 (20000 RMS);1500;N4700;NA;NA;Individual;image/capacitors22210.png;capacitors\715C30KTD15M4\715C30KTD15M4.pdf;None
715C30KTD15M5;Enlarge;High Voltage Class 1 Ceramic AC and DC Disc Capacitors, 10 kVDC to 50 kVDC / 7 kVAC to 34 kVAC, Screw Terminal Mounting;30000 (20000 RMS);1500;N4700;NA;NA;Individual;image/capacitors22210.png;capacitors\715C30KTD15M5\715C30KTD15M5.pdf;None
715C30KTD17;Enlarge;High Voltage Class 1 Ceramic AC and DC Disc Capacitors, 10 kVDC to 50 kVDC / 7 kVAC to 34 kVAC, Screw Terminal Mounting;30000 (20000 RMS);1700;N4700;NA;NA;Individual;image/capacitors22210.png;capacitors\715C30KTD17\715C30KTD17.pdf;None
715C30KTD17M4;Enlarge;High Voltage Class 1 Ceramic AC and DC Disc Capacitors, 10 kVDC to 50 kVDC / 7 kVAC to 34 kVAC, Screw Terminal Mounting;30000 (20000 RMS);1700;N4700;NA;NA;Individual;image/capacitors22210.png;capacitors\715C30KTD17M4\715C30KTD17M4.pdf;None
715C30KTD17M5;Enlarge;High Voltage Class 1 Ceramic AC and DC Disc Capacitors, 10 kVDC to 50 kVDC / 7 kVAC to 34 kVAC, Screw Terminal Mounting;30000 (20000 RMS);1700;N4700;NA;NA;Individual;image/capacitors22210.png;capacitors\715C30KTD17M5\715C30KTD17M5.pdf;None
715C30KTD22;Enlarge;High Voltage Class 1 Ceramic AC and DC Disc Capacitors, 10 kVDC to 50 kVDC / 7 kVAC to 34 kVAC, Screw Terminal Mounting;30000 (20000 RMS);2200;N4700;NA;NA;Individual;image/capacitors22210.png;capacitors\715C30KTD22\715C30KTD22.pdf;None
715C30KTD22M4;Enlarge;High Voltage Class 1 Ceramic AC and DC Disc Capacitors, 10 kVDC to 50 kVDC / 7 kVAC to 34 kVAC, Screw Terminal Mounting;30000 (20000 RMS);2200;N4700;NA;NA;Individual;image/capacitors22210.png;capacitors\715C30KTD22M4\715C30KTD22M4.pdf;None
715C30KTD22M5;Enlarge;High Voltage Class 1 Ceramic AC and DC Disc Capacitors, 10 kVDC to 50 kVDC / 7 kVAC to 34 kVAC, Screw Terminal Mounting;30000 (20000 RMS);2200;N4700;NA;NA;Individual;image/capacitors22210.png;capacitors\715C30KTD22M5\715C30KTD22M5.pdf;None
715C30KTD27;Enlarge;High Voltage Class 1 Ceramic AC and DC Disc Capacitors, 10 kVDC to 50 kVDC / 7 kVAC to 34 kVAC, Screw Terminal Mounting;30000 (20000 RMS);2700;N4700;NA;NA;Individual;image/capacitors22210.png;capacitors\715C30KTD27\715C30KTD27.pdf;None
715C30KTD27M4;Enlarge;High Voltage Class 1 Ceramic AC and DC Disc Capacitors, 10 kVDC to 50 kVDC / 7 kVAC to 34 kVAC, Screw Terminal Mounting;30000 (20000 RMS);2700;N4700;NA;NA;Individual;image/capacitors22210.png;capacitors\715C30KTD27M4\715C30KTD27M4.pdf;None
715C30KTD27M5;Enlarge;High Voltage Class 1 Ceramic AC and DC Disc Capacitors, 10 kVDC to 50 kVDC / 7 kVAC to 34 kVAC, Screw Terminal Mounting;30000 (20000 RMS);2700;N4700;NA;NA;Individual;image/capacitors22210.png;capacitors\715C30KTD27M5\715C30KTD27M5.pdf;None
715C30KTT19;Enlarge;High Voltage Class 1 Ceramic AC and DC Disc Capacitors, 10 kVDC to 50 kVDC / 7 kVAC to 34 kVAC, Screw Terminal Mounting;30000 (20000 RMS);190;N4700;NA;NA;Individual;image/capacitors22210.png;capacitors\715C30KTT19\715C30KTT19.pdf;None
715C30KTT19M4;Enlarge;High Voltage Class 1 Ceramic AC and DC Disc Capacitors, 10 kVDC to 50 kVDC / 7 kVAC to 34 kVAC, Screw Terminal Mounting;30000 (20000 RMS);190;N4700;NA;NA;Individual;image/capacitors22210.png;capacitors\715C30KTT19M4\715C30KTT19M4.pdf;None
715C30KTT20;Enlarge;High Voltage Class 1 Ceramic AC and DC Disc Capacitors, 10 kVDC to 50 kVDC / 7 kVAC to 34 kVAC, Screw Terminal Mounting;30000 (20000 RMS);200;N4700;NA;NA;Individual;image/capacitors22210.png;capacitors\715C30KTT20\715C30KTT20.pdf;None
715C30KTT20M4;Enlarge;High Voltage Class 1 Ceramic AC and DC Disc Capacitors, 10 kVDC to 50 kVDC / 7 kVAC to 34 kVAC, Screw Terminal Mounting;30000 (20000 RMS);200;N4700;NA;NA;Individual;image/capacitors22210.png;capacitors\715C30KTT20M4\715C30KTT20M4.pdf;None
715C30KTT33;Enlarge;High Voltage Class 1 Ceramic AC and DC Disc Capacitors, 10 kVDC to 50 kVDC / 7 kVAC to 34 kVAC, Screw Terminal Mounting;30000 (20000 RMS);330;N4700;NA;NA;Individual;image/capacitors22210.png;capacitors\715C30KTT33\715C30KTT33.pdf;None
715C30KTT33M4;Enlarge;High Voltage Class 1 Ceramic AC and DC Disc Capacitors, 10 kVDC to 50 kVDC / 7 kVAC to 34 kVAC, Screw Terminal Mounting;30000 (20000 RMS);330;N4700;NA;NA;Individual;image/capacitors22210.png;capacitors\715C30KTT33M4\715C30KTT33M4.pdf;None
715C30KTT40;Enlarge;High Voltage Class 1 Ceramic AC and DC Disc Capacitors, 10 kVDC to 50 kVDC / 7 kVAC to 34 kVAC, Screw Terminal Mounting;30000 (20000 RMS);400;N4700;NA;NA;Individual;image/capacitors22210.png;capacitors\715C30KTT40\715C30KTT40.pdf;None
715C30KTT40M4;Enlarge;High Voltage Class 1 Ceramic AC and DC Disc Capacitors, 10 kVDC to 50 kVDC / 7 kVAC to 34 kVAC, Screw Terminal Mounting;30000 (20000 RMS);400;N4700;NA;NA;Individual;image/capacitors22210.png;capacitors\715C30KTT40M4\715C30KTT40M4.pdf;None
715C30KTT40M5;Enlarge;High Voltage Class 1 Ceramic AC and DC Disc Capacitors, 10 kVDC to 50 kVDC / 7 kVAC to 34 kVAC, Screw Terminal Mounting;30000 (20000 RMS);400;N4700;NA;NA;Individual;image/capacitors22210.png;capacitors\715C30KTT40M5\715C30KTT40M5.pdf;None
715C30KTT59;Enlarge;High Voltage Class 1 Ceramic AC and DC Disc Capacitors, 10 kVDC to 50 kVDC / 7 kVAC to 34 kVAC, Screw Terminal Mounting;30000 (20000 RMS);590;N4700;NA;NA;Individual;image/capacitors22210.png;capacitors\715C30KTT59\715C30KTT59.pdf;None
715C30KTT59M4;Enlarge;High Voltage Class 1 Ceramic AC and DC Disc Capacitors, 10 kVDC to 50 kVDC / 7 kVAC to 34 kVAC, Screw Terminal Mounting;30000 (20000 RMS);590;N4700;NA;NA;Individual;image/capacitors22210.png;capacitors\715C30KTT59M4\715C30KTT59M4.pdf;None
715C30KTT59M5;Enlarge;High Voltage Class 1 Ceramic AC and DC Disc Capacitors, 10 kVDC to 50 kVDC / 7 kVAC to 34 kVAC, Screw Terminal Mounting;30000 (20000 RMS);590;N4700;NA;NA;Individual;image/capacitors22210.png;capacitors\715C30KTT59M5\715C30KTT59M5.pdf;None
715C30KTT70;Enlarge;High Voltage Class 1 Ceramic AC and DC Disc Capacitors, 10 kVDC to 50 kVDC / 7 kVAC to 34 kVAC, Screw Terminal Mounting;30000 (20000 RMS);700;N4700;NA;NA;Individual;image/capacitors22210.png;capacitors\715C30KTT70\715C30KTT70.pdf;None
715C30KTT70M4;Enlarge;High Voltage Class 1 Ceramic AC and DC Disc Capacitors, 10 kVDC to 50 kVDC / 7 kVAC to 34 kVAC, Screw Terminal Mounting;30000 (20000 RMS);700;N4700;NA;NA;Individual;image/capacitors22210.png;capacitors\715C30KTT70M4\715C30KTT70M4.pdf;None
715C30KTT70M5;Enlarge;High Voltage Class 1 Ceramic AC and DC Disc Capacitors, 10 kVDC to 50 kVDC / 7 kVAC to 34 kVAC, Screw Terminal Mounting;30000 (20000 RMS);700;N4700;NA;NA;Individual;image/capacitors22210.png;capacitors\715C30KTT70M5\715C30KTT70M5.pdf;None
715C30KTT94;Enlarge;High Voltage Class 1 Ceramic AC and DC Disc Capacitors, 10 kVDC to 50 kVDC / 7 kVAC to 34 kVAC, Screw Terminal Mounting;30000 (20000 RMS);940;N4700;NA;NA;Individual;image/capacitors22210.png;capacitors\715C30KTT94\715C30KTT94.pdf;None
715C30KTT94M4;Enlarge;High Voltage Class 1 Ceramic AC and DC Disc Capacitors, 10 kVDC to 50 kVDC / 7 kVAC to 34 kVAC, Screw Terminal Mounting;30000 (20000 RMS);940;N4700;NA;NA;Individual;image/capacitors22210.png;capacitors\715C30KTT94M4\715C30KTT94M4.pdf;None
715C30KTT94M5;Enlarge;High Voltage Class 1 Ceramic AC and DC Disc Capacitors, 10 kVDC to 50 kVDC / 7 kVAC to 34 kVAC, Screw Terminal Mounting;30000 (20000 RMS);940;N4700;NA;NA;Individual;image/capacitors22210.png;capacitors\715C30KTT94M5\715C30KTT94M5.pdf;None
715C40DKD10;Enlarge;High Voltage Class 2 Ceramic DC Disc Capacitors, 10 kVDC to 40 kVDC / 3.5 kVAC to 14 kVAC, Screw Terminal Mounting;40000 (14000 RMS);1000;Y5U;NA;NA;Individual;image/capacitors22168.png;capacitors\715C40DKD10\715C40DKD10.pdf;None
715C40DKD16;Enlarge;High Voltage Class 2 Ceramic DC Disc Capacitors, 10 kVDC to 40 kVDC / 3.5 kVAC to 14 kVAC, Screw Terminal Mounting;40000 (14000 RMS);1600;Y5U;NA;NA;Individual;image/capacitors22168.png;capacitors\715C40DKD16\715C40DKD16.pdf;None
715C40DKD25;Enlarge;High Voltage Class 2 Ceramic DC Disc Capacitors, 10 kVDC to 40 kVDC / 3.5 kVAC to 14 kVAC, Screw Terminal Mounting;40000 (14000 RMS);2500;Y5U;NA;NA;Individual;image/capacitors22168.png;capacitors\715C40DKD25\715C40DKD25.pdf;None
715C40DKD33;Enlarge;High Voltage Class 2 Ceramic DC Disc Capacitors, 10 kVDC to 40 kVDC / 3.5 kVAC to 14 kVAC, Screw Terminal Mounting;40000 (14000 RMS);3300;Y5U;NA;NA;Individual;image/capacitors22168.png;capacitors\715C40DKD33\715C40DKD33.pdf;None
715C40DKT30;Enlarge;High Voltage Class 2 Ceramic DC Disc Capacitors, 10 kVDC to 40 kVDC / 3.5 kVAC to 14 kVAC, Screw Terminal Mounting;40000 (14000 RMS);300;Y5U;NA;NA;Individual;image/capacitors22168.png;capacitors\715C40DKT30\715C40DKT30.pdf;None
715C40DKT50;Enlarge;High Voltage Class 2 Ceramic DC Disc Capacitors, 10 kVDC to 40 kVDC / 3.5 kVAC to 14 kVAC, Screw Terminal Mounting;40000 (14000 RMS);500;Y5U;NA;NA;Individual;image/capacitors22168.png;capacitors\715C40DKT50\715C40DKT50.pdf;None
715C40DKT78;Enlarge;High Voltage Class 2 Ceramic DC Disc Capacitors, 10 kVDC to 40 kVDC / 3.5 kVAC to 14 kVAC, Screw Terminal Mounting;40000 (14000 RMS);780;Y5U;NA;NA;Individual;image/capacitors22168.png;capacitors\715C40DKT78\715C40DKT78.pdf;None
715C40KTD10;Enlarge;High Voltage Class 1 Ceramic AC and DC Disc Capacitors, 10 kVDC to 50 kVDC / 7 kVAC to 34 kVAC, Screw Terminal Mounting;40000 (27000 RMS);1000;N4700;NA;NA;Individual;image/capacitors22210.png;capacitors\715C40KTD10\715C40KTD10.pdf;None
715C40KTD10M4;Enlarge;High Voltage Class 1 Ceramic AC and DC Disc Capacitors, 10 kVDC to 50 kVDC / 7 kVAC to 34 kVAC, Screw Terminal Mounting;40000 (27000 RMS);1000;N4700;NA;NA;Individual;image/capacitors22210.png;capacitors\715C40KTD10M4\715C40KTD10M4.pdf;None
715C40KTD10M5;Enlarge;High Voltage Class 1 Ceramic AC and DC Disc Capacitors, 10 kVDC to 50 kVDC / 7 kVAC to 34 kVAC, Screw Terminal Mounting;40000 (27000 RMS);1000;N4700;NA;NA;Individual;image/capacitors22210.png;capacitors\715C40KTD10M5\715C40KTD10M5.pdf;None
715C40KTD13;Enlarge;High Voltage Class 1 Ceramic AC and DC Disc Capacitors, 10 kVDC to 50 kVDC / 7 kVAC to 34 kVAC, Screw Terminal Mounting;40000 (27000 RMS);1300;N4700;NA;NA;Individual;image/capacitors22210.png;capacitors\715C40KTD13\715C40KTD13.pdf;None
715C40KTD13M5;Enlarge;High Voltage Class 1 Ceramic AC and DC Disc Capacitors, 10 kVDC to 50 kVDC / 7 kVAC to 34 kVAC, Screw Terminal Mounting;40000 (27000 RMS);1300;N4700;NA;NA;Individual;image/capacitors22210.png;capacitors\715C40KTD13M5\715C40KTD13M5.pdf;None
715C40KTD15;Enlarge;High Voltage Class 1 Ceramic AC and DC Disc Capacitors, 10 kVDC to 50 kVDC / 7 kVAC to 34 kVAC, Screw Terminal Mounting;40000 (27000 RMS);1500;N4700;NA;NA;Individual;image/capacitors22210.png;capacitors\715C40KTD15\715C40KTD15.pdf;None
715C40KTD15M5;Enlarge;High Voltage Class 1 Ceramic AC and DC Disc Capacitors, 10 kVDC to 50 kVDC / 7 kVAC to 34 kVAC, Screw Terminal Mounting;40000 (27000 RMS);1500;N4700;NA;NA;Individual;image/capacitors22210.png;capacitors\715C40KTD15M5\715C40KTD15M5.pdf;None
715C40KTD20;Enlarge;High Voltage Class 1 Ceramic AC and DC Disc Capacitors, 10 kVDC to 50 kVDC / 7 kVAC to 34 kVAC, Screw Terminal Mounting;40000 (27000 RMS);2000;N4700;NA;NA;Individual;image/capacitors22210.png;capacitors\715C40KTD20\715C40KTD20.pdf;None
715C40KTD20M5;Enlarge;High Voltage Class 1 Ceramic AC and DC Disc Capacitors, 10 kVDC to 50 kVDC / 7 kVAC to 34 kVAC, Screw Terminal Mounting;40000 (27000 RMS);2000;N4700;NA;NA;Individual;image/capacitors22210.png;capacitors\715C40KTD20M5\715C40KTD20M5.pdf;None
715C40KTT10;Enlarge;High Voltage Class 1 Ceramic AC and DC Disc Capacitors, 10 kVDC to 50 kVDC / 7 kVAC to 34 kVAC, Screw Terminal Mounting;40000 (27000 RMS);100;N4700;NA;NA;Individual;image/capacitors22210.png;capacitors\715C40KTT10\715C40KTT10.pdf;None
715C40KTT10M4;Enlarge;High Voltage Class 1 Ceramic AC and DC Disc Capacitors, 10 kVDC to 50 kVDC / 7 kVAC to 34 kVAC, Screw Terminal Mounting;40000 (27000 RMS);100;N4700;NA;NA;Individual;image/capacitors22210.png;capacitors\715C40KTT10M4\715C40KTT10M4.pdf;None
715C40KTT14;Enlarge;High Voltage Class 1 Ceramic AC and DC Disc Capacitors, 10 kVDC to 50 kVDC / 7 kVAC to 34 kVAC, Screw Terminal Mounting;40000 (27000 RMS);140;N4700;NA;NA;Individual;image/capacitors22210.png;capacitors\715C40KTT14\715C40KTT14.pdf;None
715C40KTT14M4;Enlarge;High Voltage Class 1 Ceramic AC and DC Disc Capacitors, 10 kVDC to 50 kVDC / 7 kVAC to 34 kVAC, Screw Terminal Mounting;40000 (27000 RMS);140;N4700;NA;NA;Individual;image/capacitors22210.png;capacitors\715C40KTT14M4\715C40KTT14M4.pdf;None
715C40KTT20;Enlarge;High Voltage Class 1 Ceramic AC and DC Disc Capacitors, 10 kVDC to 50 kVDC / 7 kVAC to 34 kVAC, Screw Terminal Mounting;40000 (27000 RMS);200;N4700;NA;NA;Individual;image/capacitors22210.png;capacitors\715C40KTT20\715C40KTT20.pdf;None
715C40KTT20M4;Enlarge;High Voltage Class 1 Ceramic AC and DC Disc Capacitors, 10 kVDC to 50 kVDC / 7 kVAC to 34 kVAC, Screw Terminal Mounting;40000 (27000 RMS);200;N4700;NA;NA;Individual;image/capacitors22210.png;capacitors\715C40KTT20M4\715C40KTT20M4.pdf;None
715C40KTT30;Enlarge;High Voltage Class 1 Ceramic AC and DC Disc Capacitors, 10 kVDC to 50 kVDC / 7 kVAC to 34 kVAC, Screw Terminal Mounting;40000 (27000 RMS);300;N4700;NA;NA;Individual;image/capacitors22210.png;capacitors\715C40KTT30\715C40KTT30.pdf;None
715C40KTT30M4;Enlarge;High Voltage Class 1 Ceramic AC and DC Disc Capacitors, 10 kVDC to 50 kVDC / 7 kVAC to 34 kVAC, Screw Terminal Mounting;40000 (27000 RMS);300;N4700;NA;NA;Individual;image/capacitors22210.png;capacitors\715C40KTT30M4\715C40KTT30M4.pdf;None
715C40KTT30M5;Enlarge;High Voltage Class 1 Ceramic AC and DC Disc Capacitors, 10 kVDC to 50 kVDC / 7 kVAC to 34 kVAC, Screw Terminal Mounting;40000 (27000 RMS);300;N4700;NA;NA;Individual;image/capacitors22210.png;capacitors\715C40KTT30M5\715C40KTT30M5.pdf;None
715C40KTT40;Enlarge;High Voltage Class 1 Ceramic AC and DC Disc Capacitors, 10 kVDC to 50 kVDC / 7 kVAC to 34 kVAC, Screw Terminal Mounting;40000 (27000 RMS);400;N4700;NA;NA;Individual;image/capacitors22210.png;capacitors\715C40KTT40\715C40KTT40.pdf;None
715C40KTT40M4;Enlarge;High Voltage Class 1 Ceramic AC and DC Disc Capacitors, 10 kVDC to 50 kVDC / 7 kVAC to 34 kVAC, Screw Terminal Mounting;40000 (27000 RMS);400;N4700;NA;NA;Individual;image/capacitors22210.png;capacitors\715C40KTT40M4\715C40KTT40M4.pdf;None
715C40KTT40M5;Enlarge;High Voltage Class 1 Ceramic AC and DC Disc Capacitors, 10 kVDC to 50 kVDC / 7 kVAC to 34 kVAC, Screw Terminal Mounting;40000 (27000 RMS);400;N4700;NA;NA;Individual;image/capacitors22210.png;capacitors\715C40KTT40M5\715C40KTT40M5.pdf;None
715C40KTT44;Enlarge;High Voltage Class 1 Ceramic AC and DC Disc Capacitors, 10 kVDC to 50 kVDC / 7 kVAC to 34 kVAC, Screw Terminal Mounting;40000 (27000 RMS);440;N4700;NA;NA;Individual;image/capacitors22210.png;capacitors\715C40KTT44\715C40KTT44.pdf;None
715C40KTT44M4;Enlarge;High Voltage Class 1 Ceramic AC and DC Disc Capacitors, 10 kVDC to 50 kVDC / 7 kVAC to 34 kVAC, Screw Terminal Mounting;40000 (27000 RMS);440;N4700;NA;NA;Individual;image/capacitors22210.png;capacitors\715C40KTT44M4\715C40KTT44M4.pdf;None
715C40KTT44M5;Enlarge;High Voltage Class 1 Ceramic AC and DC Disc Capacitors, 10 kVDC to 50 kVDC / 7 kVAC to 34 kVAC, Screw Terminal Mounting;40000 (27000 RMS);440;N4700;NA;NA;Individual;image/capacitors22210.png;capacitors\715C40KTT44M5\715C40KTT44M5.pdf;None
715C40KTT56;Enlarge;High Voltage Class 1 Ceramic AC and DC Disc Capacitors, 10 kVDC to 50 kVDC / 7 kVAC to 34 kVAC, Screw Terminal Mounting;40000 (27000 RMS);560;N4700;NA;NA;Individual;image/capacitors22210.png;capacitors\715C40KTT56\715C40KTT56.pdf;None
715C40KTT56M4;Enlarge;High Voltage Class 1 Ceramic AC and DC Disc Capacitors, 10 kVDC to 50 kVDC / 7 kVAC to 34 kVAC, Screw Terminal Mounting;40000 (27000 RMS);560;N4700;NA;NA;Individual;image/capacitors22210.png;capacitors\715C40KTT56M4\715C40KTT56M4.pdf;None
715C40KTT56M5;Enlarge;High Voltage Class 1 Ceramic AC and DC Disc Capacitors, 10 kVDC to 50 kVDC / 7 kVAC to 34 kVAC, Screw Terminal Mounting;40000 (27000 RMS);560;N4700;NA;NA;Individual;image/capacitors22210.png;capacitors\715C40KTT56M5\715C40KTT56M5.pdf;None
715C40KTT70;Enlarge;High Voltage Class 1 Ceramic AC and DC Disc Capacitors, 10 kVDC to 50 kVDC / 7 kVAC to 34 kVAC, Screw Terminal Mounting;40000 (27000 RMS);700;N4700;NA;NA;Individual;image/capacitors22210.png;capacitors\715C40KTT70\715C40KTT70.pdf;None
715C40KTT70M4;Enlarge;High Voltage Class 1 Ceramic AC and DC Disc Capacitors, 10 kVDC to 50 kVDC / 7 kVAC to 34 kVAC, Screw Terminal Mounting;40000 (27000 RMS);700;N4700;NA;NA;Individual;image/capacitors22210.png;capacitors\715C40KTT70M4\715C40KTT70M4.pdf;None
715C40KTT70M5;Enlarge;High Voltage Class 1 Ceramic AC and DC Disc Capacitors, 10 kVDC to 50 kVDC / 7 kVAC to 34 kVAC, Screw Terminal Mounting;40000 (27000 RMS);700;N4700;NA;NA;Individual;image/capacitors22210.png;capacitors\715C40KTT70M5\715C40KTT70M5.pdf;None
715C40KTT85;Enlarge;High Voltage Class 1 Ceramic AC and DC Disc Capacitors, 10 kVDC to 50 kVDC / 7 kVAC to 34 kVAC, Screw Terminal Mounting;40000 (27000 RMS);850;N4700;NA;NA;Individual;image/capacitors22210.png;capacitors\715C40KTT85\715C40KTT85.pdf;None
715C40KTT85M4;Enlarge;High Voltage Class 1 Ceramic AC and DC Disc Capacitors, 10 kVDC to 50 kVDC / 7 kVAC to 34 kVAC, Screw Terminal Mounting;40000 (27000 RMS);850;N4700;NA;NA;Individual;image/capacitors22210.png;capacitors\715C40KTT85M4\715C40KTT85M4.pdf;None
715C40KTT85M5;Enlarge;High Voltage Class 1 Ceramic AC and DC Disc Capacitors, 10 kVDC to 50 kVDC / 7 kVAC to 34 kVAC, Screw Terminal Mounting;40000 (27000 RMS);850;N4700;NA;NA;Individual;image/capacitors22210.png;capacitors\715C40KTT85M5\715C40KTT85M5.pdf;None
715C50KTD10;Enlarge;High Voltage Class 1 Ceramic AC and DC Disc Capacitors, 10 kVDC to 50 kVDC / 7 kVAC to 34 kVAC, Screw Terminal Mounting;50000 (34000 RMS);1000;N4700;NA;NA;Individual;image/capacitors22210.png;capacitors\715C50KTD10\715C50KTD10.pdf;None
715C50KTD10M5;Enlarge;High Voltage Class 1 Ceramic AC and DC Disc Capacitors, 10 kVDC to 50 kVDC / 7 kVAC to 34 kVAC, Screw Terminal Mounting;50000 (34000 RMS);1000;N4700;NA;NA;Individual;image/capacitors22210.png;capacitors\715C50KTD10M5\715C50KTD10M5.pdf;None
715C50KTD13;Enlarge;High Voltage Class 1 Ceramic AC and DC Disc Capacitors, 10 kVDC to 50 kVDC / 7 kVAC to 34 kVAC, Screw Terminal Mounting;50000 (34000 RMS);1300;N4700;NA;NA;Individual;image/capacitors22210.png;capacitors\715C50KTD13\715C50KTD13.pdf;None
715C50KTD13M5;Enlarge;High Voltage Class 1 Ceramic AC and DC Disc Capacitors, 10 kVDC to 50 kVDC / 7 kVAC to 34 kVAC, Screw Terminal Mounting;50000 (34000 RMS);1300;N4700;NA;NA;Individual;image/capacitors22210.png;capacitors\715C50KTD13M5\715C50KTD13M5.pdf;None
715C50KTD15;Enlarge;High Voltage Class 1 Ceramic AC and DC Disc Capacitors, 10 kVDC to 50 kVDC / 7 kVAC to 34 kVAC, Screw Terminal Mounting;50000 (34000 RMS);1500;N4700;NA;NA;Individual;image/capacitors22210.png;capacitors\715C50KTD15\715C50KTD15.pdf;None
715C50KTD15M5;Enlarge;High Voltage Class 1 Ceramic AC and DC Disc Capacitors, 10 kVDC to 50 kVDC / 7 kVAC to 34 kVAC, Screw Terminal Mounting;50000 (34000 RMS);1500;N4700;NA;NA;Individual;image/capacitors22210.png;capacitors\715C50KTD15M5\715C50KTD15M5.pdf;None
715C50KTD17;Enlarge;High Voltage Class 1 Ceramic AC and DC Disc Capacitors, 10 kVDC to 50 kVDC / 7 kVAC to 34 kVAC, Screw Terminal Mounting;50000 (34000 RMS);1700;N4700;NA;NA;Individual;image/capacitors22210.png;capacitors\715C50KTD17\715C50KTD17.pdf;None
715C50KTD17M5;Enlarge;High Voltage Class 1 Ceramic AC and DC Disc Capacitors, 10 kVDC to 50 kVDC / 7 kVAC to 34 kVAC, Screw Terminal Mounting;50000 (34000 RMS);1700;N4700;NA;NA;Individual;image/capacitors22210.png;capacitors\715C50KTD17M5\715C50KTD17M5.pdf;None
715C50KTT10;Enlarge;High Voltage Class 1 Ceramic AC and DC Disc Capacitors, 10 kVDC to 50 kVDC / 7 kVAC to 34 kVAC, Screw Terminal Mounting;50000 (34000 RMS);100;N4700;NA;NA;Individual;image/capacitors22210.png;capacitors\715C50KTT10\715C50KTT10.pdf;None
715C50KTT10M4;Enlarge;High Voltage Class 1 Ceramic AC and DC Disc Capacitors, 10 kVDC to 50 kVDC / 7 kVAC to 34 kVAC, Screw Terminal Mounting;50000 (34000 RMS);100;N4700;NA;NA;Individual;image/capacitors22210.png;capacitors\715C50KTT10M4\715C50KTT10M4.pdf;None
715C50KTT15;Enlarge;High Voltage Class 1 Ceramic AC and DC Disc Capacitors, 10 kVDC to 50 kVDC / 7 kVAC to 34 kVAC, Screw Terminal Mounting;50000 (34000 RMS);150;N4700;NA;NA;Individual;image/capacitors22210.png;capacitors\715C50KTT15\715C50KTT15.pdf;None
715C50KTT15M4;Enlarge;High Voltage Class 1 Ceramic AC and DC Disc Capacitors, 10 kVDC to 50 kVDC / 7 kVAC to 34 kVAC, Screw Terminal Mounting;50000 (34000 RMS);150;N4700;NA;NA;Individual;image/capacitors22210.png;capacitors\715C50KTT15M4\715C50KTT15M4.pdf;None
715C50KTT20;Enlarge;High Voltage Class 1 Ceramic AC and DC Disc Capacitors, 10 kVDC to 50 kVDC / 7 kVAC to 34 kVAC, Screw Terminal Mounting;50000 (34000 RMS);200;N4700;NA;NA;Individual;image/capacitors22210.png;capacitors\715C50KTT20\715C50KTT20.pdf;None
715C50KTT20M4;Enlarge;High Voltage Class 1 Ceramic AC and DC Disc Capacitors, 10 kVDC to 50 kVDC / 7 kVAC to 34 kVAC, Screw Terminal Mounting;50000 (34000 RMS);200;N4700;NA;NA;Individual;image/capacitors22210.png;capacitors\715C50KTT20M4\715C50KTT20M4.pdf;None
715C50KTT33;Enlarge;High Voltage Class 1 Ceramic AC and DC Disc Capacitors, 10 kVDC to 50 kVDC / 7 kVAC to 34 kVAC, Screw Terminal Mounting;50000 (34000 RMS);330;N4700;NA;NA;Individual;image/capacitors22210.png;capacitors\715C50KTT33\715C50KTT33.pdf;None
715C50KTT33M4;Enlarge;High Voltage Class 1 Ceramic AC and DC Disc Capacitors, 10 kVDC to 50 kVDC / 7 kVAC to 34 kVAC, Screw Terminal Mounting;50000 (34000 RMS);330;N4700;NA;NA;Individual;image/capacitors22210.png;capacitors\715C50KTT33M4\715C50KTT33M4.pdf;None
715C50KTT40;Enlarge;High Voltage Class 1 Ceramic AC and DC Disc Capacitors, 10 kVDC to 50 kVDC / 7 kVAC to 34 kVAC, Screw Terminal Mounting;50000 (34000 RMS);400;N4700;NA;NA;Individual;image/capacitors22210.png;capacitors\715C50KTT40\715C50KTT40.pdf;None
715C50KTT40M4;Enlarge;High Voltage Class 1 Ceramic AC and DC Disc Capacitors, 10 kVDC to 50 kVDC / 7 kVAC to 34 kVAC, Screw Terminal Mounting;50000 (34000 RMS);400;N4700;NA;NA;Individual;image/capacitors22210.png;capacitors\715C50KTT40M4\715C50KTT40M4.pdf;None
715C50KTT40M5;Enlarge;High Voltage Class 1 Ceramic AC and DC Disc Capacitors, 10 kVDC to 50 kVDC / 7 kVAC to 34 kVAC, Screw Terminal Mounting;50000 (34000 RMS);400;N4700;NA;NA;Individual;image/capacitors22210.png;capacitors\715C50KTT40M5\715C50KTT40M5.pdf;None
715C50KTT47;Enlarge;High Voltage Class 1 Ceramic AC and DC Disc Capacitors, 10 kVDC to 50 kVDC / 7 kVAC to 34 kVAC, Screw Terminal Mounting;50000 (34000 RMS);470;N4700;NA;NA;Individual;image/capacitors22210.png;capacitors\715C50KTT47\715C50KTT47.pdf;None
715C50KTT47M4;Enlarge;High Voltage Class 1 Ceramic AC and DC Disc Capacitors, 10 kVDC to 50 kVDC / 7 kVAC to 34 kVAC, Screw Terminal Mounting;50000 (34000 RMS);470;N4700;NA;NA;Individual;image/capacitors22210.png;capacitors\715C50KTT47M4\715C50KTT47M4.pdf;None
715C50KTT47M5;Enlarge;High Voltage Class 1 Ceramic AC and DC Disc Capacitors, 10 kVDC to 50 kVDC / 7 kVAC to 34 kVAC, Screw Terminal Mounting;50000 (34000 RMS);470;N4700;NA;NA;Individual;image/capacitors22210.png;capacitors\715C50KTT47M5\715C50KTT47M5.pdf;None
715C50KTT56;Enlarge;High Voltage Class 1 Ceramic AC and DC Disc Capacitors, 10 kVDC to 50 kVDC / 7 kVAC to 34 kVAC, Screw Terminal Mounting;50000 (34000 RMS);560;N4700;NA;NA;Individual;image/capacitors22210.png;capacitors\715C50KTT56\715C50KTT56.pdf;None
715C50KTT56M4;Enlarge;High Voltage Class 1 Ceramic AC and DC Disc Capacitors, 10 kVDC to 50 kVDC / 7 kVAC to 34 kVAC, Screw Terminal Mounting;50000 (34000 RMS);560;N4700;NA;NA;Individual;image/capacitors22210.png;capacitors\715C50KTT56M4\715C50KTT56M4.pdf;None
715C50KTT56M5;Enlarge;High Voltage Class 1 Ceramic AC and DC Disc Capacitors, 10 kVDC to 50 kVDC / 7 kVAC to 34 kVAC, Screw Terminal Mounting;50000 (34000 RMS);560;N4700;NA;NA;Individual;image/capacitors22210.png;capacitors\715C50KTT56M5\715C50KTT56M5.pdf;None
715C50KTT70;Enlarge;High Voltage Class 1 Ceramic AC and DC Disc Capacitors, 10 kVDC to 50 kVDC / 7 kVAC to 34 kVAC, Screw Terminal Mounting;50000 (34000 RMS);700;N4700;NA;NA;Individual;image/capacitors22210.png;capacitors\715C50KTT70\715C50KTT70.pdf;None
715C50KTT70M5;Enlarge;High Voltage Class 1 Ceramic AC and DC Disc Capacitors, 10 kVDC to 50 kVDC / 7 kVAC to 34 kVAC, Screw Terminal Mounting;50000 (34000 RMS);700;N4700;NA;NA;Individual;image/capacitors22210.png;capacitors\715C50KTT70M5\715C50KTT70M5.pdf;None
715C50KTT85;Enlarge;High Voltage Class 1 Ceramic AC and DC Disc Capacitors, 10 kVDC to 50 kVDC / 7 kVAC to 34 kVAC, Screw Terminal Mounting;50000 (34000 RMS);850;N4700;NA;NA;Individual;image/capacitors22210.png;capacitors\715C50KTT85\715C50KTT85.pdf;None
715C50KTT85M5;Enlarge;High Voltage Class 1 Ceramic AC and DC Disc Capacitors, 10 kVDC to 50 kVDC / 7 kVAC to 34 kVAC, Screw Terminal Mounting;50000 (34000 RMS);850;N4700;NA;NA;Individual;image/capacitors22210.png;capacitors\715C50KTT85M5\715C50KTT85M5.pdf;None
HR0030VR50238BB1;Enlarge;High Voltage Ring Style Capacitors, Class 1 and Class 2 Ceramic;2800;5000;R6000;NA;NA;Individual;image/capacitors22162.png;capacitors\HR0030VR50238BB1\HR0030VR50238BB1.pdf;None
HR0030VR50291BB1;Enlarge;High Voltage Ring Style Capacitors, Class 1 and Class 2 Ceramic;2800;5000;R6000;NA;NA;Individual;image/capacitors22162.png;capacitors\HR0030VR50291BB1\HR0030VR50291BB1.pdf;None
HR0030VR50291BB2;Enlarge;High Voltage Ring Style Capacitors, Class 1 and Class 2 Ceramic;2800;5000;R6000;NA;NA;Individual;image/capacitors22162.png;capacitors\HR0030VR50291BB2\HR0030VR50291BB2.pdf;None
HR0030VT15238AX1;Enlarge;High Voltage Ring Style Capacitors, Class 1 and Class 2 Ceramic;3500;1500;R2000H;NA;NA;Individual;image/capacitors22162.png;capacitors\HR0030VT15238AX1\HR0030VT15238AX1.pdf;None
HR0030VW25291BB1;Enlarge;High Voltage Ring Style Capacitors, Class 1 and Class 2 Ceramic;5600;2500;R6000;NA;NA;Individual;image/capacitors22162.png;capacitors\HR0030VW25291BB1\HR0030VW25291BB1.pdf;None
HR0035BB50291BA1;Enlarge;High Voltage Ring Style Capacitors, Class 1 and Class 2 Ceramic;2000;5000;R4000;NA;NA;Individual;image/capacitors22162.png;capacitors\HR0035BB50291BA1\HR0035BB50291BA1.pdf;None
HR0035VT10138BJ1;Enlarge;High Voltage Ring Style Capacitors, Class 1 and Class 2 Ceramic;3500;100;R85;NA;NA;Individual;image/capacitors22162.png;capacitors\HR0035VT10138BJ1\HR0035VT10138BJ1.pdf;None
HRZ030VR50291BB1;Enlarge;High Voltage Ring Style Capacitors, Class 1 and Class 2 Ceramic;2800;5000;R6000;NA;NA;Individual;image/capacitors22162.png;capacitors\HRZ030VR50291BB1\HRZ030VR50291BB1.pdf;None
RHK1N4038BHZJH6049;Enlarge;High Voltage Ceramic Capacitor Multiplier Sets With Leads, Class 2 Ceramic;10000;1400;Y5S;NA;NA;Bulk;image/capacitors22169.png;capacitors\RHK1N4038BHZJH6049\RHK1N4038BHZJH6049.pdf;None
RHK1N4038BHZJU6078;Enlarge;High Voltage Ceramic Capacitor Multiplier Sets With Leads, Class 2 Ceramic;10000;1400;Y5S;NA;NA;Bulk;image/capacitors22169.png;capacitors\RHK1N4038BHZJU6078\RHK1N4038BHZJU6078.pdf;None
RHK290PA2BPZGS5970;Enlarge;High Voltage Ceramic Capacitor Multiplier Sets With Leads, Class 2 Ceramic;8000;290;X7R;NA;NA;Bulk;image/capacitors22169.png;capacitors\RHK290PA2BPZGS5970\RHK290PA2BPZGS5970.pdf;None
RHS1N3049BTZBY4644;Enlarge;High Voltage Ceramic Capacitor Stacks, with Solder Tags, Class 2 Ceramic;19000;1300;R4000;NA;NA;Bulk;image/capacitors22017.png;capacitors\RHS1N3049BTZBY4644\RHS1N3049BTZBY4644.pdf;None
RHS1N3096BTZGY5998;Enlarge;High Voltage Ceramic Capacitor Stacks, with Solder Tags, Class 2 Ceramic;19000;1300;R4000;NA;NA;Bulk;image/capacitors22017.png;capacitors\RHS1N3096BTZGY5998\RHS1N3096BTZGY5998.pdf;None
RHS250P36BPZAN5844;Enlarge;High Voltage Ceramic Capacitor Stacks, With Leads, Class 2 Ceramic;8000;250;R2000;NA;NA;Bulk;image/capacitors22033.png;capacitors\RHS250P36BPZAN5844\RHS250P36BPZAN5844.pdf;None
RHS250P36BPZAN5865;Enlarge;High Voltage Ceramic Capacitor Stacks, With Leads, Class 2 Ceramic;8000;250;R2000;NA;NA;Bulk;image/capacitors22033.png;capacitors\RHS250P36BPZAN5865\RHS250P36BPZAN5865.pdf;None
RHS250P38BHZEH5767;Enlarge;High Voltage Ceramic Capacitor Stacks, With Leads, Class 2 Ceramic;10000;250;R2005;NA;NA;Bulk;image/capacitors22033.png;capacitors\RHS250P38BHZEH5767\RHS250P38BHZEH5767.pdf;None
RHS250P64BPZER5780;Enlarge;High Voltage Ceramic Capacitor Stacks, With Leads, Class 2 Ceramic;8000;250;X7R;NA;NA;Bulk;image/capacitors22033.png;capacitors\RHS250P64BPZER5780\RHS250P64BPZER5780.pdf;None
RHS250P64BPZET5781;Enlarge;High Voltage Ceramic Capacitor Stacks, With Leads, Class 2 Ceramic;8000;250;X7R;NA;NA;Bulk;image/capacitors22033.png;capacitors\RHS250P64BPZET5781\RHS250P64BPZET5781.pdf;None
RHS250P64BPZEV5782;Enlarge;High Voltage Ceramic Capacitor Stacks, With Leads, Class 2 Ceramic;8000;250;X7R;NA;NA;Bulk;image/capacitors22033.png;capacitors\RHS250P64BPZEV5782\RHS250P64BPZEV5782.pdf;None
RHS250P73BPZBF4962;Enlarge;High Voltage Ceramic Capacitor Stacks, With Leads, Class 2 Ceramic;8000;250;R2005;NA;NA;Bulk;image/capacitors22033.png;capacitors\RHS250P73BPZBF4962\RHS250P73BPZBF4962.pdf;None
RHS250P73BPZES5780;Enlarge;High Voltage Ceramic Capacitor Stacks, With Leads, Class 2 Ceramic;8000;250;X7R;NA;NA;Bulk;image/capacitors22033.png;capacitors\RHS250P73BPZES5780\RHS250P73BPZES5780.pdf;None
RHS250P73BPZEU5781;Enlarge;High Voltage Ceramic Capacitor Stacks, With Leads, Class 2 Ceramic;8000;250;X7R;NA;NA;Bulk;image/capacitors22033.png;capacitors\RHS250P73BPZEU5781\RHS250P73BPZEU5781.pdf;None
RHS250P73BPZEW5782;Enlarge;High Voltage Ceramic Capacitor Stacks, With Leads, Class 2 Ceramic;8000;250;X7R;NA;NA;Bulk;image/capacitors22033.png;capacitors\RHS250P73BPZEW5782\RHS250P73BPZEW5782.pdf;None
RHS280P64BPZCC5555;Enlarge;High Voltage Ceramic Capacitor Stacks, with Solder Tags, Class 2 Ceramic;8000;280;R2005;NA;NA;Bulk;image/capacitors22034.png;capacitors\RHS280P64BPZCC5555\RHS280P64BPZCC5555.pdf;None
RHS280P64BPZCD5568;Enlarge;High Voltage Ceramic Capacitor Stacks, with Solder Tags, Class 2 Ceramic;8000;280;R2005;NA;NA;Bulk;image/capacitors22034.png;capacitors\RHS280P64BPZCD5568\RHS280P64BPZCD5568.pdf;None
RHS290PA2BHZJE6041;Enlarge;High Voltage Ceramic Capacitor Stacks, With Leads, Class 2 Ceramic;10000;290;X7R;NA;NA;Bulk;image/capacitors22033.png;capacitors\RHS290PA2BHZJE6041\RHS290PA2BHZJE6041.pdf;None
RHS290PA2BPZDB5700;Enlarge;High Voltage Ceramic Capacitor Stacks, With Leads, Class 2 Ceramic;8000;290;X7R;NA;NA;Bulk;image/capacitors22033.png;capacitors\RHS290PA2BPZDB5700\RHS290PA2BPZDB5700.pdf;None
RHS290PA2BPZEK5769;Enlarge;High Voltage Ceramic Capacitor Stacks, With Leads, Class 2 Ceramic;8000;290;X7R;NA;NA;Bulk;image/capacitors22033.png;capacitors\RHS290PA2BPZEK5769\RHS290PA2BPZEK5769.pdf;None
RHS290PA2BPZGQ5950;Enlarge;High Voltage Ceramic Capacitor Stacks, With Leads, Class 2 Ceramic;8000;290;X7R;NA;NA;Bulk;image/capacitors22033.png;capacitors\RHS290PA2BPZGQ5950\RHS290PA2BPZGQ5950.pdf;None
RHS370P38BPZBA5618;Enlarge;High Voltage Ceramic Capacitor Stacks, with Solder Tags, Class 2 Ceramic;8000;370;R2005;NA;NA;Bulk;image/capacitors22034.png;capacitors\RHS370P38BPZBA5618\RHS370P38BPZBA5618.pdf;None
RHS50073PBRZAS5415;Enlarge;High Voltage Ceramic Capacitor Stacks, With Leads, Class 2 Ceramic;16000;500;R6000;NA;NA;Bulk;image/capacitors22033.png;capacitors\RHS50073PBRZAS5415\RHS50073PBRZAS5415.pdf;None
RHS500P38BPZEX5789;Enlarge;High Voltage Ceramic Capacitor Stacks, with Solder Tags, Class 2 Ceramic;8000;500;R2005;NA;NA;Bulk;image/capacitors22034.png;capacitors\RHS500P38BPZEX5789\RHS500P38BPZEX5789.pdf;None
RHS500P73BPZDL4961;Enlarge;High Voltage Ceramic Capacitor Stacks, with Solder Tags, Class 2 Ceramic;8000;500;R3000;NA;NA;Bulk;image/capacitors22034.png;capacitors\RHS500P73BPZDL4961\RHS500P73BPZDL4961.pdf;None
RHS500P73BRZAS5793;Enlarge;High Voltage Ceramic Capacitor Stacks, With Leads, Class 2 Ceramic;16000;500;R6000;NA;NA;Bulk;image/capacitors22033.png;capacitors\RHS500P73BRZAS5793\RHS500P73BRZAS5793.pdf;None
RHS500P73BRZAS5848;Enlarge;High Voltage Ceramic Capacitor Stacks, With Leads, Class 2 Ceramic;16000;500;R6000;NA;NA;Bulk;image/capacitors22033.png;capacitors\RHS500P73BRZAS5848\RHS500P73BRZAS5848.pdf;None
