Series;Product Image;Order Code;Cap (µF);Voltage (V);Form;Case Size;Temp Max (°C);Useful Life;Style;Technology;Image path;Datasheet part;3d model part
196 DLC;Enlarge;MAL219632473E3;47000;5.5;Cell;Ø11.5x13;+70 °C;1000;"""Button Cell, 2-pin, Stacked Horizontal, Form B""";Supercapacitor;image/capacitors28362.png;capacitors\196 DLC\196 DLC.pdf;None
196 DLC;Enlarge;MAL219612473E3;47000;5.5;Cell;Ø13x7;+70 °C;1000;"""Button Cell, 2-pin, Stacked Vertical, Form A""";Supercapacitor;image/capacitors28362.png;capacitors\196 DLC\196 DLC.pdf;None
196 DLC;Enlarge;MAL219622473E3;47000;5.5;Cell;Ø13x9;+85 °C;1000;"""Button Cell, 2-pin, Stacked Vertical, Form A""";Supercapacitor;image/capacitors28362.png;capacitors\196 DLC\196 DLC.pdf;None
196 DLC;Enlarge;MAL219632104E3;100000;5.5;Cell;Ø11.5x13;+70 °C;1000;"""Button Cell, 2-pin, Stacked Horizontal, Form B""";Supercapacitor;image/capacitors28362.png;capacitors\196 DLC\196 DLC.pdf;None
196 DLC;Enlarge;MAL219612104E3;100000;5.5;Cell;Ø13x7;+70 °C;1000;"""Button Cell, 2-pin, Stacked Vertical, Form A""";Supercapacitor;image/capacitors28362.png;capacitors\196 DLC\196 DLC.pdf;None
196 DLC;Enlarge;MAL219622104E3;100000;5.5;Cell;Ø13x9;+85 °C;1000;"""Button Cell, 2-pin, Stacked Vertical, Form A""";Supercapacitor;image/capacitors28362.png;capacitors\196 DLC\196 DLC.pdf;None
196 DLC;Enlarge;MAL219632224E3;220000;5.5;Cell;Ø11.5x13;+70 °C;1000;"""Button Cell, 2-pin, Stacked Horizontal, Form B""";Supercapacitor;image/capacitors28362.png;capacitors\196 DLC\196 DLC.pdf;None
196 DLC;Enlarge;MAL219672334E3;330000;5.5;Cell;Ø11.5x13;+85 °C;1000;"""Button Cell, 2-pin, Stacked Horizontal, Form B""";Supercapacitor;image/capacitors28362.png;capacitors\196 DLC\196 DLC.pdf;None
196 DLC;Enlarge;MAL219612224E3;220000;5.5;Cell;Ø13x7;+70 °C;1000;"""Button Cell, 2-pin, Stacked Vertical, Form A""";Supercapacitor;image/capacitors28362.png;capacitors\196 DLC\196 DLC.pdf;None
196 DLC;Enlarge;MAL219662684E3;680000;5.5;Cell;Ø20.5x10.5;+85 °C;1000;"""Button Cell, 2-pin, Stacked Vertical, Form A""";Supercapacitor;image/capacitors28362.png;capacitors\196 DLC\196 DLC.pdf;None
196 DLC;Enlarge;MAL219632334E3;330000;5.5;Cell;Ø11.5x13;+70 °C;1000;"""Button Cell, 2-pin, Stacked Horizontal, Form B""";Supercapacitor;image/capacitors28362.png;capacitors\196 DLC\196 DLC.pdf;None
196 DLC;Enlarge;MAL219672474E3;470000;5.5;Cell;Ø11.5x13;+85 °C;1000;"""Button Cell, 2-pin, Stacked Horizontal, Form B""";Supercapacitor;image/capacitors28362.png;capacitors\196 DLC\196 DLC.pdf;None
196 DLC;Enlarge;MAL219612334E3;330000;5.5;Cell;Ø13x7;+70 °C;1000;"""Button Cell, 2-pin, Stacked Vertical, Form A""";Supercapacitor;image/capacitors28362.png;capacitors\196 DLC\196 DLC.pdf;None
196 DLC;Enlarge;MAL219662105E3;1000000;5.5;Cell;Ø20.5x8;+85 °C;1000;"""Button Cell, 2-pin, Stacked Vertical, Form A""";Supercapacitor;image/capacitors28362.png;capacitors\196 DLC\196 DLC.pdf;None
196 DLC;Enlarge;MAL219612474E3;470000;5.5;Cell;Ø21x7.5;+70 °C;1000;"""Button Cell, 2-pin, Stacked Vertical, Form A""";Supercapacitor;image/capacitors28362.png;capacitors\196 DLC\196 DLC.pdf;None
196 DLC;Enlarge;MAL219672105E3;1000000;5.5;Cell;Ø19x20.5;+85 °C;1000;"""Button Cell, 2-pin, Stacked Horizontal, Form B""";Supercapacitor;image/capacitors28362.png;capacitors\196 DLC\196 DLC.pdf;None
196 DLC;Enlarge;MAL219622474E3;470000;5.5;Cell;Ø21x9;+85 °C;1000;"""Button Cell, 2-pin, Stacked Vertical, Form A""";Supercapacitor;image/capacitors28362.png;capacitors\196 DLC\196 DLC.pdf;None
196 DLC;Enlarge;MAL219662155E3;1500000;5.5;Cell;Ø20.5x8;+85 °C;1000;"""Button Cell, 2-pin, Stacked Vertical, Form A""";Supercapacitor;image/capacitors28362.png;capacitors\196 DLC\196 DLC.pdf;None
196 DLC;Enlarge;MAL219622684E3;680000;5.5;Cell;Ø21x9;+85 °C;1000;"""Button Cell, 2-pin, Stacked Vertical, Form A""";Supercapacitor;image/capacitors28362.png;capacitors\196 DLC\196 DLC.pdf;None
196 DLC;Enlarge;MAL219672155E3;1500000;5.5;Cell;Ø19x20.5;+85 °C;1000;"""Button Cell, 2-pin, Stacked Horizontal, Form B""";Supercapacitor;image/capacitors28362.png;capacitors\196 DLC\196 DLC.pdf;None
196 DLC;Enlarge;MAL219612105E3;1000000;5.5;Cell;Ø21x7.5;+70 °C;1000;"""Button Cell, 2-pin, Stacked Vertical, Form A""";Supercapacitor;image/capacitors28362.png;capacitors\196 DLC\196 DLC.pdf;None
196 DLC;Enlarge;MAL219642224E3;220000;5.5;Cell;Ø13.5x7;+70 °C;1000;"""Button Cell, 2-pin, Stacked Vertical, Form A""";Supercapacitor;image/capacitors28362.png;capacitors\196 DLC\196 DLC.pdf;None
196 DLC;Enlarge;MAL219652224E3;220000;5.5;Cell;Ø11.5x13;+70 °C;1000;"""Button Cell, 2-pin, Stacked Horizontal, Form B""";Supercapacitor;image/capacitors28362.png;capacitors\196 DLC\196 DLC.pdf;None
196 DLC;Enlarge;MAL219642334E3;330000;5.5;Cell;Ø13.5x7;+70 °C;1000;"""Button Cell, 2-pin, Stacked Vertical, Form A""";Supercapacitor;image/capacitors28362.png;capacitors\196 DLC\196 DLC.pdf;None
196 DLC;Enlarge;MAL219652334E3;330000;5.5;Cell;Ø11.5x13;+70 °C;1000;"""Button Cell, 2-pin, Stacked Horizontal, Form B""";Supercapacitor;image/capacitors28362.png;capacitors\196 DLC\196 DLC.pdf;None
196 DLC;Enlarge;MAL219642474E3;470000;5.5;Cell;Ø13.5x7;+70 °C;1000;"""Button Cell, 2-pin, Stacked Vertical, Form A""";Supercapacitor;image/capacitors28362.png;capacitors\196 DLC\196 DLC.pdf;None
196 DLC;Enlarge;MAL219652474E3;470000;5.5;Cell;Ø11.5x13;+70 °C;1000;"""Button Cell, 2-pin, Stacked Horizontal, Form B""";Supercapacitor;image/capacitors28362.png;capacitors\196 DLC\196 DLC.pdf;None
196 DLC;Enlarge;MAL219642105E3;1000000;5.5;Cell;Ø20.5x8;+70 °C;1000;"""Button Cell, 2-pin, Stacked Vertical, Form A""";Supercapacitor;image/capacitors28362.png;capacitors\196 DLC\196 DLC.pdf;None
196 DLC;Enlarge;MAL219652105E3;1000000;5.5;Cell;Ø19x20.5;+70 °C;1000;"""Button Cell, 2-pin, Stacked Horizontal, Form B""";Supercapacitor;image/capacitors28362.png;capacitors\196 DLC\196 DLC.pdf;None
196 DLC;Enlarge;MAL219642155E3;1500000;5.5;Cell;Ø20.5x8;+70 °C;1000;"""Button Cell, 2-pin, Stacked Vertical, Form A""";Supercapacitor;image/capacitors28362.png;capacitors\196 DLC\196 DLC.pdf;None
196 DLC;Enlarge;MAL219652155E3;1500000;5.5;Cell;Ø19x20.5;+70 °C;1000;"""Button Cell, 2-pin, Stacked Horizontal, Form B""";Supercapacitor;image/capacitors28362.png;capacitors\196 DLC\196 DLC.pdf;None
196 DLC;Enlarge;MAL219662224E3;220000;5.5;Cell;Ø13.5x7;+85 °C;1000;"""Button Cell, 2-pin, Stacked Vertical, Form A""";Supercapacitor;image/capacitors28362.png;capacitors\196 DLC\196 DLC.pdf;None
196 DLC;Enlarge;MAL219662334E3;330000;5.5;Cell;Ø13.5x7;+85 °C;1000;"""Button Cell, 2-pin, Stacked Vertical, Form A""";Supercapacitor;image/capacitors28362.png;capacitors\196 DLC\196 DLC.pdf;None
196 DLC;Enlarge;MAL219672224E3;220000;5.5;Cell;Ø11.5x13;+85 °C;1000;"""Button Cell, 2-pin, Stacked Horizontal, Form B""";Supercapacitor;image/capacitors28362.png;capacitors\196 DLC\196 DLC.pdf;None
196 DLC;Enlarge;MAL219662474E3;470000;5.5;Cell;Ø13.5x7;+85 °C;1000;"""Button Cell, 2-pin, Stacked Vertical, Form A""";Supercapacitor;image/capacitors28362.png;capacitors\196 DLC\196 DLC.pdf;None
196 HVC ENYCAP™;Enlarge;MAL219691102E3;4000000;2.8;Cell;Ø7.0x5.0;+70 °C;1000;"""Button Cell, Radial, 2-pin, Stacked Vertical, Form A2""";Supercapacitor;image/capacitors28409.png;capacitors\196 HVC ENYCAP™\196 HVC ENYCAP™.pdf;capacitors\196 HVC ENYCAP™\196 HVC ENYCAP™.zip
196 HVC ENYCAP™;Enlarge;MAL219690118E3;90000000;8.4;Cell;35x25x20;+85 °C;1000;"""Button Cell, Radial, 3-pin, Stacked Vertical, keyed polarity, Form H""";Supercapacitor;image/capacitors28409.png;capacitors\196 HVC ENYCAP™\196 HVC ENYCAP™.pdf;capacitors\196 HVC ENYCAP™\196 HVC ENYCAP™.zip
196 HVC ENYCAP™;Enlarge;MAL219691112E3;4000000;2.8;Cell;Ø7.0x5.0;+70 °C;1000;"""Button Cell, Radial, 3-pin, Stacked Horizontal, keyed polarity, Form B3""";Supercapacitor;image/capacitors28409.png;capacitors\196 HVC ENYCAP™\196 HVC ENYCAP™.pdf;capacitors\196 HVC ENYCAP™\196 HVC ENYCAP™.zip
196 HVC ENYCAP™;Enlarge;MAL219690108E3;90000000;8.4;Cell;35x25x20;+85 °C;1000;"""Button Cell, Radial, 3-pin, Stacked Horizontal, keyed polarity, Form G""";Supercapacitor;image/capacitors28409.png;capacitors\196 HVC ENYCAP™\196 HVC ENYCAP™.pdf;capacitors\196 HVC ENYCAP™\196 HVC ENYCAP™.zip
196 HVC ENYCAP™;Enlarge;MAL219691153E3;4000000;4.2;Cell;13.0x14.0x2.5;+70 °C;1000;"""SMD, Button Cell, Flat, Three Cells, Form E3""";Supercapacitor;image/capacitors28409.png;capacitors\196 HVC ENYCAP™\196 HVC ENYCAP™.pdf;capacitors\196 HVC ENYCAP™\196 HVC ENYCAP™.zip
196 HVC ENYCAP™;Enlarge;MAL219691103E3;4000000;4.2;Cell;Ø7.0x7.5;+70 °C;1000;"""Button Cell, Radial, 2-pin, Stacked Vertical, Form A2""";Supercapacitor;image/capacitors28409.png;capacitors\196 HVC ENYCAP™\196 HVC ENYCAP™.pdf;capacitors\196 HVC ENYCAP™\196 HVC ENYCAP™.zip
196 HVC ENYCAP™;Enlarge;MAL219691202E3;15000000;2.8;Cell;Ø12.0x5.0;+85 °C;1000;"""Button Cell, Radial, 2-pin, Stacked Vertical, Form A2""";Supercapacitor;image/capacitors28409.png;capacitors\196 HVC ENYCAP™\196 HVC ENYCAP™.pdf;capacitors\196 HVC ENYCAP™\196 HVC ENYCAP™.zip
196 HVC ENYCAP™;Enlarge;MAL219691123E3;4000000;4.2;Cell;Ø7.0x7.5;+70 °C;1000;"""Button Cell, Radial, 2-pin, Stacked Horizontal, Form B2""";Supercapacitor;image/capacitors28409.png;capacitors\196 HVC ENYCAP™\196 HVC ENYCAP™.pdf;capacitors\196 HVC ENYCAP™\196 HVC ENYCAP™.zip
196 HVC ENYCAP™;Enlarge;MAL219691222E3;15000000;2.8;Cell;Ø12.0x5.0;+85 °C;1000;"""Button Cell, Radial, 2-pin, Stacked Horizontal, Form B2""";Supercapacitor;image/capacitors28409.png;capacitors\196 HVC ENYCAP™\196 HVC ENYCAP™.pdf;capacitors\196 HVC ENYCAP™\196 HVC ENYCAP™.zip
196 HVC ENYCAP™;Enlarge;MAL219691113E3;4000000;4.2;Cell;Ø7.0x7.5;+70 °C;1000;"""Button Cell, Radial, 3-pin, Stacked Horizontal, keyed polarity, Form B3""";Supercapacitor;image/capacitors28409.png;capacitors\196 HVC ENYCAP™\196 HVC ENYCAP™.pdf;capacitors\196 HVC ENYCAP™\196 HVC ENYCAP™.zip
196 HVC ENYCAP™;Enlarge;MAL219691262E3;15000000;2.8;Cell;14.5x24.0x2.5;+85 °C;1000;"""Button Cell, Connector, Flat, Form F""";Supercapacitor;image/capacitors28409.png;capacitors\196 HVC ENYCAP™\196 HVC ENYCAP™.pdf;capacitors\196 HVC ENYCAP™\196 HVC ENYCAP™.zip
196 HVC ENYCAP™;Enlarge;MAL219691154E3;4000000;5.6;Cell;14.0x14.0x2.5;+70 °C;1000;"""SMD, Button Cell, Flat, Four Cells, Form E4""";Supercapacitor;image/capacitors28409.png;capacitors\196 HVC ENYCAP™\196 HVC ENYCAP™.pdf;capacitors\196 HVC ENYCAP™\196 HVC ENYCAP™.zip
196 HVC ENYCAP™;Enlarge;MAL219691203E3;15000000;4.2;Cell;Ø12.0x7.5;+85 °C;1000;"""Button Cell, Radial, 2-pin, Stacked Vertical, Form A2""";Supercapacitor;image/capacitors28409.png;capacitors\196 HVC ENYCAP™\196 HVC ENYCAP™.pdf;capacitors\196 HVC ENYCAP™\196 HVC ENYCAP™.zip
196 HVC ENYCAP™;Enlarge;MAL219691124E3;4000000;5.6;Cell;Ø7.0x10.0;+70 °C;1000;"""Button Cell, Radial, 2-pin, Stacked Horizontal, Form B2""";Supercapacitor;image/capacitors28409.png;capacitors\196 HVC ENYCAP™\196 HVC ENYCAP™.pdf;capacitors\196 HVC ENYCAP™\196 HVC ENYCAP™.zip
196 HVC ENYCAP™;Enlarge;MAL219691114E3;4000000;5.6;Cell;Ø7.0x10.0;+70 °C;1000;"""Button Cell, Radial, 3-pin, Stacked Horizontal, keyed polarity, Form B3""";Supercapacitor;image/capacitors28409.png;capacitors\196 HVC ENYCAP™\196 HVC ENYCAP™.pdf;capacitors\196 HVC ENYCAP™\196 HVC ENYCAP™.zip
196 HVC ENYCAP™;Enlarge;MAL219691213E3;15000000;4.2;Cell;Ø12.0x7.5;+85 °C;1000;"""Button Cell, Radial, 3-pin, Stacked Horizontal, keyed polarity, Form B3""";Supercapacitor;image/capacitors28409.png;capacitors\196 HVC ENYCAP™\196 HVC ENYCAP™.pdf;capacitors\196 HVC ENYCAP™\196 HVC ENYCAP™.zip
196 HVC ENYCAP™;Enlarge;MAL219691104E3;4000000;5.6;Cell;Ø7.0x10.0;+70 °C;1000;"""Button Cell, Radial, 2-pin, Stacked Vertical, Form A2""";Supercapacitor;image/capacitors28409.png;capacitors\196 HVC ENYCAP™\196 HVC ENYCAP™.pdf;capacitors\196 HVC ENYCAP™\196 HVC ENYCAP™.zip
196 HVC ENYCAP™;Enlarge;MAL219691223E3;15000000;4.2;Cell;Ø12.0x7.5;+85 °C;1000;"""Button Cell, Radial, 2-pin, Stacked Horizontal, Form B2""";Supercapacitor;image/capacitors28409.png;capacitors\196 HVC ENYCAP™\196 HVC ENYCAP™.pdf;capacitors\196 HVC ENYCAP™\196 HVC ENYCAP™.zip
196 HVC ENYCAP™;Enlarge;MAL219691115E3;4000000;7;Cell;Ø7.0x12.5;+70 °C;1000;"""Button Cell, Radial, 3-pin, Stacked Horizontal, keyed polarity, Form B3""";Supercapacitor;image/capacitors28409.png;capacitors\196 HVC ENYCAP™\196 HVC ENYCAP™.pdf;capacitors\196 HVC ENYCAP™\196 HVC ENYCAP™.zip
196 HVC ENYCAP™;Enlarge;MAL219691263E3;15000000;4.2;Cell;14.5x36.0x2.5;+85 °C;1000;"""Button Cell, Connector, Flat, Form F""";Supercapacitor;image/capacitors28409.png;capacitors\196 HVC ENYCAP™\196 HVC ENYCAP™.pdf;capacitors\196 HVC ENYCAP™\196 HVC ENYCAP™.zip
196 HVC ENYCAP™;Enlarge;MAL219691125E3;4000000;7;Cell;Ø7.0x12.5;+70 °C;1000;"""Button Cell, Radial, 2-pin, Stacked Horizontal, Form B2""";Supercapacitor;image/capacitors28409.png;capacitors\196 HVC ENYCAP™\196 HVC ENYCAP™.pdf;capacitors\196 HVC ENYCAP™\196 HVC ENYCAP™.zip
196 HVC ENYCAP™;Enlarge;MAL219691253E3;15000000;4.2;Cell;22.0x24.0x2.5;+85 °C;1000;"""SMD, Button Cell, Flat, Three Cells, Form E3""";Supercapacitor;image/capacitors28409.png;capacitors\196 HVC ENYCAP™\196 HVC ENYCAP™.pdf;capacitors\196 HVC ENYCAP™\196 HVC ENYCAP™.zip
196 HVC ENYCAP™;Enlarge;MAL219691105E3;4000000;7;Cell;Ø7.0x12.5;+70 °C;1000;"""Button Cell, Radial, 2-pin, Stacked Vertical, Form A2""";Supercapacitor;image/capacitors28409.png;capacitors\196 HVC ENYCAP™\196 HVC ENYCAP™.pdf;capacitors\196 HVC ENYCAP™\196 HVC ENYCAP™.zip
196 HVC ENYCAP™;Enlarge;MAL219691214E3;15000000;5.6;Cell;Ø12.0x10.0;+85 °C;1000;"""Button Cell, Radial, 3-pin, Stacked Horizontal, keyed polarity, Form B3""";Supercapacitor;image/capacitors28409.png;capacitors\196 HVC ENYCAP™\196 HVC ENYCAP™.pdf;capacitors\196 HVC ENYCAP™\196 HVC ENYCAP™.zip
196 HVC ENYCAP™;Enlarge;MAL219691116E3;4000000;8.4;Cell;Ø7.0x15.0;+70 °C;1000;"""Button Cell, Radial, 3-pin, Stacked Horizontal, keyed polarity, Form B3""";Supercapacitor;image/capacitors28409.png;capacitors\196 HVC ENYCAP™\196 HVC ENYCAP™.pdf;capacitors\196 HVC ENYCAP™\196 HVC ENYCAP™.zip
196 HVC ENYCAP™;Enlarge;MAL219691204E3;15000000;5.6;Cell;Ø12.0x10.0;+85 °C;1000;"""Button Cell, Radial, 2-pin, Stacked Vertical, Form A2""";Supercapacitor;image/capacitors28409.png;capacitors\196 HVC ENYCAP™\196 HVC ENYCAP™.pdf;capacitors\196 HVC ENYCAP™\196 HVC ENYCAP™.zip
196 HVC ENYCAP™;Enlarge;MAL219691224E3;15000000;5.6;Cell;Ø12.0x10.0;+85 °C;1000;"""Button Cell, Radial, 2-pin, Stacked Horizontal, Form B2""";Supercapacitor;image/capacitors28409.png;capacitors\196 HVC ENYCAP™\196 HVC ENYCAP™.pdf;capacitors\196 HVC ENYCAP™\196 HVC ENYCAP™.zip
196 HVC ENYCAP™;Enlarge;MAL219691264E3;15000000;5.6;Cell;14.5x48.0x2.5;+85 °C;1000;"""Button Cell, Connector, Flat, Form F""";Supercapacitor;image/capacitors28409.png;capacitors\196 HVC ENYCAP™\196 HVC ENYCAP™.pdf;capacitors\196 HVC ENYCAP™\196 HVC ENYCAP™.zip
196 HVC ENYCAP™;Enlarge;MAL219691254E3;15000000;5.6;Cell;24.0x24.0x2.5;+85 °C;1000;"""SMD, Button Cell, Flat, Four Cells, Form E4""";Supercapacitor;image/capacitors28409.png;capacitors\196 HVC ENYCAP™\196 HVC ENYCAP™.pdf;capacitors\196 HVC ENYCAP™\196 HVC ENYCAP™.zip
196 HVC ENYCAP™;Enlarge;MAL219691205E3;15000000;7;Cell;Ø12.0x12.5;+85 °C;1000;"""Button Cell, Radial, 2-pin, Stacked Vertical, Form A2""";Supercapacitor;image/capacitors28409.png;capacitors\196 HVC ENYCAP™\196 HVC ENYCAP™.pdf;capacitors\196 HVC ENYCAP™\196 HVC ENYCAP™.zip
196 HVC ENYCAP™;Enlarge;MAL219691225E3;15000000;7;Cell;Ø12.0x12.5;+85 °C;1000;"""Button Cell, Radial, 2-pin, Stacked Horizontal, Form B2""";Supercapacitor;image/capacitors28409.png;capacitors\196 HVC ENYCAP™\196 HVC ENYCAP™.pdf;capacitors\196 HVC ENYCAP™\196 HVC ENYCAP™.zip
196 HVC ENYCAP™;Enlarge;MAL219691215E3;15000000;7;Cell;Ø12.0x12.5;+85 °C;1000;"""Button Cell, Radial, 3-pin, Stacked Horizontal, keyed polarity, Form B3""";Supercapacitor;image/capacitors28409.png;capacitors\196 HVC ENYCAP™\196 HVC ENYCAP™.pdf;capacitors\196 HVC ENYCAP™\196 HVC ENYCAP™.zip
196 HVC ENYCAP™;Enlarge;MAL219691265E3;15000000;7;Cell;14.5x60.0x2.5;+85 °C;1000;"""Button Cell, Connector, Flat, Form F""";Supercapacitor;image/capacitors28409.png;capacitors\196 HVC ENYCAP™\196 HVC ENYCAP™.pdf;capacitors\196 HVC ENYCAP™\196 HVC ENYCAP™.zip
196 HVC ENYCAP™;Enlarge;MAL219691106E3;4000000;8.4;Cell;Ø7.0x15.0;+70 °C;1000;"""Button Cell, Radial, 2-pin, Stacked Vertical, Form A2""";Supercapacitor;image/capacitors28409.png;capacitors\196 HVC ENYCAP™\196 HVC ENYCAP™.pdf;capacitors\196 HVC ENYCAP™\196 HVC ENYCAP™.zip
196 HVC ENYCAP™;Enlarge;MAL219691206E3;15000000;8.4;Cell;Ø12.0x15.0;+85 °C;1000;"""Button Cell, Radial, 2-pin, Stacked Vertical, Form A2""";Supercapacitor;image/capacitors28409.png;capacitors\196 HVC ENYCAP™\196 HVC ENYCAP™.pdf;capacitors\196 HVC ENYCAP™\196 HVC ENYCAP™.zip
196 HVC ENYCAP™;Enlarge;MAL219691126E3;4000000;8.4;Cell;Ø7.0x15.0;+70 °C;1000;"""Button Cell, Radial, 2-pin, Stacked Horizontal, Form B2""";Supercapacitor;image/capacitors28409.png;capacitors\196 HVC ENYCAP™\196 HVC ENYCAP™.pdf;capacitors\196 HVC ENYCAP™\196 HVC ENYCAP™.zip
196 HVC ENYCAP™;Enlarge;MAL219691216E3;15000000;8.4;Cell;Ø12.0x15.0;+85 °C;1000;"""Button Cell, Radial, 3-pin, Stacked Horizontal, keyed polarity, Form B3""";Supercapacitor;image/capacitors28409.png;capacitors\196 HVC ENYCAP™\196 HVC ENYCAP™.pdf;capacitors\196 HVC ENYCAP™\196 HVC ENYCAP™.zip
196 HVC ENYCAP™;Enlarge;MAL219690116E3;90000000;1.4;Cell;35x25x5;+85 °C;1000;"""Button Cell, Radial, 3-pin, Stacked Vertical, keyed polarity, Form H""";Supercapacitor;image/capacitors28409.png;capacitors\196 HVC ENYCAP™\196 HVC ENYCAP™.pdf;capacitors\196 HVC ENYCAP™\196 HVC ENYCAP™.zip
196 HVC ENYCAP™;Enlarge;MAL219691231E3;15000000;1.4;Cell;Ø12.0x2.5;+85 °C;1000;"""SMD, Button Cell, Flat, One Cell, Form C""";Supercapacitor;image/capacitors28409.png;capacitors\196 HVC ENYCAP™\196 HVC ENYCAP™.pdf;capacitors\196 HVC ENYCAP™\196 HVC ENYCAP™.zip
196 HVC ENYCAP™;Enlarge;MAL219691201E3;15000000;1.4;Cell;Ø12.0x2.5;+85 °C;1000;"""Button Cell, Radial, 2-pin, Stacked Vertical, Form A2""";Supercapacitor;image/capacitors28409.png;capacitors\196 HVC ENYCAP™\196 HVC ENYCAP™.pdf;capacitors\196 HVC ENYCAP™\196 HVC ENYCAP™.zip
196 HVC ENYCAP™;Enlarge;MAL219691226E3;15000000;8.4;Cell;Ø12.0x15.0;+85 °C;1000;"""Button Cell, Radial, 2-pin, Stacked Horizontal, Form B2""";Supercapacitor;image/capacitors28409.png;capacitors\196 HVC ENYCAP™\196 HVC ENYCAP™.pdf;capacitors\196 HVC ENYCAP™\196 HVC ENYCAP™.zip
196 HVC ENYCAP™;Enlarge;MAL219690106E3;90000000;1.4;Cell;35x25x5;+85 °C;1000;"""Button Cell, Radial, 3-pin, Stacked Horizontal, keyed polarity, Form G""";Supercapacitor;image/capacitors28409.png;capacitors\196 HVC ENYCAP™\196 HVC ENYCAP™.pdf;capacitors\196 HVC ENYCAP™\196 HVC ENYCAP™.zip
196 HVC ENYCAP™;Enlarge;MAL219691241E3;15000000;1.4;Cell;Ø12.0x2.5;+85 °C;1000;"""SMD, Button Cell, Flat, One Cell, keyed polarity, Form D2""";Supercapacitor;image/capacitors28409.png;capacitors\196 HVC ENYCAP™\196 HVC ENYCAP™.pdf;capacitors\196 HVC ENYCAP™\196 HVC ENYCAP™.zip
196 HVC ENYCAP™;Enlarge;MAL219691266E3;15000000;8.4;Cell;14.5x72.0x2.5;+85 °C;1000;"""Button Cell, Connector, Flat, Form F""";Supercapacitor;image/capacitors28409.png;capacitors\196 HVC ENYCAP™\196 HVC ENYCAP™.pdf;capacitors\196 HVC ENYCAP™\196 HVC ENYCAP™.zip
196 HVC ENYCAP™;Enlarge;MAL219690103E3;90000000;2.8;Cell;35x25x7.5;+85 °C;1000;"""Button Cell, Radial, 3-pin, Stacked Horizontal, keyed polarity, Form G""";Supercapacitor;image/capacitors28409.png;capacitors\196 HVC ENYCAP™\196 HVC ENYCAP™.pdf;capacitors\196 HVC ENYCAP™\196 HVC ENYCAP™.zip
196 HVC ENYCAP™;Enlarge;MAL219691211E3;15000000;1.4;Cell;Ø12.0x2.5;+85 °C;1000;"""Button Cell, Radial, 3-pin, Stacked Horizontal, keyed polarity, Form B3""";Supercapacitor;image/capacitors28409.png;capacitors\196 HVC ENYCAP™\196 HVC ENYCAP™.pdf;capacitors\196 HVC ENYCAP™\196 HVC ENYCAP™.zip
196 HVC ENYCAP™;Enlarge;MAL219691101E3;4000000;1.4;Cell;Ø7.0x2.5;+70 °C;1000;"""Button Cell, Radial, 2-pin, Stacked Vertical, Form A2""";Supercapacitor;image/capacitors28409.png;capacitors\196 HVC ENYCAP™\196 HVC ENYCAP™.pdf;capacitors\196 HVC ENYCAP™\196 HVC ENYCAP™.zip
196 HVC ENYCAP™;Enlarge;MAL219690113E3;90000000;2.8;Cell;35x25x7.5;+85 °C;1000;"""Button Cell, Radial, 3-pin, Stacked Vertical, keyed polarity, Form H""";Supercapacitor;image/capacitors28409.png;capacitors\196 HVC ENYCAP™\196 HVC ENYCAP™.pdf;capacitors\196 HVC ENYCAP™\196 HVC ENYCAP™.zip
196 HVC ENYCAP™;Enlarge;MAL219691221E3;15000000;1.4;Cell;Ø12.0x2.5;+85 °C;1000;"""Button Cell, Radial, 2-pin, Stacked Horizontal, Form B2""";Supercapacitor;image/capacitors28409.png;capacitors\196 HVC ENYCAP™\196 HVC ENYCAP™.pdf;capacitors\196 HVC ENYCAP™\196 HVC ENYCAP™.zip
196 HVC ENYCAP™;Enlarge;MAL219691121E3;4000000;1.4;Cell;Ø7.0x2.5;+70 °C;1000;"""Button Cell, Radial, 2-pin, Stacked Horizontal, Form B2""";Supercapacitor;image/capacitors28409.png;capacitors\196 HVC ENYCAP™\196 HVC ENYCAP™.pdf;capacitors\196 HVC ENYCAP™\196 HVC ENYCAP™.zip
196 HVC ENYCAP™;Enlarge;MAL219690101E3;90000000;4.2;Cell;35x25x10;+85 °C;1000;"""Button Cell, Radial, 3-pin, Stacked Horizontal, keyed polarity, Form G""";Supercapacitor;image/capacitors28409.png;capacitors\196 HVC ENYCAP™\196 HVC ENYCAP™.pdf;capacitors\196 HVC ENYCAP™\196 HVC ENYCAP™.zip
196 HVC ENYCAP™;Enlarge;MAL219691261E3;15000000;1.4;Cell;14.5x12.0x2.5;+85 °C;1000;"""Button Cell, Connector, Flat, Form F""";Supercapacitor;image/capacitors28409.png;capacitors\196 HVC ENYCAP™\196 HVC ENYCAP™.pdf;capacitors\196 HVC ENYCAP™\196 HVC ENYCAP™.zip
196 HVC ENYCAP™;Enlarge;MAL219691141E3;4000000;1.4;Cell;Ø7.0x2.5;+70 °C;1000;"""SMD, Button Cell, Flat, One Cell, keyed polarity, Form D1""";Supercapacitor;image/capacitors28409.png;capacitors\196 HVC ENYCAP™\196 HVC ENYCAP™.pdf;capacitors\196 HVC ENYCAP™\196 HVC ENYCAP™.zip
196 HVC ENYCAP™;Enlarge;MAL219690111E3;90000000;4.2;Cell;35x25x10;+85 °C;1000;"""Button Cell, Radial, 3-pin, Stacked Vertical, keyed polarity, Form H""";Supercapacitor;image/capacitors28409.png;capacitors\196 HVC ENYCAP™\196 HVC ENYCAP™.pdf;capacitors\196 HVC ENYCAP™\196 HVC ENYCAP™.zip
196 HVC ENYCAP™;Enlarge;MAL219691252E3;15000000;2.8;Cell;12.0x24.0x2.5;+85 °C;1000;"""SMD,Button Cell,  Flat, Two Cells, Form E2""";Supercapacitor;image/capacitors28409.png;capacitors\196 HVC ENYCAP™\196 HVC ENYCAP™.pdf;capacitors\196 HVC ENYCAP™\196 HVC ENYCAP™.zip
196 HVC ENYCAP™;Enlarge;MAL219691111E3;4000000;1.4;Cell;Ø7.0x2.5;+70 °C;1000;"""Button Cell, Radial, 3-pin, Stacked Horizontal, keyed polarity, Form B3""";Supercapacitor;image/capacitors28409.png;capacitors\196 HVC ENYCAP™\196 HVC ENYCAP™.pdf;capacitors\196 HVC ENYCAP™\196 HVC ENYCAP™.zip
196 HVC ENYCAP™;Enlarge;MAL219690102E3;90000000;5.6;Cell;35x25x15;+85 °C;1000;"""Button Cell, Radial, 3-pin, Stacked Horizontal, keyed polarity, Form G""";Supercapacitor;image/capacitors28409.png;capacitors\196 HVC ENYCAP™\196 HVC ENYCAP™.pdf;capacitors\196 HVC ENYCAP™\196 HVC ENYCAP™.zip
196 HVC ENYCAP™;Enlarge;MAL219691212E3;15000000;2.8;Cell;Ø12.0x5.0;+85 °C;1000;"""Button Cell, Radial, 3-pin, Stacked Horizontal, keyed polarity, Form B3""";Supercapacitor;image/capacitors28409.png;capacitors\196 HVC ENYCAP™\196 HVC ENYCAP™.pdf;capacitors\196 HVC ENYCAP™\196 HVC ENYCAP™.zip
196 HVC ENYCAP™;Enlarge;MAL219691131E3;4000000;1.4;Cell;Ø7.0x2.5;+70 °C;1000;"""SMD, Button Cell, Flat, One Cell, Form C""";Supercapacitor;image/capacitors28409.png;capacitors\196 HVC ENYCAP™\196 HVC ENYCAP™.pdf;capacitors\196 HVC ENYCAP™\196 HVC ENYCAP™.zip
196 HVC ENYCAP™;Enlarge;MAL219690112E3;90000000;5.6;Cell;35x25x15;+85 °C;1000;"""Button Cell, Radial, 3-pin, Stacked Vertical, keyed polarity, Form H""";Supercapacitor;image/capacitors28409.png;capacitors\196 HVC ENYCAP™\196 HVC ENYCAP™.pdf;capacitors\196 HVC ENYCAP™\196 HVC ENYCAP™.zip
196 HVC ENYCAP™;Enlarge;MAL219691152E3;4000000;2.8;Cell;7.0x14.0x2.5;+70 °C;1000;"""SMD,Button Cell,  Flat, Two Cells, Form E2""";Supercapacitor;image/capacitors28409.png;capacitors\196 HVC ENYCAP™\196 HVC ENYCAP™.pdf;capacitors\196 HVC ENYCAP™\196 HVC ENYCAP™.zip
196 HVC ENYCAP™;Enlarge;MAL219690107E3;90000000;7;Cell;35x25x17.5;+85 °C;1000;"""Button Cell, Radial, 3-pin, Stacked Horizontal, keyed polarity, Form G""";Supercapacitor;image/capacitors28409.png;capacitors\196 HVC ENYCAP™\196 HVC ENYCAP™.pdf;capacitors\196 HVC ENYCAP™\196 HVC ENYCAP™.zip
196 HVC ENYCAP™;Enlarge;MAL219691122E3;4000000;2.8;Cell;Ø7.0x5.0;+70 °C;1000;"""Button Cell, Radial, 2-pin, Stacked Horizontal, Form B2""";Supercapacitor;image/capacitors28409.png;capacitors\196 HVC ENYCAP™\196 HVC ENYCAP™.pdf;capacitors\196 HVC ENYCAP™\196 HVC ENYCAP™.zip
196 HVC ENYCAP™;Enlarge;MAL219690117E3;90000000;7;Cell;35x25x17.5;+85 °C;1000;"""Button Cell, Radial, 3-pin, Stacked Vertical, keyed polarity, Form H""";Supercapacitor;image/capacitors28409.png;capacitors\196 HVC ENYCAP™\196 HVC ENYCAP™.pdf;capacitors\196 HVC ENYCAP™\196 HVC ENYCAP™.zip
220 EDLC ENYCAP™;Enlarge;MAL222050004E3;20000000;2.7;Radial;Ø18x20;+85 °C;1000;"""Radial, Long Straight Leads, Bulk""";Supercapacitor;image/capacitors28421.png;capacitors\220 EDLC ENYCAP™\220 EDLC ENYCAP™.pdf;capacitors\220 EDLC ENYCAP™\220 EDLC ENYCAP™.zip
220 EDLC ENYCAP™;Enlarge;MAL222091001E3;40000000;2.7;Radial;Ø18x31;+85 °C;1000;"""Radial, Long Straight Leads, On Plastic Tray""";Supercapacitor;image/capacitors28421.png;capacitors\220 EDLC ENYCAP™\220 EDLC ENYCAP™.pdf;capacitors\220 EDLC ENYCAP™\220 EDLC ENYCAP™.zip
220 EDLC ENYCAP™;Enlarge;MAL222031017E3;22000000;2.7;Radial;Ø12.5x40;+85 °C;1000;"""Radial, Taped in Ammopack, Formed Leads""";Supercapacitor;image/capacitors28421.png;capacitors\220 EDLC ENYCAP™\220 EDLC ENYCAP™.pdf;capacitors\220 EDLC ENYCAP™\220 EDLC ENYCAP™.zip
220 EDLC ENYCAP™;Enlarge;MAL222030008E3;45000000;2.7;Radial;Ø18x35;+85 °C;1000;"""Radial, Taped in Ammopack, Formed Leads""";Supercapacitor;image/capacitors28421.png;capacitors\220 EDLC ENYCAP™\220 EDLC ENYCAP™.pdf;capacitors\220 EDLC ENYCAP™\220 EDLC ENYCAP™.zip
220 EDLC ENYCAP™;Enlarge;MAL222051017E3;22000000;2.7;Radial;Ø12.5x40;+85 °C;1000;"""Radial, Long Straight Leads, Bulk""";Supercapacitor;image/capacitors28421.png;capacitors\220 EDLC ENYCAP™\220 EDLC ENYCAP™.pdf;capacitors\220 EDLC ENYCAP™\220 EDLC ENYCAP™.zip
220 EDLC ENYCAP™;Enlarge;MAL222090008E3;45000000;2.7;Radial;Ø18x35;+85 °C;1000;"""Radial, Long Straight Leads, On Plastic Tray""";Supercapacitor;image/capacitors28421.png;capacitors\220 EDLC ENYCAP™\220 EDLC ENYCAP™.pdf;capacitors\220 EDLC ENYCAP™\220 EDLC ENYCAP™.zip
220 EDLC ENYCAP™;Enlarge;MAL222031006E3;25000000;2.7;Radial;Ø16x25;+85 °C;1000;"""Radial, Taped in Ammopack, Formed Leads""";Supercapacitor;image/capacitors28421.png;capacitors\220 EDLC ENYCAP™\220 EDLC ENYCAP™.pdf;capacitors\220 EDLC ENYCAP™\220 EDLC ENYCAP™.zip
220 EDLC ENYCAP™;Enlarge;MAL222050008E3;45000000;2.7;Radial;Ø18x35;+85 °C;1000;"""Radial, Long Straight Leads, Bulk""";Supercapacitor;image/capacitors28421.png;capacitors\220 EDLC ENYCAP™\220 EDLC ENYCAP™.pdf;capacitors\220 EDLC ENYCAP™\220 EDLC ENYCAP™.zip
220 EDLC ENYCAP™;Enlarge;MAL222091006E3;25000000;2.7;Radial;Ø16x25;+85 °C;1000;"""Radial, Long Straight Leads, On Plastic Tray""";Supercapacitor;image/capacitors28421.png;capacitors\220 EDLC ENYCAP™\220 EDLC ENYCAP™.pdf;capacitors\220 EDLC ENYCAP™\220 EDLC ENYCAP™.zip
220 EDLC ENYCAP™;Enlarge;MAL222031011E3;5000000;2.7;Radial;Ø10x20;+85 °C;1000;"""Radial, Taped in Ammopack, Formed Leads""";Supercapacitor;image/capacitors28421.png;capacitors\220 EDLC ENYCAP™\220 EDLC ENYCAP™.pdf;capacitors\220 EDLC ENYCAP™\220 EDLC ENYCAP™.zip
220 EDLC ENYCAP™;Enlarge;MAL222051006E3;25000000;2.7;Radial;Ø16x25;+85 °C;1000;"""Radial, Long Straight Leads, Bulk""";Supercapacitor;image/capacitors28421.png;capacitors\220 EDLC ENYCAP™\220 EDLC ENYCAP™.pdf;capacitors\220 EDLC ENYCAP™\220 EDLC ENYCAP™.zip
220 EDLC ENYCAP™;Enlarge;MAL222051011E3;5000000;2.7;Radial;Ø10x20;+85 °C;1000;"""Radial, Long Straight Leads, Bulk""";Supercapacitor;image/capacitors28421.png;capacitors\220 EDLC ENYCAP™\220 EDLC ENYCAP™.pdf;capacitors\220 EDLC ENYCAP™\220 EDLC ENYCAP™.zip
220 EDLC ENYCAP™;Enlarge;MAL222091008E3;50000000;2.7;Radial;Ø18x35;+85 °C;1000;"""Radial, Long Straight Leads, On Plastic Tray""";Supercapacitor;image/capacitors28421.png;capacitors\220 EDLC ENYCAP™\220 EDLC ENYCAP™.pdf;capacitors\220 EDLC ENYCAP™\220 EDLC ENYCAP™.zip
220 EDLC ENYCAP™;Enlarge;MAL222091004E3;25000000;2.7;Radial;Ø18x20;+85 °C;1000;"""Radial, Long Straight Leads, On Plastic Tray""";Supercapacitor;image/capacitors28421.png;capacitors\220 EDLC ENYCAP™\220 EDLC ENYCAP™.pdf;capacitors\220 EDLC ENYCAP™\220 EDLC ENYCAP™.zip
220 EDLC ENYCAP™;Enlarge;MAL222031008E3;50000000;2.7;Radial;Ø18x35;+85 °C;1000;"""Radial, Taped in Ammopack, Formed Leads""";Supercapacitor;image/capacitors28421.png;capacitors\220 EDLC ENYCAP™\220 EDLC ENYCAP™.pdf;capacitors\220 EDLC ENYCAP™\220 EDLC ENYCAP™.zip
220 EDLC ENYCAP™;Enlarge;MAL222031004E3;25000000;2.7;Radial;Ø18x20;+85 °C;1000;"""Radial, Taped in Ammopack, Formed Leads""";Supercapacitor;image/capacitors28421.png;capacitors\220 EDLC ENYCAP™\220 EDLC ENYCAP™.pdf;capacitors\220 EDLC ENYCAP™\220 EDLC ENYCAP™.zip
220 EDLC ENYCAP™;Enlarge;MAL222051008E3;50000000;2.7;Radial;Ø18x35;+85 °C;1000;"""Radial, Long Straight Leads, Bulk""";Supercapacitor;image/capacitors28421.png;capacitors\220 EDLC ENYCAP™\220 EDLC ENYCAP™.pdf;capacitors\220 EDLC ENYCAP™\220 EDLC ENYCAP™.zip
220 EDLC ENYCAP™;Enlarge;MAL222051004E3;25000000;2.7;Radial;Ø18x20;+85 °C;1000;"""Radial, Long Straight Leads, Bulk""";Supercapacitor;image/capacitors28421.png;capacitors\220 EDLC ENYCAP™\220 EDLC ENYCAP™.pdf;capacitors\220 EDLC ENYCAP™\220 EDLC ENYCAP™.zip
220 EDLC ENYCAP™;Enlarge;MAL222090009E3;55000000;2.7;Radial;Ø18x40;+85 °C;1000;"""Radial, Long Straight Leads, On Plastic Tray""";Supercapacitor;image/capacitors28421.png;capacitors\220 EDLC ENYCAP™\220 EDLC ENYCAP™.pdf;capacitors\220 EDLC ENYCAP™\220 EDLC ENYCAP™.zip
220 EDLC ENYCAP™;Enlarge;MAL222030007E3;25000000;2.7;Radial;Ø18x25;+85 °C;1000;"""Radial, Taped in Ammopack, Formed Leads""";Supercapacitor;image/capacitors28421.png;capacitors\220 EDLC ENYCAP™\220 EDLC ENYCAP™.pdf;capacitors\220 EDLC ENYCAP™\220 EDLC ENYCAP™.zip
220 EDLC ENYCAP™;Enlarge;MAL222050009E3;55000000;2.7;Radial;Ø18x40;+85 °C;1000;"""Radial, Long Straight Leads, Bulk""";Supercapacitor;image/capacitors28421.png;capacitors\220 EDLC ENYCAP™\220 EDLC ENYCAP™.pdf;capacitors\220 EDLC ENYCAP™\220 EDLC ENYCAP™.zip
220 EDLC ENYCAP™;Enlarge;MAL222050007E3;25000000;2.7;Radial;Ø18x25;+85 °C;1000;"""Radial, Long Straight Leads, Bulk""";Supercapacitor;image/capacitors28421.png;capacitors\220 EDLC ENYCAP™\220 EDLC ENYCAP™.pdf;capacitors\220 EDLC ENYCAP™\220 EDLC ENYCAP™.zip
220 EDLC ENYCAP™;Enlarge;MAL222090007E3;25000000;2.7;Radial;Ø18x25;+85 °C;1000;"""Radial, Long Straight Leads, On Plastic Tray""";Supercapacitor;image/capacitors28421.png;capacitors\220 EDLC ENYCAP™\220 EDLC ENYCAP™.pdf;capacitors\220 EDLC ENYCAP™\220 EDLC ENYCAP™.zip
220 EDLC ENYCAP™;Enlarge;MAL222091009E3;60000000;2.7;Radial;Ø18x40;+85 °C;1000;"""Radial, Long Straight Leads, On Plastic Tray""";Supercapacitor;image/capacitors28421.png;capacitors\220 EDLC ENYCAP™\220 EDLC ENYCAP™.pdf;capacitors\220 EDLC ENYCAP™\220 EDLC ENYCAP™.zip
220 EDLC ENYCAP™;Enlarge;MAL222090002E3;30000000;2.7;Radial;Ø16x31;+85 °C;1000;"""Radial, Long Straight Leads, On Plastic Tray""";Supercapacitor;image/capacitors28421.png;capacitors\220 EDLC ENYCAP™\220 EDLC ENYCAP™.pdf;capacitors\220 EDLC ENYCAP™\220 EDLC ENYCAP™.zip
220 EDLC ENYCAP™;Enlarge;MAL222051009E3;60000000;2.7;Radial;Ø18x40;+85 °C;1000;"""Radial, Long Straight Leads, Bulk""";Supercapacitor;image/capacitors28421.png;capacitors\220 EDLC ENYCAP™\220 EDLC ENYCAP™.pdf;capacitors\220 EDLC ENYCAP™\220 EDLC ENYCAP™.zip
220 EDLC ENYCAP™;Enlarge;MAL222050002E3;30000000;2.7;Radial;Ø16x31;+85 °C;1000;"""Radial, Long Straight Leads, Bulk""";Supercapacitor;image/capacitors28421.png;capacitors\220 EDLC ENYCAP™\220 EDLC ENYCAP™.pdf;capacitors\220 EDLC ENYCAP™\220 EDLC ENYCAP™.zip
220 EDLC ENYCAP™;Enlarge;MAL222031012E3;7000000;2.7;Radial;Ø10x25;+85 °C;1000;"""Radial, Taped in Ammopack, Formed Leads""";Supercapacitor;image/capacitors28421.png;capacitors\220 EDLC ENYCAP™\220 EDLC ENYCAP™.pdf;capacitors\220 EDLC ENYCAP™\220 EDLC ENYCAP™.zip
220 EDLC ENYCAP™;Enlarge;MAL222030002E3;30000000;2.7;Radial;Ø16x31;+85 °C;1000;"""Radial, Taped in Ammopack, Formed Leads""";Supercapacitor;image/capacitors28421.png;capacitors\220 EDLC ENYCAP™\220 EDLC ENYCAP™.pdf;capacitors\220 EDLC ENYCAP™\220 EDLC ENYCAP™.zip
220 EDLC ENYCAP™;Enlarge;MAL222051012E3;7000000;2.7;Radial;Ø10x25;+85 °C;1000;"""Radial, Long Straight Leads, Bulk""";Supercapacitor;image/capacitors28421.png;capacitors\220 EDLC ENYCAP™\220 EDLC ENYCAP™.pdf;capacitors\220 EDLC ENYCAP™\220 EDLC ENYCAP™.zip
220 EDLC ENYCAP™;Enlarge;MAL222051007E3;30000000;2.7;Radial;Ø18x25;+85 °C;1000;"""Radial, Long Straight Leads, Bulk""";Supercapacitor;image/capacitors28421.png;capacitors\220 EDLC ENYCAP™\220 EDLC ENYCAP™.pdf;capacitors\220 EDLC ENYCAP™\220 EDLC ENYCAP™.zip
220 EDLC ENYCAP™;Enlarge;MAL222051014E3;8000000;2.7;Radial;Ø12.5x20;+85 °C;1000;"""Radial, Long Straight Leads, Bulk""";Supercapacitor;image/capacitors28421.png;capacitors\220 EDLC ENYCAP™\220 EDLC ENYCAP™.pdf;capacitors\220 EDLC ENYCAP™\220 EDLC ENYCAP™.zip
220 EDLC ENYCAP™;Enlarge;MAL222051013E3;10000000;2.7;Radial;Ø10x30;+85 °C;1000;"""Radial, Long Straight Leads, Bulk""";Supercapacitor;image/capacitors28421.png;capacitors\220 EDLC ENYCAP™\220 EDLC ENYCAP™.pdf;capacitors\220 EDLC ENYCAP™\220 EDLC ENYCAP™.zip
220 EDLC ENYCAP™;Enlarge;MAL222031007E3;30000000;2.7;Radial;Ø18x25;+85 °C;1000;"""Radial, Taped in Ammopack, Formed Leads""";Supercapacitor;image/capacitors28421.png;capacitors\220 EDLC ENYCAP™\220 EDLC ENYCAP™.pdf;capacitors\220 EDLC ENYCAP™\220 EDLC ENYCAP™.zip
220 EDLC ENYCAP™;Enlarge;MAL222031014E3;8000000;2.7;Radial;Ø12.5x20;+85 °C;1000;"""Radial, Taped in Ammopack, Formed Leads""";Supercapacitor;image/capacitors28421.png;capacitors\220 EDLC ENYCAP™\220 EDLC ENYCAP™.pdf;capacitors\220 EDLC ENYCAP™\220 EDLC ENYCAP™.zip
220 EDLC ENYCAP™;Enlarge;MAL222031013E3;10000000;2.7;Radial;Ø10x30;+85 °C;1000;"""Radial, Taped in Ammopack, Formed Leads""";Supercapacitor;image/capacitors28421.png;capacitors\220 EDLC ENYCAP™\220 EDLC ENYCAP™.pdf;capacitors\220 EDLC ENYCAP™\220 EDLC ENYCAP™.zip
220 EDLC ENYCAP™;Enlarge;MAL222091007E3;30000000;2.7;Radial;Ø18x25;+85 °C;1000;"""Radial, Long Straight Leads, On Plastic Tray""";Supercapacitor;image/capacitors28421.png;capacitors\220 EDLC ENYCAP™\220 EDLC ENYCAP™.pdf;capacitors\220 EDLC ENYCAP™\220 EDLC ENYCAP™.zip
220 EDLC ENYCAP™;Enlarge;MAL222051015E3;12000000;2.7;Radial;Ø12.5x25;+85 °C;1000;"""Radial, Long Straight Leads, Bulk""";Supercapacitor;image/capacitors28421.png;capacitors\220 EDLC ENYCAP™\220 EDLC ENYCAP™.pdf;capacitors\220 EDLC ENYCAP™\220 EDLC ENYCAP™.zip
220 EDLC ENYCAP™;Enlarge;MAL222031015E3;12000000;2.7;Radial;Ø12.5x25;+85 °C;1000;"""Radial, Taped in Ammopack, Formed Leads""";Supercapacitor;image/capacitors28421.png;capacitors\220 EDLC ENYCAP™\220 EDLC ENYCAP™.pdf;capacitors\220 EDLC ENYCAP™\220 EDLC ENYCAP™.zip
220 EDLC ENYCAP™;Enlarge;MAL222051016E3;15000000;2.7;Radial;Ø12.5x30;+85 °C;1000;"""Radial, Long Straight Leads, Bulk""";Supercapacitor;image/capacitors28421.png;capacitors\220 EDLC ENYCAP™\220 EDLC ENYCAP™.pdf;capacitors\220 EDLC ENYCAP™\220 EDLC ENYCAP™.zip
220 EDLC ENYCAP™;Enlarge;MAL222031016E3;15000000;2.7;Radial;Ø12.5x30;+85 °C;1000;"""Radial, Taped in Ammopack, Formed Leads""";Supercapacitor;image/capacitors28421.png;capacitors\220 EDLC ENYCAP™\220 EDLC ENYCAP™.pdf;capacitors\220 EDLC ENYCAP™\220 EDLC ENYCAP™.zip
220 EDLC ENYCAP™;Enlarge;MAL222030003E3;15000000;2.7;Radial;Ø16x20;+85 °C;1000;"""Radial, Taped in Ammopack, Formed Leads""";Supercapacitor;image/capacitors28421.png;capacitors\220 EDLC ENYCAP™\220 EDLC ENYCAP™.pdf;capacitors\220 EDLC ENYCAP™\220 EDLC ENYCAP™.zip
220 EDLC ENYCAP™;Enlarge;MAL222050003E3;15000000;2.7;Radial;Ø16x20;+85 °C;1000;"""Radial, Long Straight Leads, Bulk""";Supercapacitor;image/capacitors28421.png;capacitors\220 EDLC ENYCAP™\220 EDLC ENYCAP™.pdf;capacitors\220 EDLC ENYCAP™\220 EDLC ENYCAP™.zip
220 EDLC ENYCAP™;Enlarge;MAL222090003E3;15000000;2.7;Radial;Ø16x20;+85 °C;1000;"""Radial, Long Straight Leads, On Plastic Tray""";Supercapacitor;image/capacitors28421.png;capacitors\220 EDLC ENYCAP™\220 EDLC ENYCAP™.pdf;capacitors\220 EDLC ENYCAP™\220 EDLC ENYCAP™.zip
220 EDLC ENYCAP™;Enlarge;MAL222051003E3;20000000;2.7;Radial;Ø16x20;+85 °C;1000;"""Radial, Long Straight Leads, Bulk""";Supercapacitor;image/capacitors28421.png;capacitors\220 EDLC ENYCAP™\220 EDLC ENYCAP™.pdf;capacitors\220 EDLC ENYCAP™\220 EDLC ENYCAP™.zip
220 EDLC ENYCAP™;Enlarge;MAL222031002E3;35000000;2.7;Radial;Ø16x31;+85 °C;1000;"""Radial, Taped in Ammopack, Formed Leads""";Supercapacitor;image/capacitors28421.png;capacitors\220 EDLC ENYCAP™\220 EDLC ENYCAP™.pdf;capacitors\220 EDLC ENYCAP™\220 EDLC ENYCAP™.zip
220 EDLC ENYCAP™;Enlarge;MAL222091003E3;20000000;2.7;Radial;Ø16x20;+85 °C;1000;"""Radial, Long Straight Leads, On Plastic Tray""";Supercapacitor;image/capacitors28421.png;capacitors\220 EDLC ENYCAP™\220 EDLC ENYCAP™.pdf;capacitors\220 EDLC ENYCAP™\220 EDLC ENYCAP™.zip
220 EDLC ENYCAP™;Enlarge;MAL222091002E3;35000000;2.7;Radial;Ø16x31;+85 °C;1000;"""Radial, Long Straight Leads, On Plastic Tray""";Supercapacitor;image/capacitors28421.png;capacitors\220 EDLC ENYCAP™\220 EDLC ENYCAP™.pdf;capacitors\220 EDLC ENYCAP™\220 EDLC ENYCAP™.zip
220 EDLC ENYCAP™;Enlarge;MAL222031003E3;20000000;2.7;Radial;Ø16x20;+85 °C;1000;"""Radial, Taped in Ammopack, Formed Leads""";Supercapacitor;image/capacitors28421.png;capacitors\220 EDLC ENYCAP™\220 EDLC ENYCAP™.pdf;capacitors\220 EDLC ENYCAP™\220 EDLC ENYCAP™.zip
220 EDLC ENYCAP™;Enlarge;MAL222051002E3;35000000;2.7;Radial;Ø16x31;+85 °C;1000;"""Radial, Long Straight Leads, Bulk""";Supercapacitor;image/capacitors28421.png;capacitors\220 EDLC ENYCAP™\220 EDLC ENYCAP™.pdf;capacitors\220 EDLC ENYCAP™\220 EDLC ENYCAP™.zip
220 EDLC ENYCAP™;Enlarge;MAL222090006E3;20000000;2.7;Radial;Ø16x25;+85 °C;1000;"""Radial, Long Straight Leads, On Plastic Tray""";Supercapacitor;image/capacitors28421.png;capacitors\220 EDLC ENYCAP™\220 EDLC ENYCAP™.pdf;capacitors\220 EDLC ENYCAP™\220 EDLC ENYCAP™.zip
220 EDLC ENYCAP™;Enlarge;MAL222050001E3;35000000;2.7;Radial;Ø18x31;+85 °C;1000;"""Radial, Long Straight Leads, Bulk""";Supercapacitor;image/capacitors28421.png;capacitors\220 EDLC ENYCAP™\220 EDLC ENYCAP™.pdf;capacitors\220 EDLC ENYCAP™\220 EDLC ENYCAP™.zip
220 EDLC ENYCAP™;Enlarge;MAL222050006E3;20000000;2.7;Radial;Ø16x25;+85 °C;1000;"""Radial, Long Straight Leads, Bulk""";Supercapacitor;image/capacitors28421.png;capacitors\220 EDLC ENYCAP™\220 EDLC ENYCAP™.pdf;capacitors\220 EDLC ENYCAP™\220 EDLC ENYCAP™.zip
220 EDLC ENYCAP™;Enlarge;MAL222090001E3;35000000;2.7;Radial;Ø18x31;+85 °C;1000;"""Radial, Long Straight Leads, On Plastic Tray""";Supercapacitor;image/capacitors28421.png;capacitors\220 EDLC ENYCAP™\220 EDLC ENYCAP™.pdf;capacitors\220 EDLC ENYCAP™\220 EDLC ENYCAP™.zip
220 EDLC ENYCAP™;Enlarge;MAL222030006E3;20000000;2.7;Radial;Ø16x25;+85 °C;1000;"""Radial, Taped in Ammopack, Formed Leads""";Supercapacitor;image/capacitors28421.png;capacitors\220 EDLC ENYCAP™\220 EDLC ENYCAP™.pdf;capacitors\220 EDLC ENYCAP™\220 EDLC ENYCAP™.zip
220 EDLC ENYCAP™;Enlarge;MAL222030001E3;35000000;2.7;Radial;Ø18x31;+85 °C;1000;"""Radial, Taped in Ammopack, Formed Leads""";Supercapacitor;image/capacitors28421.png;capacitors\220 EDLC ENYCAP™\220 EDLC ENYCAP™.pdf;capacitors\220 EDLC ENYCAP™\220 EDLC ENYCAP™.zip
220 EDLC ENYCAP™;Enlarge;MAL222090004E3;20000000;2.7;Radial;Ø18x20;+85 °C;1000;"""Radial, Long Straight Leads, On Plastic Tray""";Supercapacitor;image/capacitors28421.png;capacitors\220 EDLC ENYCAP™\220 EDLC ENYCAP™.pdf;capacitors\220 EDLC ENYCAP™\220 EDLC ENYCAP™.zip
220 EDLC ENYCAP™;Enlarge;MAL222031001E3;40000000;2.7;Radial;Ø18x31;+85 °C;1000;"""Radial, Taped in Ammopack, Formed Leads""";Supercapacitor;image/capacitors28421.png;capacitors\220 EDLC ENYCAP™\220 EDLC ENYCAP™.pdf;capacitors\220 EDLC ENYCAP™\220 EDLC ENYCAP™.zip
220 EDLC ENYCAP™;Enlarge;MAL222030004E3;20000000;2.7;Radial;Ø18x20;+85 °C;1000;"""Radial, Taped in Ammopack, Formed Leads""";Supercapacitor;image/capacitors28421.png;capacitors\220 EDLC ENYCAP™\220 EDLC ENYCAP™.pdf;capacitors\220 EDLC ENYCAP™\220 EDLC ENYCAP™.zip
220 EDLC ENYCAP™;Enlarge;MAL222051001E3;40000000;2.7;Radial;Ø18x31;+85 °C;1000;"""Radial, Long Straight Leads, Bulk""";Supercapacitor;image/capacitors28421.png;capacitors\220 EDLC ENYCAP™\220 EDLC ENYCAP™.pdf;capacitors\220 EDLC ENYCAP™\220 EDLC ENYCAP™.zip
225 EDLC-R ENYCAP™;Enlarge;MAL222531011E3;5000000;2.7;Radial;Ø10x20;+85 °C;1000;"""Radial, Taped in Ammopack, Formed Leads""";Supercapacitor;image/capacitors28449.png;capacitors\225 EDLC-R ENYCAP™\225 EDLC-R ENYCAP™.pdf;capacitors\225 EDLC-R ENYCAP™\225 EDLC-R ENYCAP™.zip
225 EDLC-R ENYCAP™;Enlarge;MAL222531008E3;50000000;2.7;Radial;Ø18x35;+85 °C;2000;"""Radial, Taped in Ammopack, Formed Leads""";Supercapacitor;image/capacitors28449.png;capacitors\225 EDLC-R ENYCAP™\225 EDLC-R ENYCAP™.pdf;capacitors\225 EDLC-R ENYCAP™\225 EDLC-R ENYCAP™.zip
225 EDLC-R ENYCAP™;Enlarge;MAL222591008E3;50000000;2.7;Radial;Ø18x35;+85 °C;2000;"""Radial, Long Straight Leads, On Plastic Tray""";Supercapacitor;image/capacitors28449.png;capacitors\225 EDLC-R ENYCAP™\225 EDLC-R ENYCAP™.pdf;capacitors\225 EDLC-R ENYCAP™\225 EDLC-R ENYCAP™.zip
225 EDLC-R ENYCAP™;Enlarge;MAL222551008E3;50000000;2.7;Radial;Ø18x35;+85 °C;2000;"""Radial, Long Straight Leads, Bulk""";Supercapacitor;image/capacitors28449.png;capacitors\225 EDLC-R ENYCAP™\225 EDLC-R ENYCAP™.pdf;capacitors\225 EDLC-R ENYCAP™\225 EDLC-R ENYCAP™.zip
225 EDLC-R ENYCAP™;Enlarge;MAL222551013E3;10000000;2.7;Radial;Ø10x30;+85 °C;1000;"""Radial, Long Straight Leads, Bulk""";Supercapacitor;image/capacitors28449.png;capacitors\225 EDLC-R ENYCAP™\225 EDLC-R ENYCAP™.pdf;capacitors\225 EDLC-R ENYCAP™\225 EDLC-R ENYCAP™.zip
225 EDLC-R ENYCAP™;Enlarge;MAL222551009E3;60000000;2.7;Radial;Ø18x40;+85 °C;2000;"""Radial, Long Straight Leads, Bulk""";Supercapacitor;image/capacitors28449.png;capacitors\225 EDLC-R ENYCAP™\225 EDLC-R ENYCAP™.pdf;capacitors\225 EDLC-R ENYCAP™\225 EDLC-R ENYCAP™.zip
225 EDLC-R ENYCAP™;Enlarge;MAL222531013E3;10000000;2.7;Radial;Ø10x30;+85 °C;1000;"""Radial, Taped in Ammopack, Formed Leads""";Supercapacitor;image/capacitors28449.png;capacitors\225 EDLC-R ENYCAP™\225 EDLC-R ENYCAP™.pdf;capacitors\225 EDLC-R ENYCAP™\225 EDLC-R ENYCAP™.zip
225 EDLC-R ENYCAP™;Enlarge;MAL222591009E3;60000000;2.7;Radial;Ø18x40;+85 °C;2000;"""Radial, Long Straight Leads, On Plastic Tray""";Supercapacitor;image/capacitors28449.png;capacitors\225 EDLC-R ENYCAP™\225 EDLC-R ENYCAP™.pdf;capacitors\225 EDLC-R ENYCAP™\225 EDLC-R ENYCAP™.zip
225 EDLC-R ENYCAP™;Enlarge;MAL222551024E3;100000000;2.7;Radial;Ø20x40;+85 °C;2000;"""Radial, Long Straight Leads, Bulk""";Supercapacitor;image/capacitors28449.png;capacitors\225 EDLC-R ENYCAP™\225 EDLC-R ENYCAP™.pdf;capacitors\225 EDLC-R ENYCAP™\225 EDLC-R ENYCAP™.zip
225 EDLC-R ENYCAP™;Enlarge;MAL222551012E3;7000000;2.7;Radial;Ø10x25;+85 °C;1000;"""Radial, Long Straight Leads, Bulk""";Supercapacitor;image/capacitors28449.png;capacitors\225 EDLC-R ENYCAP™\225 EDLC-R ENYCAP™.pdf;capacitors\225 EDLC-R ENYCAP™\225 EDLC-R ENYCAP™.zip
225 EDLC-R ENYCAP™;Enlarge;MAL222531012E3;7000000;2.7;Radial;Ø10x25;+85 °C;1000;"""Radial, Taped in Ammopack, Formed Leads""";Supercapacitor;image/capacitors28449.png;capacitors\225 EDLC-R ENYCAP™\225 EDLC-R ENYCAP™.pdf;capacitors\225 EDLC-R ENYCAP™\225 EDLC-R ENYCAP™.zip
225 EDLC-R ENYCAP™;Enlarge;MAL222531015E3;12000000;2.7;Radial;Ø12.5x25;+85 °C;1500;"""Radial, Taped in Ammopack, Formed Leads""";Supercapacitor;image/capacitors28449.png;capacitors\225 EDLC-R ENYCAP™\225 EDLC-R ENYCAP™.pdf;capacitors\225 EDLC-R ENYCAP™\225 EDLC-R ENYCAP™.zip
225 EDLC-R ENYCAP™;Enlarge;MAL222551014E3;8000000;2.7;Radial;Ø12.5x20;+85 °C;1500;"""Radial, Long Straight Leads, Bulk""";Supercapacitor;image/capacitors28449.png;capacitors\225 EDLC-R ENYCAP™\225 EDLC-R ENYCAP™.pdf;capacitors\225 EDLC-R ENYCAP™\225 EDLC-R ENYCAP™.zip
225 EDLC-R ENYCAP™;Enlarge;MAL222551015E3;12000000;2.7;Radial;Ø12.5x25;+85 °C;1500;"""Radial, Long Straight Leads, Bulk""";Supercapacitor;image/capacitors28449.png;capacitors\225 EDLC-R ENYCAP™\225 EDLC-R ENYCAP™.pdf;capacitors\225 EDLC-R ENYCAP™\225 EDLC-R ENYCAP™.zip
225 EDLC-R ENYCAP™;Enlarge;MAL222531014E3;8000000;2.7;Radial;Ø12.5x20;+85 °C;1500;"""Radial, Taped in Ammopack, Formed Leads""";Supercapacitor;image/capacitors28449.png;capacitors\225 EDLC-R ENYCAP™\225 EDLC-R ENYCAP™.pdf;capacitors\225 EDLC-R ENYCAP™\225 EDLC-R ENYCAP™.zip
225 EDLC-R ENYCAP™;Enlarge;MAL222531016E3;15000000;2.7;Radial;Ø12.5x30;+85 °C;1500;"""Radial, Taped in Ammopack, Formed Leads""";Supercapacitor;image/capacitors28449.png;capacitors\225 EDLC-R ENYCAP™\225 EDLC-R ENYCAP™.pdf;capacitors\225 EDLC-R ENYCAP™\225 EDLC-R ENYCAP™.zip
225 EDLC-R ENYCAP™;Enlarge;MAL222551016E3;15000000;2.7;Radial;Ø12.5x30;+85 °C;1500;"""Radial, Long Straight Leads, Bulk""";Supercapacitor;image/capacitors28449.png;capacitors\225 EDLC-R ENYCAP™\225 EDLC-R ENYCAP™.pdf;capacitors\225 EDLC-R ENYCAP™\225 EDLC-R ENYCAP™.zip
225 EDLC-R ENYCAP™;Enlarge;MAL222531003E3;20000000;2.7;Radial;Ø16x20;+85 °C;2000;"""Radial, Taped in Ammopack, Formed Leads""";Supercapacitor;image/capacitors28449.png;capacitors\225 EDLC-R ENYCAP™\225 EDLC-R ENYCAP™.pdf;capacitors\225 EDLC-R ENYCAP™\225 EDLC-R ENYCAP™.zip
225 EDLC-R ENYCAP™;Enlarge;MAL222591003E3;20000000;2.7;Radial;Ø16x20;+85 °C;2000;"""Radial, Long Straight Leads, On Plastic Tray""";Supercapacitor;image/capacitors28449.png;capacitors\225 EDLC-R ENYCAP™\225 EDLC-R ENYCAP™.pdf;capacitors\225 EDLC-R ENYCAP™\225 EDLC-R ENYCAP™.zip
225 EDLC-R ENYCAP™;Enlarge;MAL222551003E3;20000000;2.7;Radial;Ø16x20;+85 °C;2000;"""Radial, Long Straight Leads, Bulk""";Supercapacitor;image/capacitors28449.png;capacitors\225 EDLC-R ENYCAP™\225 EDLC-R ENYCAP™.pdf;capacitors\225 EDLC-R ENYCAP™\225 EDLC-R ENYCAP™.zip
225 EDLC-R ENYCAP™;Enlarge;MAL222551017E3;22000000;2.7;Radial;Ø12.5x40;+85 °C;1500;"""Radial, Long Straight Leads, Bulk""";Supercapacitor;image/capacitors28449.png;capacitors\225 EDLC-R ENYCAP™\225 EDLC-R ENYCAP™.pdf;capacitors\225 EDLC-R ENYCAP™\225 EDLC-R ENYCAP™.zip
225 EDLC-R ENYCAP™;Enlarge;MAL222531017E3;22000000;2.7;Radial;Ø12.5x40;+85 °C;1500;"""Radial, Taped in Ammopack, Formed Leads""";Supercapacitor;image/capacitors28449.png;capacitors\225 EDLC-R ENYCAP™\225 EDLC-R ENYCAP™.pdf;capacitors\225 EDLC-R ENYCAP™\225 EDLC-R ENYCAP™.zip
225 EDLC-R ENYCAP™;Enlarge;MAL222531006E3;25000000;2.7;Radial;Ø16x25;+85 °C;2000;"""Radial, Taped in Ammopack, Formed Leads""";Supercapacitor;image/capacitors28449.png;capacitors\225 EDLC-R ENYCAP™\225 EDLC-R ENYCAP™.pdf;capacitors\225 EDLC-R ENYCAP™\225 EDLC-R ENYCAP™.zip
225 EDLC-R ENYCAP™;Enlarge;MAL222591006E3;25000000;2.7;Radial;Ø16x25;+85 °C;2000;"""Radial, Long Straight Leads, On Plastic Tray""";Supercapacitor;image/capacitors28449.png;capacitors\225 EDLC-R ENYCAP™\225 EDLC-R ENYCAP™.pdf;capacitors\225 EDLC-R ENYCAP™\225 EDLC-R ENYCAP™.zip
225 EDLC-R ENYCAP™;Enlarge;MAL222551006E3;25000000;2.7;Radial;Ø16x25;+85 °C;2000;"""Radial, Long Straight Leads, Bulk""";Supercapacitor;image/capacitors28449.png;capacitors\225 EDLC-R ENYCAP™\225 EDLC-R ENYCAP™.pdf;capacitors\225 EDLC-R ENYCAP™\225 EDLC-R ENYCAP™.zip
225 EDLC-R ENYCAP™;Enlarge;MAL222531004E3;25000000;2.7;Radial;Ø18x20;+85 °C;2000;"""Radial, Taped in Ammopack, Formed Leads""";Supercapacitor;image/capacitors28449.png;capacitors\225 EDLC-R ENYCAP™\225 EDLC-R ENYCAP™.pdf;capacitors\225 EDLC-R ENYCAP™\225 EDLC-R ENYCAP™.zip
225 EDLC-R ENYCAP™;Enlarge;MAL222551004E3;25000000;2.7;Radial;Ø18x20;+85 °C;2000;"""Radial, Long Straight Leads, Bulk""";Supercapacitor;image/capacitors28449.png;capacitors\225 EDLC-R ENYCAP™\225 EDLC-R ENYCAP™.pdf;capacitors\225 EDLC-R ENYCAP™\225 EDLC-R ENYCAP™.zip
225 EDLC-R ENYCAP™;Enlarge;MAL222591004E3;25000000;2.7;Radial;Ø18x20;+85 °C;2000;"""Radial, Long Straight Leads, On Plastic Tray""";Supercapacitor;image/capacitors28449.png;capacitors\225 EDLC-R ENYCAP™\225 EDLC-R ENYCAP™.pdf;capacitors\225 EDLC-R ENYCAP™\225 EDLC-R ENYCAP™.zip
225 EDLC-R ENYCAP™;Enlarge;MAL222591007E3;30000000;2.7;Radial;Ø18x25;+85 °C;2000;"""Radial, Long Straight Leads, On Plastic Tray""";Supercapacitor;image/capacitors28449.png;capacitors\225 EDLC-R ENYCAP™\225 EDLC-R ENYCAP™.pdf;capacitors\225 EDLC-R ENYCAP™\225 EDLC-R ENYCAP™.zip
225 EDLC-R ENYCAP™;Enlarge;MAL222531007E3;30000000;2.7;Radial;Ø18x25;+85 °C;2000;"""Radial, Taped in Ammopack, Formed Leads""";Supercapacitor;image/capacitors28449.png;capacitors\225 EDLC-R ENYCAP™\225 EDLC-R ENYCAP™.pdf;capacitors\225 EDLC-R ENYCAP™\225 EDLC-R ENYCAP™.zip
225 EDLC-R ENYCAP™;Enlarge;MAL222551007E3;30000000;2.7;Radial;Ø18x25;+85 °C;2000;"""Radial, Long Straight Leads, Bulk""";Supercapacitor;image/capacitors28449.png;capacitors\225 EDLC-R ENYCAP™\225 EDLC-R ENYCAP™.pdf;capacitors\225 EDLC-R ENYCAP™\225 EDLC-R ENYCAP™.zip
225 EDLC-R ENYCAP™;Enlarge;MAL222591002E3;35000000;2.7;Radial;Ø16x31;+85 °C;2000;"""Radial, Long Straight Leads, On Plastic Tray""";Supercapacitor;image/capacitors28449.png;capacitors\225 EDLC-R ENYCAP™\225 EDLC-R ENYCAP™.pdf;capacitors\225 EDLC-R ENYCAP™\225 EDLC-R ENYCAP™.zip
225 EDLC-R ENYCAP™;Enlarge;MAL222551002E3;35000000;2.7;Radial;Ø16x31;+85 °C;2000;"""Radial, Long Straight Leads, Bulk""";Supercapacitor;image/capacitors28449.png;capacitors\225 EDLC-R ENYCAP™\225 EDLC-R ENYCAP™.pdf;capacitors\225 EDLC-R ENYCAP™\225 EDLC-R ENYCAP™.zip
225 EDLC-R ENYCAP™;Enlarge;MAL222531002E3;35000000;2.7;Radial;Ø16x31;+85 °C;2000;"""Radial, Taped in Ammopack, Formed Leads""";Supercapacitor;image/capacitors28449.png;capacitors\225 EDLC-R ENYCAP™\225 EDLC-R ENYCAP™.pdf;capacitors\225 EDLC-R ENYCAP™\225 EDLC-R ENYCAP™.zip
225 EDLC-R ENYCAP™;Enlarge;MAL222531001E3;40000000;2.7;Radial;Ø18x31;+85 °C;2000;"""Radial, Taped in Ammopack, Formed Leads""";Supercapacitor;image/capacitors28449.png;capacitors\225 EDLC-R ENYCAP™\225 EDLC-R ENYCAP™.pdf;capacitors\225 EDLC-R ENYCAP™\225 EDLC-R ENYCAP™.zip
225 EDLC-R ENYCAP™;Enlarge;MAL222551001E3;40000000;2.7;Radial;Ø18x31;+85 °C;2000;"""Radial, Long Straight Leads, Bulk""";Supercapacitor;image/capacitors28449.png;capacitors\225 EDLC-R ENYCAP™\225 EDLC-R ENYCAP™.pdf;capacitors\225 EDLC-R ENYCAP™\225 EDLC-R ENYCAP™.zip
225 EDLC-R ENYCAP™;Enlarge;MAL222591001E3;40000000;2.7;Radial;Ø18x31;+85 °C;2000;"""Radial, Long Straight Leads, On Plastic Tray""";Supercapacitor;image/capacitors28449.png;capacitors\225 EDLC-R ENYCAP™\225 EDLC-R ENYCAP™.pdf;capacitors\225 EDLC-R ENYCAP™\225 EDLC-R ENYCAP™.zip
225 EDLC-R ENYCAP™;Enlarge;MAL222551011E3;5000000;2.7;Radial;Ø10x20;+85 °C;1000;"""Radial, Long Straight Leads, Bulk""";Supercapacitor;image/capacitors28449.png;capacitors\225 EDLC-R ENYCAP™\225 EDLC-R ENYCAP™.pdf;capacitors\225 EDLC-R ENYCAP™\225 EDLC-R ENYCAP™.zip
230 EDLC-HV ENYCAP™;Enlarge;MAL223031004E3;25000000;3;Radial;Ø18x20;+85 °C;2000;"""Radial, Taped in Ammopack, Formed Leads""";Supercapacitor;image/capacitors28450.png;capacitors\230 EDLC-HV ENYCAP™\230 EDLC-HV ENYCAP™.pdf;capacitors\230 EDLC-HV ENYCAP™\230 EDLC-HV ENYCAP™.zip
230 EDLC-HV ENYCAP™;Enlarge;MAL223091004E3;25000000;3;Radial;Ø18x20;+85 °C;2000;"""Radial, Long Straight Leads, On Plastic Tray""";Supercapacitor;image/capacitors28450.png;capacitors\230 EDLC-HV ENYCAP™\230 EDLC-HV ENYCAP™.pdf;capacitors\230 EDLC-HV ENYCAP™\230 EDLC-HV ENYCAP™.zip
230 EDLC-HV ENYCAP™;Enlarge;MAL223051007E3;30000000;3;Radial;Ø18x25;+85 °C;2000;"""Radial, Long Straight Leads, Bulk""";Supercapacitor;image/capacitors28450.png;capacitors\230 EDLC-HV ENYCAP™\230 EDLC-HV ENYCAP™.pdf;capacitors\230 EDLC-HV ENYCAP™\230 EDLC-HV ENYCAP™.zip
230 EDLC-HV ENYCAP™;Enlarge;MAL223031007E3;30000000;3;Radial;Ø18x25;+85 °C;2000;"""Radial, Taped in Ammopack, Formed Leads""";Supercapacitor;image/capacitors28450.png;capacitors\230 EDLC-HV ENYCAP™\230 EDLC-HV ENYCAP™.pdf;capacitors\230 EDLC-HV ENYCAP™\230 EDLC-HV ENYCAP™.zip
230 EDLC-HV ENYCAP™;Enlarge;MAL223091007E3;30000000;3;Radial;Ø18x25;+85 °C;2000;"""Radial, Long Straight Leads, On Plastic Tray""";Supercapacitor;image/capacitors28450.png;capacitors\230 EDLC-HV ENYCAP™\230 EDLC-HV ENYCAP™.pdf;capacitors\230 EDLC-HV ENYCAP™\230 EDLC-HV ENYCAP™.zip
230 EDLC-HV ENYCAP™;Enlarge;MAL223091002E3;35000000;3;Radial;Ø16x31;+85 °C;2000;"""Radial, Long Straight Leads, On Plastic Tray""";Supercapacitor;image/capacitors28450.png;capacitors\230 EDLC-HV ENYCAP™\230 EDLC-HV ENYCAP™.pdf;capacitors\230 EDLC-HV ENYCAP™\230 EDLC-HV ENYCAP™.zip
230 EDLC-HV ENYCAP™;Enlarge;MAL223051002E3;35000000;3;Radial;Ø16x31;+85 °C;2000;"""Radial, Long Straight Leads, Bulk""";Supercapacitor;image/capacitors28450.png;capacitors\230 EDLC-HV ENYCAP™\230 EDLC-HV ENYCAP™.pdf;capacitors\230 EDLC-HV ENYCAP™\230 EDLC-HV ENYCAP™.zip
230 EDLC-HV ENYCAP™;Enlarge;MAL223031002E3;35000000;3;Radial;Ø16x31;+85 °C;2000;"""Radial, Taped in Ammopack, Formed Leads""";Supercapacitor;image/capacitors28450.png;capacitors\230 EDLC-HV ENYCAP™\230 EDLC-HV ENYCAP™.pdf;capacitors\230 EDLC-HV ENYCAP™\230 EDLC-HV ENYCAP™.zip
230 EDLC-HV ENYCAP™;Enlarge;MAL223031001E3;40000000;3;Radial;Ø18x31;+85 °C;2000;"""Radial, Taped in Ammopack, Formed Leads""";Supercapacitor;image/capacitors28450.png;capacitors\230 EDLC-HV ENYCAP™\230 EDLC-HV ENYCAP™.pdf;capacitors\230 EDLC-HV ENYCAP™\230 EDLC-HV ENYCAP™.zip
230 EDLC-HV ENYCAP™;Enlarge;MAL223051001E3;40000000;3;Radial;Ø18x31;+85 °C;2000;"""Radial, Long Straight Leads, Bulk""";Supercapacitor;image/capacitors28450.png;capacitors\230 EDLC-HV ENYCAP™\230 EDLC-HV ENYCAP™.pdf;capacitors\230 EDLC-HV ENYCAP™\230 EDLC-HV ENYCAP™.zip
230 EDLC-HV ENYCAP™;Enlarge;MAL223091001E3;40000000;3;Radial;Ø18x31;+85 °C;2000;"""Radial, Long Straight Leads, On Plastic Tray""";Supercapacitor;image/capacitors28450.png;capacitors\230 EDLC-HV ENYCAP™\230 EDLC-HV ENYCAP™.pdf;capacitors\230 EDLC-HV ENYCAP™\230 EDLC-HV ENYCAP™.zip
230 EDLC-HV ENYCAP™;Enlarge;MAL223031013E3;10000000;3;Radial;Ø10x30;+85 °C;1000;"""Radial, Taped in Ammopack, Formed Leads""";Supercapacitor;image/capacitors28450.png;capacitors\230 EDLC-HV ENYCAP™\230 EDLC-HV ENYCAP™.pdf;capacitors\230 EDLC-HV ENYCAP™\230 EDLC-HV ENYCAP™.zip
230 EDLC-HV ENYCAP™;Enlarge;MAL223051011E3;5000000;3;Radial;Ø10x20;+85 °C;1000;"""Radial, Long Straight Leads, Bulk""";Supercapacitor;image/capacitors28450.png;capacitors\230 EDLC-HV ENYCAP™\230 EDLC-HV ENYCAP™.pdf;capacitors\230 EDLC-HV ENYCAP™\230 EDLC-HV ENYCAP™.zip
230 EDLC-HV ENYCAP™;Enlarge;MAL223051013E3;10000000;3;Radial;Ø10x30;+85 °C;1000;"""Radial, Long Straight Leads, Bulk""";Supercapacitor;image/capacitors28450.png;capacitors\230 EDLC-HV ENYCAP™\230 EDLC-HV ENYCAP™.pdf;capacitors\230 EDLC-HV ENYCAP™\230 EDLC-HV ENYCAP™.zip
230 EDLC-HV ENYCAP™;Enlarge;MAL223031011E3;5000000;3;Radial;Ø10x20;+85 °C;1000;"""Radial, Taped in Ammopack, Formed Leads""";Supercapacitor;image/capacitors28450.png;capacitors\230 EDLC-HV ENYCAP™\230 EDLC-HV ENYCAP™.pdf;capacitors\230 EDLC-HV ENYCAP™\230 EDLC-HV ENYCAP™.zip
230 EDLC-HV ENYCAP™;Enlarge;MAL223051015E3;12000000;3;Radial;Ø12.5x25;+85 °C;1500;"""Radial, Long Straight Leads, Bulk""";Supercapacitor;image/capacitors28450.png;capacitors\230 EDLC-HV ENYCAP™\230 EDLC-HV ENYCAP™.pdf;capacitors\230 EDLC-HV ENYCAP™\230 EDLC-HV ENYCAP™.zip
230 EDLC-HV ENYCAP™;Enlarge;MAL223091008E3;50000000;3;Radial;Ø18x35;+85 °C;2000;"""Radial, Long Straight Leads, On Plastic Tray""";Supercapacitor;image/capacitors28450.png;capacitors\230 EDLC-HV ENYCAP™\230 EDLC-HV ENYCAP™.pdf;capacitors\230 EDLC-HV ENYCAP™\230 EDLC-HV ENYCAP™.zip
230 EDLC-HV ENYCAP™;Enlarge;MAL223031015E3;12000000;3;Radial;Ø12.5x25;+85 °C;1500;"""Radial, Taped in Ammopack, Formed Leads""";Supercapacitor;image/capacitors28450.png;capacitors\230 EDLC-HV ENYCAP™\230 EDLC-HV ENYCAP™.pdf;capacitors\230 EDLC-HV ENYCAP™\230 EDLC-HV ENYCAP™.zip
230 EDLC-HV ENYCAP™;Enlarge;MAL223031008E3;50000000;3;Radial;Ø18x35;+85 °C;2000;"""Radial, Taped in Ammopack, Formed Leads""";Supercapacitor;image/capacitors28450.png;capacitors\230 EDLC-HV ENYCAP™\230 EDLC-HV ENYCAP™.pdf;capacitors\230 EDLC-HV ENYCAP™\230 EDLC-HV ENYCAP™.zip
230 EDLC-HV ENYCAP™;Enlarge;MAL223051016E3;15000000;3;Radial;Ø12.5x30;+85 °C;1500;"""Radial, Long Straight Leads, Bulk""";Supercapacitor;image/capacitors28450.png;capacitors\230 EDLC-HV ENYCAP™\230 EDLC-HV ENYCAP™.pdf;capacitors\230 EDLC-HV ENYCAP™\230 EDLC-HV ENYCAP™.zip
230 EDLC-HV ENYCAP™;Enlarge;MAL223051008E3;50000000;3;Radial;Ø18x35;+85 °C;2000;"""Radial, Long Straight Leads, Bulk""";Supercapacitor;image/capacitors28450.png;capacitors\230 EDLC-HV ENYCAP™\230 EDLC-HV ENYCAP™.pdf;capacitors\230 EDLC-HV ENYCAP™\230 EDLC-HV ENYCAP™.zip
230 EDLC-HV ENYCAP™;Enlarge;MAL223051009E3;60000000;3;Radial;Ø18x40;+85 °C;2000;"""Radial, Long Straight Leads, Bulk""";Supercapacitor;image/capacitors28450.png;capacitors\230 EDLC-HV ENYCAP™\230 EDLC-HV ENYCAP™.pdf;capacitors\230 EDLC-HV ENYCAP™\230 EDLC-HV ENYCAP™.zip
230 EDLC-HV ENYCAP™;Enlarge;MAL223031016E3;15000000;3;Radial;Ø12.5x30;+85 °C;1500;"""Radial, Taped in Ammopack, Formed Leads""";Supercapacitor;image/capacitors28450.png;capacitors\230 EDLC-HV ENYCAP™\230 EDLC-HV ENYCAP™.pdf;capacitors\230 EDLC-HV ENYCAP™\230 EDLC-HV ENYCAP™.zip
230 EDLC-HV ENYCAP™;Enlarge;MAL223091009E3;60000000;3;Radial;Ø18x40;+85 °C;2000;"""Radial, Long Straight Leads, On Plastic Tray""";Supercapacitor;image/capacitors28450.png;capacitors\230 EDLC-HV ENYCAP™\230 EDLC-HV ENYCAP™.pdf;capacitors\230 EDLC-HV ENYCAP™\230 EDLC-HV ENYCAP™.zip
230 EDLC-HV ENYCAP™;Enlarge;MAL223031003E3;20000000;3;Radial;Ø16x20;+85 °C;2000;"""Radial, Taped in Ammopack, Formed Leads""";Supercapacitor;image/capacitors28450.png;capacitors\230 EDLC-HV ENYCAP™\230 EDLC-HV ENYCAP™.pdf;capacitors\230 EDLC-HV ENYCAP™\230 EDLC-HV ENYCAP™.zip
230 EDLC-HV ENYCAP™;Enlarge;MAL223031012E3;7000000;3;Radial;Ø10x25;+85 °C;1000;"""Radial, Taped in Ammopack, Formed Leads""";Supercapacitor;image/capacitors28450.png;capacitors\230 EDLC-HV ENYCAP™\230 EDLC-HV ENYCAP™.pdf;capacitors\230 EDLC-HV ENYCAP™\230 EDLC-HV ENYCAP™.zip
230 EDLC-HV ENYCAP™;Enlarge;MAL223091003E3;20000000;3;Radial;Ø16x20;+85 °C;2000;"""Radial, Long Straight Leads, On Plastic Tray""";Supercapacitor;image/capacitors28450.png;capacitors\230 EDLC-HV ENYCAP™\230 EDLC-HV ENYCAP™.pdf;capacitors\230 EDLC-HV ENYCAP™\230 EDLC-HV ENYCAP™.zip
230 EDLC-HV ENYCAP™;Enlarge;MAL223051012E3;7000000;3;Radial;Ø10x25;+85 °C;1000;"""Radial, Long Straight Leads, Bulk""";Supercapacitor;image/capacitors28450.png;capacitors\230 EDLC-HV ENYCAP™\230 EDLC-HV ENYCAP™.pdf;capacitors\230 EDLC-HV ENYCAP™\230 EDLC-HV ENYCAP™.zip
230 EDLC-HV ENYCAP™;Enlarge;MAL223051003E3;20000000;3;Radial;Ø16x20;+85 °C;2000;"""Radial, Long Straight Leads, Bulk""";Supercapacitor;image/capacitors28450.png;capacitors\230 EDLC-HV ENYCAP™\230 EDLC-HV ENYCAP™.pdf;capacitors\230 EDLC-HV ENYCAP™\230 EDLC-HV ENYCAP™.zip
230 EDLC-HV ENYCAP™;Enlarge;MAL223031014E3;8000000;3;Radial;Ø12.5x20;+85 °C;1500;"""Radial, Taped in Ammopack, Formed Leads""";Supercapacitor;image/capacitors28450.png;capacitors\230 EDLC-HV ENYCAP™\230 EDLC-HV ENYCAP™.pdf;capacitors\230 EDLC-HV ENYCAP™\230 EDLC-HV ENYCAP™.zip
230 EDLC-HV ENYCAP™;Enlarge;MAL223051017E3;22000000;3;Radial;Ø12.5x40;+85 °C;1500;"""Radial, Long Straight Leads, Bulk""";Supercapacitor;image/capacitors28450.png;capacitors\230 EDLC-HV ENYCAP™\230 EDLC-HV ENYCAP™.pdf;capacitors\230 EDLC-HV ENYCAP™\230 EDLC-HV ENYCAP™.zip
230 EDLC-HV ENYCAP™;Enlarge;MAL223031017E3;22000000;3;Radial;Ø12.5x40;+85 °C;1500;"""Radial, Taped in Ammopack, Formed Leads""";Supercapacitor;image/capacitors28450.png;capacitors\230 EDLC-HV ENYCAP™\230 EDLC-HV ENYCAP™.pdf;capacitors\230 EDLC-HV ENYCAP™\230 EDLC-HV ENYCAP™.zip
230 EDLC-HV ENYCAP™;Enlarge;MAL223051014E3;8000000;3;Radial;Ø12.5x20;+85 °C;1500;"""Radial, Long Straight Leads, Bulk""";Supercapacitor;image/capacitors28450.png;capacitors\230 EDLC-HV ENYCAP™\230 EDLC-HV ENYCAP™.pdf;capacitors\230 EDLC-HV ENYCAP™\230 EDLC-HV ENYCAP™.zip
230 EDLC-HV ENYCAP™;Enlarge;MAL223091006E3;25000000;3;Radial;Ø16x25;+85 °C;2000;"""Radial, Long Straight Leads, On Plastic Tray""";Supercapacitor;image/capacitors28450.png;capacitors\230 EDLC-HV ENYCAP™\230 EDLC-HV ENYCAP™.pdf;capacitors\230 EDLC-HV ENYCAP™\230 EDLC-HV ENYCAP™.zip
230 EDLC-HV ENYCAP™;Enlarge;MAL223031006E3;25000000;3;Radial;Ø16x25;+85 °C;2000;"""Radial, Taped in Ammopack, Formed Leads""";Supercapacitor;image/capacitors28450.png;capacitors\230 EDLC-HV ENYCAP™\230 EDLC-HV ENYCAP™.pdf;capacitors\230 EDLC-HV ENYCAP™\230 EDLC-HV ENYCAP™.zip
230 EDLC-HV ENYCAP™;Enlarge;MAL223051006E3;25000000;3;Radial;Ø16x25;+85 °C;2000;"""Radial, Long Straight Leads, Bulk""";Supercapacitor;image/capacitors28450.png;capacitors\230 EDLC-HV ENYCAP™\230 EDLC-HV ENYCAP™.pdf;capacitors\230 EDLC-HV ENYCAP™\230 EDLC-HV ENYCAP™.zip
230 EDLC-HV ENYCAP™;Enlarge;MAL223051004E3;25000000;3;Radial;Ø18x20;+85 °C;2000;"""Radial, Long Straight Leads, Bulk""";Supercapacitor;image/capacitors28450.png;capacitors\230 EDLC-HV ENYCAP™\230 EDLC-HV ENYCAP™.pdf;capacitors\230 EDLC-HV ENYCAP™\230 EDLC-HV ENYCAP™.zip
235 EDLC-HVR ENYCAP™;Enlarge;MAL223531004E3;25000000;3;Radial;Ø18x20;+85 °C;2000;"""Radial, Taped in Ammopack, Formed Leads""";Supercapacitor;image/capacitors28455.png;capacitors\235 EDLC-HVR ENYCAP™\235 EDLC-HVR ENYCAP™.pdf;capacitors\235 EDLC-HVR ENYCAP™\235 EDLC-HVR ENYCAP™.zip
235 EDLC-HVR ENYCAP™;Enlarge;MAL223551004E3;25000000;3;Radial;Ø18x20;+85 °C;2000;"""Radial, Long Straight Leads, Bulk""";Supercapacitor;image/capacitors28455.png;capacitors\235 EDLC-HVR ENYCAP™\235 EDLC-HVR ENYCAP™.pdf;capacitors\235 EDLC-HVR ENYCAP™\235 EDLC-HVR ENYCAP™.zip
235 EDLC-HVR ENYCAP™;Enlarge;MAL223551007E3;30000000;3;Radial;Ø18x25;+85 °C;2000;"""Radial, Long Straight Leads, Bulk""";Supercapacitor;image/capacitors28455.png;capacitors\235 EDLC-HVR ENYCAP™\235 EDLC-HVR ENYCAP™.pdf;capacitors\235 EDLC-HVR ENYCAP™\235 EDLC-HVR ENYCAP™.zip
235 EDLC-HVR ENYCAP™;Enlarge;MAL223531007E3;30000000;3;Radial;Ø18x25;+85 °C;2000;"""Radial, Taped in Ammopack, Formed Leads""";Supercapacitor;image/capacitors28455.png;capacitors\235 EDLC-HVR ENYCAP™\235 EDLC-HVR ENYCAP™.pdf;capacitors\235 EDLC-HVR ENYCAP™\235 EDLC-HVR ENYCAP™.zip
235 EDLC-HVR ENYCAP™;Enlarge;MAL223591007E3;30000000;3;Radial;Ø18x25;+85 °C;2000;"""Radial, Long Straight Leads, On Plastic Tray""";Supercapacitor;image/capacitors28455.png;capacitors\235 EDLC-HVR ENYCAP™\235 EDLC-HVR ENYCAP™.pdf;capacitors\235 EDLC-HVR ENYCAP™\235 EDLC-HVR ENYCAP™.zip
235 EDLC-HVR ENYCAP™;Enlarge;MAL223551002E3;35000000;3;Radial;Ø16x31;+85 °C;2000;"""Radial, Long Straight Leads, Bulk""";Supercapacitor;image/capacitors28455.png;capacitors\235 EDLC-HVR ENYCAP™\235 EDLC-HVR ENYCAP™.pdf;capacitors\235 EDLC-HVR ENYCAP™\235 EDLC-HVR ENYCAP™.zip
235 EDLC-HVR ENYCAP™;Enlarge;MAL223531002E3;35000000;3;Radial;Ø16x31;+85 °C;2000;"""Radial, Taped in Ammopack, Formed Leads""";Supercapacitor;image/capacitors28455.png;capacitors\235 EDLC-HVR ENYCAP™\235 EDLC-HVR ENYCAP™.pdf;capacitors\235 EDLC-HVR ENYCAP™\235 EDLC-HVR ENYCAP™.zip
235 EDLC-HVR ENYCAP™;Enlarge;MAL223591002E3;35000000;3;Radial;Ø16x31;+85 °C;2000;"""Radial, Long Straight Leads, On Plastic Tray""";Supercapacitor;image/capacitors28455.png;capacitors\235 EDLC-HVR ENYCAP™\235 EDLC-HVR ENYCAP™.pdf;capacitors\235 EDLC-HVR ENYCAP™\235 EDLC-HVR ENYCAP™.zip
235 EDLC-HVR ENYCAP™;Enlarge;MAL223591001E3;40000000;3;Radial;Ø18x31;+85 °C;2000;"""Radial, Long Straight Leads, On Plastic Tray""";Supercapacitor;image/capacitors28455.png;capacitors\235 EDLC-HVR ENYCAP™\235 EDLC-HVR ENYCAP™.pdf;capacitors\235 EDLC-HVR ENYCAP™\235 EDLC-HVR ENYCAP™.zip
235 EDLC-HVR ENYCAP™;Enlarge;MAL223551001E3;40000000;3;Radial;Ø18x31;+85 °C;2000;"""Radial, Long Straight Leads, Bulk""";Supercapacitor;image/capacitors28455.png;capacitors\235 EDLC-HVR ENYCAP™\235 EDLC-HVR ENYCAP™.pdf;capacitors\235 EDLC-HVR ENYCAP™\235 EDLC-HVR ENYCAP™.zip
235 EDLC-HVR ENYCAP™;Enlarge;MAL223531013E3;10000000;3;Radial;Ø10x30;+85 °C;1000;"""Radial, Taped in Ammopack, Formed Leads""";Supercapacitor;image/capacitors28455.png;capacitors\235 EDLC-HVR ENYCAP™\235 EDLC-HVR ENYCAP™.pdf;capacitors\235 EDLC-HVR ENYCAP™\235 EDLC-HVR ENYCAP™.zip
235 EDLC-HVR ENYCAP™;Enlarge;MAL223531001E3;40000000;3;Radial;Ø18x31;+85 °C;2000;"""Radial, Taped in Ammopack, Formed Leads""";Supercapacitor;image/capacitors28455.png;capacitors\235 EDLC-HVR ENYCAP™\235 EDLC-HVR ENYCAP™.pdf;capacitors\235 EDLC-HVR ENYCAP™\235 EDLC-HVR ENYCAP™.zip
235 EDLC-HVR ENYCAP™;Enlarge;MAL223551013E3;10000000;3;Radial;Ø10x30;+85 °C;1000;"""Radial, Long Straight Leads, Bulk""";Supercapacitor;image/capacitors28455.png;capacitors\235 EDLC-HVR ENYCAP™\235 EDLC-HVR ENYCAP™.pdf;capacitors\235 EDLC-HVR ENYCAP™\235 EDLC-HVR ENYCAP™.zip
235 EDLC-HVR ENYCAP™;Enlarge;MAL223551011E3;5000000;3;Radial;Ø10x20;+85 °C;1000;"""Radial, Long Straight Leads, Bulk""";Supercapacitor;image/capacitors28455.png;capacitors\235 EDLC-HVR ENYCAP™\235 EDLC-HVR ENYCAP™.pdf;capacitors\235 EDLC-HVR ENYCAP™\235 EDLC-HVR ENYCAP™.zip
235 EDLC-HVR ENYCAP™;Enlarge;MAL223551024E3;100000000;3;Radial;Ø20x40;+85 °C;2000;"""Radial, Long Straight Leads, Bulk""";Supercapacitor;image/capacitors28455.png;capacitors\235 EDLC-HVR ENYCAP™\235 EDLC-HVR ENYCAP™.pdf;capacitors\235 EDLC-HVR ENYCAP™\235 EDLC-HVR ENYCAP™.zip
235 EDLC-HVR ENYCAP™;Enlarge;MAL223531011E3;5000000;3;Radial;Ø10x20;+85 °C;1000;"""Radial, Taped in Ammopack, Formed Leads""";Supercapacitor;image/capacitors28455.png;capacitors\235 EDLC-HVR ENYCAP™\235 EDLC-HVR ENYCAP™.pdf;capacitors\235 EDLC-HVR ENYCAP™\235 EDLC-HVR ENYCAP™.zip
235 EDLC-HVR ENYCAP™;Enlarge;MAL223531015E3;12000000;3;Radial;Ø12.5x25;+85 °C;1500;"""Radial, Taped in Ammopack, Formed Leads""";Supercapacitor;image/capacitors28455.png;capacitors\235 EDLC-HVR ENYCAP™\235 EDLC-HVR ENYCAP™.pdf;capacitors\235 EDLC-HVR ENYCAP™\235 EDLC-HVR ENYCAP™.zip
235 EDLC-HVR ENYCAP™;Enlarge;MAL223551008E3;50000000;3;Radial;Ø18x35;+85 °C;2000;"""Radial, Long Straight Leads, Bulk""";Supercapacitor;image/capacitors28455.png;capacitors\235 EDLC-HVR ENYCAP™\235 EDLC-HVR ENYCAP™.pdf;capacitors\235 EDLC-HVR ENYCAP™\235 EDLC-HVR ENYCAP™.zip
235 EDLC-HVR ENYCAP™;Enlarge;MAL223591008E3;50000000;3;Radial;Ø18x35;+85 °C;2000;"""Radial, Long Straight Leads, On Plastic Tray""";Supercapacitor;image/capacitors28455.png;capacitors\235 EDLC-HVR ENYCAP™\235 EDLC-HVR ENYCAP™.pdf;capacitors\235 EDLC-HVR ENYCAP™\235 EDLC-HVR ENYCAP™.zip
235 EDLC-HVR ENYCAP™;Enlarge;MAL223531008E3;50000000;3;Radial;Ø18x35;+85 °C;2000;"""Radial, Taped in Ammopack, Formed Leads""";Supercapacitor;image/capacitors28455.png;capacitors\235 EDLC-HVR ENYCAP™\235 EDLC-HVR ENYCAP™.pdf;capacitors\235 EDLC-HVR ENYCAP™\235 EDLC-HVR ENYCAP™.zip
235 EDLC-HVR ENYCAP™;Enlarge;MAL223551009E3;60000000;3;Radial;Ø18x40;+85 °C;2000;"""Radial, Long Straight Leads, Bulk""";Supercapacitor;image/capacitors28455.png;capacitors\235 EDLC-HVR ENYCAP™\235 EDLC-HVR ENYCAP™.pdf;capacitors\235 EDLC-HVR ENYCAP™\235 EDLC-HVR ENYCAP™.zip
235 EDLC-HVR ENYCAP™;Enlarge;MAL223591009E3;60000000;3;Radial;Ø18x40;+85 °C;2000;"""Radial, Long Straight Leads, On Plastic Tray""";Supercapacitor;image/capacitors28455.png;capacitors\235 EDLC-HVR ENYCAP™\235 EDLC-HVR ENYCAP™.pdf;capacitors\235 EDLC-HVR ENYCAP™\235 EDLC-HVR ENYCAP™.zip
235 EDLC-HVR ENYCAP™;Enlarge;MAL223531012E3;7000000;3;Radial;Ø10x25;+85 °C;1000;"""Radial, Taped in Ammopack, Formed Leads""";Supercapacitor;image/capacitors28455.png;capacitors\235 EDLC-HVR ENYCAP™\235 EDLC-HVR ENYCAP™.pdf;capacitors\235 EDLC-HVR ENYCAP™\235 EDLC-HVR ENYCAP™.zip
235 EDLC-HVR ENYCAP™;Enlarge;MAL223551012E3;7000000;3;Radial;Ø10x25;+85 °C;1000;"""Radial, Long Straight Leads, Bulk""";Supercapacitor;image/capacitors28455.png;capacitors\235 EDLC-HVR ENYCAP™\235 EDLC-HVR ENYCAP™.pdf;capacitors\235 EDLC-HVR ENYCAP™\235 EDLC-HVR ENYCAP™.zip
235 EDLC-HVR ENYCAP™;Enlarge;MAL223551015E3;12000000;3;Radial;Ø12.5x25;+85 °C;1500;"""Radial, Long Straight Leads, Bulk""";Supercapacitor;image/capacitors28455.png;capacitors\235 EDLC-HVR ENYCAP™\235 EDLC-HVR ENYCAP™.pdf;capacitors\235 EDLC-HVR ENYCAP™\235 EDLC-HVR ENYCAP™.zip
235 EDLC-HVR ENYCAP™;Enlarge;MAL223551014E3;8000000;3;Radial;Ø12.5x20;+85 °C;1500;"""Radial, Long Straight Leads, Bulk""";Supercapacitor;image/capacitors28455.png;capacitors\235 EDLC-HVR ENYCAP™\235 EDLC-HVR ENYCAP™.pdf;capacitors\235 EDLC-HVR ENYCAP™\235 EDLC-HVR ENYCAP™.zip
235 EDLC-HVR ENYCAP™;Enlarge;MAL223551016E3;15000000;3;Radial;Ø12.5x30;+85 °C;1500;"""Radial, Long Straight Leads, Bulk""";Supercapacitor;image/capacitors28455.png;capacitors\235 EDLC-HVR ENYCAP™\235 EDLC-HVR ENYCAP™.pdf;capacitors\235 EDLC-HVR ENYCAP™\235 EDLC-HVR ENYCAP™.zip
235 EDLC-HVR ENYCAP™;Enlarge;MAL223531014E3;8000000;3;Radial;Ø12.5x20;+85 °C;1500;"""Radial, Taped in Ammopack, Formed Leads""";Supercapacitor;image/capacitors28455.png;capacitors\235 EDLC-HVR ENYCAP™\235 EDLC-HVR ENYCAP™.pdf;capacitors\235 EDLC-HVR ENYCAP™\235 EDLC-HVR ENYCAP™.zip
235 EDLC-HVR ENYCAP™;Enlarge;MAL223531016E3;15000000;3;Radial;Ø12.5x30;+85 °C;1500;"""Radial, Taped in Ammopack, Formed Leads""";Supercapacitor;image/capacitors28455.png;capacitors\235 EDLC-HVR ENYCAP™\235 EDLC-HVR ENYCAP™.pdf;capacitors\235 EDLC-HVR ENYCAP™\235 EDLC-HVR ENYCAP™.zip
235 EDLC-HVR ENYCAP™;Enlarge;MAL223531003E3;20000000;3;Radial;Ø16x20;+85 °C;2000;"""Radial, Taped in Ammopack, Formed Leads""";Supercapacitor;image/capacitors28455.png;capacitors\235 EDLC-HVR ENYCAP™\235 EDLC-HVR ENYCAP™.pdf;capacitors\235 EDLC-HVR ENYCAP™\235 EDLC-HVR ENYCAP™.zip
235 EDLC-HVR ENYCAP™;Enlarge;MAL223591003E3;20000000;3;Radial;Ø16x20;+85 °C;2000;"""Radial, Long Straight Leads, On Plastic Tray""";Supercapacitor;image/capacitors28455.png;capacitors\235 EDLC-HVR ENYCAP™\235 EDLC-HVR ENYCAP™.pdf;capacitors\235 EDLC-HVR ENYCAP™\235 EDLC-HVR ENYCAP™.zip
235 EDLC-HVR ENYCAP™;Enlarge;MAL223551003E3;20000000;3;Radial;Ø16x20;+85 °C;2000;"""Radial, Long Straight Leads, Bulk""";Supercapacitor;image/capacitors28455.png;capacitors\235 EDLC-HVR ENYCAP™\235 EDLC-HVR ENYCAP™.pdf;capacitors\235 EDLC-HVR ENYCAP™\235 EDLC-HVR ENYCAP™.zip
235 EDLC-HVR ENYCAP™;Enlarge;MAL223551017E3;22000000;3;Radial;Ø12.5x40;+85 °C;1500;"""Radial, Long Straight Leads, Bulk""";Supercapacitor;image/capacitors28455.png;capacitors\235 EDLC-HVR ENYCAP™\235 EDLC-HVR ENYCAP™.pdf;capacitors\235 EDLC-HVR ENYCAP™\235 EDLC-HVR ENYCAP™.zip
235 EDLC-HVR ENYCAP™;Enlarge;MAL223531017E3;22000000;3;Radial;Ø12.5x40;+85 °C;1500;"""Radial, Taped in Ammopack, Formed Leads""";Supercapacitor;image/capacitors28455.png;capacitors\235 EDLC-HVR ENYCAP™\235 EDLC-HVR ENYCAP™.pdf;capacitors\235 EDLC-HVR ENYCAP™\235 EDLC-HVR ENYCAP™.zip
235 EDLC-HVR ENYCAP™;Enlarge;MAL223551006E3;25000000;3;Radial;Ø16x25;+85 °C;2000;"""Radial, Long Straight Leads, Bulk""";Supercapacitor;image/capacitors28455.png;capacitors\235 EDLC-HVR ENYCAP™\235 EDLC-HVR ENYCAP™.pdf;capacitors\235 EDLC-HVR ENYCAP™\235 EDLC-HVR ENYCAP™.zip
235 EDLC-HVR ENYCAP™;Enlarge;MAL223531006E3;25000000;3;Radial;Ø16x25;+85 °C;2000;"""Radial, Taped in Ammopack, Formed Leads""";Supercapacitor;image/capacitors28455.png;capacitors\235 EDLC-HVR ENYCAP™\235 EDLC-HVR ENYCAP™.pdf;capacitors\235 EDLC-HVR ENYCAP™\235 EDLC-HVR ENYCAP™.zip
235 EDLC-HVR ENYCAP™;Enlarge;MAL223591006E3;25000000;3;Radial;Ø16x25;+85 °C;2000;"""Radial, Long Straight Leads, On Plastic Tray""";Supercapacitor;image/capacitors28455.png;capacitors\235 EDLC-HVR ENYCAP™\235 EDLC-HVR ENYCAP™.pdf;capacitors\235 EDLC-HVR ENYCAP™\235 EDLC-HVR ENYCAP™.zip
235 EDLC-HVR ENYCAP™;Enlarge;MAL223591004E3;25000000;3;Radial;Ø18x20;+85 °C;2000;"""Radial, Long Straight Leads, On Plastic Tray""";Supercapacitor;image/capacitors28455.png;capacitors\235 EDLC-HVR ENYCAP™\235 EDLC-HVR ENYCAP™.pdf;capacitors\235 EDLC-HVR ENYCAP™\235 EDLC-HVR ENYCAP™.zip
