Series;Product Image;Technology;Mounting;Construction;Capacitance;Voltage(V);ESR(mΩ);Case Size(mm);Image path;Datasheet part;3d model part
DLA 04051;Enlarge;Polymer;SMD, molded;SMD, molded;680 µF;2.5;25;;image/capacitors40281.png;capacitors\DLA 04051\DLA 04051.pdf;None
DLA 04051;Enlarge;Polymer;SMD, molded;SMD, molded;33 µF;20;75;;image/capacitors40281.png;capacitors\DLA 04051\DLA 04051.pdf;None
DLA 04051;Enlarge;Polymer;SMD, molded;SMD, molded;220 µF;6.3;25;;image/capacitors40281.png;capacitors\DLA 04051\DLA 04051.pdf;None
DLA 04051;Enlarge;Polymer;SMD, molded;SMD, molded;47 µF;16;35;;image/capacitors40281.png;capacitors\DLA 04051\DLA 04051.pdf;None
DLA 04051;Enlarge;Polymer;SMD, molded;SMD, molded;470 µF;4;40;;image/capacitors40281.png;capacitors\DLA 04051\DLA 04051.pdf;None
DLA 04051;Enlarge;Polymer;SMD, molded;SMD, molded;4.7 µF;63;120;;image/capacitors40281.png;capacitors\DLA 04051\DLA 04051.pdf;None
DLA 04051;Enlarge;Polymer;SMD, molded;SMD, molded;100 µF;10;25;;image/capacitors40281.png;capacitors\DLA 04051\DLA 04051.pdf;None
DLA 04051;Enlarge;Polymer;SMD, molded;SMD, molded;68 µF;4;80;;image/capacitors40281.png;capacitors\DLA 04051\DLA 04051.pdf;None
DLA 04051;Enlarge;Polymer;SMD, molded;SMD, molded;15 µF;35;75;;image/capacitors40281.png;capacitors\DLA 04051\DLA 04051.pdf;None
DLA 04051;Enlarge;Polymer;SMD, molded;SMD, molded;100 µF;3;80;;image/capacitors40281.png;capacitors\DLA 04051\DLA 04051.pdf;None
DLA 04051;Enlarge;Polymer;SMD, molded;SMD, molded;47 µF;20;75;;image/capacitors40281.png;capacitors\DLA 04051\DLA 04051.pdf;None
DLA 04051;Enlarge;Polymer;SMD, molded;SMD, molded;330 µF;6.3;25;;image/capacitors40281.png;capacitors\DLA 04051\DLA 04051.pdf;None
DLA 04051;Enlarge;Polymer;SMD, molded;SMD, molded;47 µF;16;65;;image/capacitors40281.png;capacitors\DLA 04051\DLA 04051.pdf;None
DLA 04051;Enlarge;Polymer;SMD, molded;SMD, molded;33 µF;6.3;80;;image/capacitors40281.png;capacitors\DLA 04051\DLA 04051.pdf;None
DLA 04051;Enlarge;Polymer;SMD, molded;SMD, molded;100 µF;10;55;;image/capacitors40281.png;capacitors\DLA 04051\DLA 04051.pdf;None
DLA 04051;Enlarge;Polymer;SMD, molded;SMD, molded;100 µF;4;80;;image/capacitors40281.png;capacitors\DLA 04051\DLA 04051.pdf;None
DLA 04051;Enlarge;Polymer;SMD, molded;SMD, molded;15 µF;35;100;;image/capacitors40281.png;capacitors\DLA 04051\DLA 04051.pdf;None
DLA 04051;Enlarge;Polymer;SMD, molded;SMD, molded;330 µF;6.3;40;;image/capacitors40281.png;capacitors\DLA 04051\DLA 04051.pdf;None
DLA 04051;Enlarge;Polymer;SMD, molded;SMD, molded;150 µF;3;80;;image/capacitors40281.png;capacitors\DLA 04051\DLA 04051.pdf;None
DLA 04051;Enlarge;Polymer;SMD, molded;SMD, molded;15 µF;25;75;;image/capacitors40281.png;capacitors\DLA 04051\DLA 04051.pdf;None
DLA 04051;Enlarge;Polymer;SMD, molded;SMD, molded;68 µF;16;75;;image/capacitors40281.png;capacitors\DLA 04051\DLA 04051.pdf;None
DLA 04051;Enlarge;Polymer;SMD, molded;SMD, molded;47 µF;6.3;80;;image/capacitors40281.png;capacitors\DLA 04051\DLA 04051.pdf;None
DLA 04051;Enlarge;Polymer;SMD, molded;SMD, molded;150 µF;10;25;;image/capacitors40281.png;capacitors\DLA 04051\DLA 04051.pdf;None
DLA 04051;Enlarge;Polymer;SMD, molded;SMD, molded;220 µF;4;25;;image/capacitors40281.png;capacitors\DLA 04051\DLA 04051.pdf;None
DLA 04051;Enlarge;Polymer;SMD, molded;SMD, molded;10 µF;50;100;;image/capacitors40281.png;capacitors\DLA 04051\DLA 04051.pdf;None
DLA 04051;Enlarge;Polymer;SMD, molded;SMD, molded;330 µF;3;25;;image/capacitors40281.png;capacitors\DLA 04051\DLA 04051.pdf;None
DLA 04051;Enlarge;Polymer;SMD, molded;SMD, molded;15 µF;25;100;;image/capacitors40281.png;capacitors\DLA 04051\DLA 04051.pdf;None
DLA 04051;Enlarge;Polymer;SMD, molded;SMD, molded;330 µF;2.5;25;;image/capacitors40281.png;capacitors\DLA 04051\DLA 04051.pdf;None
DLA 04051;Enlarge;Polymer;SMD, molded;SMD, molded;100 µF;16;50;;image/capacitors40281.png;capacitors\DLA 04051\DLA 04051.pdf;None
DLA 04051;Enlarge;Polymer;SMD, molded;SMD, molded;68 µF;6.3;80;;image/capacitors40281.png;capacitors\DLA 04051\DLA 04051.pdf;None
DLA 04051;Enlarge;Polymer;SMD, molded;SMD, molded;150 µF;10;55;;image/capacitors40281.png;capacitors\DLA 04051\DLA 04051.pdf;None
DLA 04051;Enlarge;Polymer;SMD, molded;SMD, molded;330 µF;4;25;;image/capacitors40281.png;capacitors\DLA 04051\DLA 04051.pdf;None
DLA 04051;Enlarge;Polymer;SMD, molded;SMD, molded;10 µF;50;125;;image/capacitors40281.png;capacitors\DLA 04051\DLA 04051.pdf;None
DLA 04051;Enlarge;Polymer;SMD, molded;SMD, molded;22 µF;10;80;;image/capacitors40281.png;capacitors\DLA 04051\DLA 04051.pdf;None
DLA 04051;Enlarge;Polymer;SMD, molded;SMD, molded;470 µF;3;25;;image/capacitors40281.png;capacitors\DLA 04051\DLA 04051.pdf;None
DLA 04051;Enlarge;Polymer;SMD, molded;SMD, molded;22 µF;25;75;;image/capacitors40281.png;capacitors\DLA 04051\DLA 04051.pdf;None
DLA 04051;Enlarge;Polymer;SMD, molded;SMD, molded;470 µF;2.5;25;;image/capacitors40281.png;capacitors\DLA 04051\DLA 04051.pdf;None
DLA 04051;Enlarge;Polymer;SMD, molded;SMD, molded;22 µF;20;75;;image/capacitors40281.png;capacitors\DLA 04051\DLA 04051.pdf;None
DLA 04051;Enlarge;Polymer;SMD, molded;SMD, molded;150 µF;6.3;25;;image/capacitors40281.png;capacitors\DLA 04051\DLA 04051.pdf;None
DLA 04051;Enlarge;Polymer;SMD, molded;SMD, molded;220 µF;10;25;;image/capacitors40281.png;capacitors\DLA 04051\DLA 04051.pdf;None
DLA 04051;Enlarge;Polymer;SMD, molded;SMD, molded;470 µF;4;25;;image/capacitors40281.png;capacitors\DLA 04051\DLA 04051.pdf;None
DLA 04051;Enlarge;Polymer;SMD, molded;SMD, molded;4.7 µF;63;100;;image/capacitors40281.png;capacitors\DLA 04051\DLA 04051.pdf;None
DLA 04051;Enlarge;Polymer;SMD, molded;SMD, molded;33 µF;10;80;;image/capacitors40281.png;capacitors\DLA 04051\DLA 04051.pdf;None
DLA 04051;Enlarge;Polymer;SMD, molded;SMD, molded;680 µF;3;25;;image/capacitors40281.png;capacitors\DLA 04051\DLA 04051.pdf;None
DLA 04051;Enlarge;Polymer;SMD, molded;SMD, molded;33 µF;25;75;;image/capacitors40281.png;capacitors\DLA 04051\DLA 04051.pdf;None
DLA 20021;Enlarge;Polymer;SMD, molded;SMD, molded;30 µF;63;50;;image/capacitors40271.png;capacitors\DLA 20021\DLA 20021.pdf;None
DLA 20021;Enlarge;Polymer;SMD, molded;SMD, molded;150 µF;30;75;;image/capacitors40271.png;capacitors\DLA 20021\DLA 20021.pdf;None
DLA 20021;Enlarge;Polymer;SMD, molded;SMD, molded;95 µF;35;35;;image/capacitors40271.png;capacitors\DLA 20021\DLA 20021.pdf;None
DLA 20021;Enlarge;Polymer;SMD, molded;SMD, molded;1.3 mF;16;5;;image/capacitors40271.png;capacitors\DLA 20021\DLA 20021.pdf;None
DLA 20021;Enlarge;Polymer;SMD, molded;SMD, molded;450 µF;30;25;;image/capacitors40271.png;capacitors\DLA 20021\DLA 20021.pdf;None
DLA 20021;Enlarge;Polymer;SMD, molded;SMD, molded;130 µF;75;17;;image/capacitors40271.png;capacitors\DLA 20021\DLA 20021.pdf;None
DLA 20021;Enlarge;Polymer;SMD, molded;SMD, molded;900 µF;16;7;;image/capacitors40271.png;capacitors\DLA 20021\DLA 20021.pdf;None
DLA 20021;Enlarge;Polymer;SMD, molded;SMD, molded;90 µF;50;25;;image/capacitors40271.png;capacitors\DLA 20021\DLA 20021.pdf;None
DLA 20021;Enlarge;Polymer;SMD, molded;SMD, molded;2 mF;16;5;;image/capacitors40271.png;capacitors\DLA 20021\DLA 20021.pdf;None
DLA 20021;Enlarge;Polymer;SMD, molded;SMD, molded;90 µF;63;17;;image/capacitors40271.png;capacitors\DLA 20021\DLA 20021.pdf;None
DLA 20021;Enlarge;Polymer;SMD, molded;SMD, molded;22 µF;63;100;;image/capacitors40271.png;capacitors\DLA 20021\DLA 20021.pdf;None
DLA 20021;Enlarge;Polymer;SMD, molded;SMD, molded;280 µF;35;12;;image/capacitors40271.png;capacitors\DLA 20021\DLA 20021.pdf;None
DLA 20021;Enlarge;Polymer;SMD, molded;SMD, molded;45 µF;63;50;;image/capacitors40271.png;capacitors\DLA 20021\DLA 20021.pdf;None
DLA 20021;Enlarge;Polymer;SMD, molded;SMD, molded;47 µF;35;70;;image/capacitors40271.png;capacitors\DLA 20021\DLA 20021.pdf;None
DLA 20021;Enlarge;Polymer;SMD, molded;SMD, molded;95 µF;35;28;;image/capacitors40271.png;capacitors\DLA 20021\DLA 20021.pdf;None
DLA 20021;Enlarge;Polymer;SMD, molded;SMD, molded;1.4 mF;16;9;;image/capacitors40271.png;capacitors\DLA 20021\DLA 20021.pdf;None
DLA 20021;Enlarge;Polymer;SMD, molded;SMD, molded;220 µF;16;25;;image/capacitors40271.png;capacitors\DLA 20021\DLA 20021.pdf;None
DLA 20021;Enlarge;Polymer;SMD, molded;SMD, molded;600 µF;30;38;;image/capacitors40271.png;capacitors\DLA 20021\DLA 20021.pdf;None
DLA 20021;Enlarge;Polymer;SMD, molded;SMD, molded;940 µF;16;13;;image/capacitors40271.png;capacitors\DLA 20021\DLA 20021.pdf;None
DLA 20021;Enlarge;Polymer;SMD, molded;SMD, molded;130 µF;50;17;;image/capacitors40271.png;capacitors\DLA 20021\DLA 20021.pdf;None
DLA 20021;Enlarge;Polymer;SMD, molded;SMD, molded;2.8 mF;16;5;;image/capacitors40271.png;capacitors\DLA 20021\DLA 20021.pdf;None
DLA 20021;Enlarge;Polymer;SMD, molded;SMD, molded;130 µF;63;17;;image/capacitors40271.png;capacitors\DLA 20021\DLA 20021.pdf;None
DLA 20021;Enlarge;Polymer;SMD, molded;SMD, molded;22 µF;75;100;;image/capacitors40271.png;capacitors\DLA 20021\DLA 20021.pdf;None
DLA 20021;Enlarge;Polymer;SMD, molded;SMD, molded;280 µF;35;10;;image/capacitors40271.png;capacitors\DLA 20021\DLA 20021.pdf;None
DLA 20021;Enlarge;Polymer;SMD, molded;SMD, molded;45 µF;63;35;;image/capacitors40271.png;capacitors\DLA 20021\DLA 20021.pdf;None
DLA 20021;Enlarge;Polymer;SMD, molded;SMD, molded;22 µF;50;100;;image/capacitors40271.png;capacitors\DLA 20021\DLA 20021.pdf;None
DLA 20021;Enlarge;Polymer;SMD, molded;SMD, molded;140 µF;35;25;;image/capacitors40271.png;capacitors\DLA 20021\DLA 20021.pdf;None
DLA 20021;Enlarge;Polymer;SMD, molded;SMD, molded;1.4 mF;16;7;;image/capacitors40271.png;capacitors\DLA 20021\DLA 20021.pdf;None
DLA 20021;Enlarge;Polymer;SMD, molded;SMD, molded;330 µF;16;25;;image/capacitors40271.png;capacitors\DLA 20021\DLA 20021.pdf;None
DLA 20021;Enlarge;Polymer;SMD, molded;SMD, molded;600 µF;30;20;;image/capacitors40271.png;capacitors\DLA 20021\DLA 20021.pdf;None
DLA 20021;Enlarge;Polymer;SMD, molded;SMD, molded;940 µF;16;10;;image/capacitors40271.png;capacitors\DLA 20021\DLA 20021.pdf;None
DLA 20021;Enlarge;Polymer;SMD, molded;SMD, molded;140 µF;50;35;;image/capacitors40271.png;capacitors\DLA 20021\DLA 20021.pdf;None
DLA 20021;Enlarge;Polymer;SMD, molded;SMD, molded;300 µF;30;75;;image/capacitors40271.png;capacitors\DLA 20021\DLA 20021.pdf;None
DLA 20021;Enlarge;Polymer;SMD, molded;SMD, molded;45 µF;75;50;;image/capacitors40271.png;capacitors\DLA 20021\DLA 20021.pdf;None
DLA 20021;Enlarge;Polymer;SMD, molded;SMD, molded;450 µF;16;13;;image/capacitors40271.png;capacitors\DLA 20021\DLA 20021.pdf;None
DLA 20021;Enlarge;Polymer;SMD, molded;SMD, molded;45 µF;50;50;;image/capacitors40271.png;capacitors\DLA 20021\DLA 20021.pdf;None
DLA 20021;Enlarge;Polymer;SMD, molded;SMD, molded;60 µF;63;25;;image/capacitors40271.png;capacitors\DLA 20021\DLA 20021.pdf;None
DLA 20021;Enlarge;Polymer;SMD, molded;SMD, molded;47 µF;50;100;;image/capacitors40271.png;capacitors\DLA 20021\DLA 20021.pdf;None
DLA 20021;Enlarge;Polymer;SMD, molded;SMD, molded;140 µF;35;18;;image/capacitors40271.png;capacitors\DLA 20021\DLA 20021.pdf;None
DLA 20021;Enlarge;Polymer;SMD, molded;SMD, molded;1.9 mF;16;7;;image/capacitors40271.png;capacitors\DLA 20021\DLA 20021.pdf;None
DLA 20021;Enlarge;Polymer;SMD, molded;SMD, molded;470 µF;16;25;;image/capacitors40271.png;capacitors\DLA 20021\DLA 20021.pdf;None
DLA 20021;Enlarge;Polymer;SMD, molded;SMD, molded;900 µF;30;25;;image/capacitors40271.png;capacitors\DLA 20021\DLA 20021.pdf;None
DLA 20021;Enlarge;Polymer;SMD, molded;SMD, molded;990 µF;16;9;;image/capacitors40271.png;capacitors\DLA 20021\DLA 20021.pdf;None
DLA 20021;Enlarge;Polymer;SMD, molded;SMD, molded;190 µF;50;25;;image/capacitors40271.png;capacitors\DLA 20021\DLA 20021.pdf;None
DLA 20021;Enlarge;Polymer;SMD, molded;SMD, molded;300 µF;30;38;;image/capacitors40271.png;capacitors\DLA 20021\DLA 20021.pdf;None
DLA 20021;Enlarge;Polymer;SMD, molded;SMD, molded;66 µF;75;35;;image/capacitors40271.png;capacitors\DLA 20021\DLA 20021.pdf;None
DLA 20021;Enlarge;Polymer;SMD, molded;SMD, molded;660 µF;16;13;;image/capacitors40271.png;capacitors\DLA 20021\DLA 20021.pdf;None
DLA 20021;Enlarge;Polymer;SMD, molded;SMD, molded;66 µF;50;35;;image/capacitors40271.png;capacitors\DLA 20021\DLA 20021.pdf;None
DLA 20021;Enlarge;Polymer;SMD, molded;SMD, molded;66 µF;63;35;;image/capacitors40271.png;capacitors\DLA 20021\DLA 20021.pdf;None
DLA 20021;Enlarge;Polymer;SMD, molded;SMD, molded;47 µF;50;70;;image/capacitors40271.png;capacitors\DLA 20021\DLA 20021.pdf;None
DLA 20021;Enlarge;Polymer;SMD, molded;SMD, molded;190 µF;35;18;;image/capacitors40271.png;capacitors\DLA 20021\DLA 20021.pdf;None
DLA 20021;Enlarge;Polymer;SMD, molded;SMD, molded;1.9 mF;16;5;;image/capacitors40271.png;capacitors\DLA 20021\DLA 20021.pdf;None
DLA 20021;Enlarge;Polymer;SMD, molded;SMD, molded;280 µF;50;17;;image/capacitors40271.png;capacitors\DLA 20021\DLA 20021.pdf;None
DLA 20021;Enlarge;Polymer;SMD, molded;SMD, molded;150 µF;30;150;;image/capacitors40271.png;capacitors\DLA 20021\DLA 20021.pdf;None
DLA 20021;Enlarge;Polymer;SMD, molded;SMD, molded;900 µF;30;13;;image/capacitors40271.png;capacitors\DLA 20021\DLA 20021.pdf;None
DLA 20021;Enlarge;Polymer;SMD, molded;SMD, molded;1.3 mF;16;7;;image/capacitors40271.png;capacitors\DLA 20021\DLA 20021.pdf;None
DLA 20021;Enlarge;Polymer;SMD, molded;SMD, molded;450 µF;30;50;;image/capacitors40271.png;capacitors\DLA 20021\DLA 20021.pdf;None
DLA 20021;Enlarge;Polymer;SMD, molded;SMD, molded;90 µF;75;25;;image/capacitors40271.png;capacitors\DLA 20021\DLA 20021.pdf;None
DLA 20021;Enlarge;Polymer;SMD, molded;SMD, molded;660 µF;16;9;;image/capacitors40271.png;capacitors\DLA 20021\DLA 20021.pdf;None
DLA 20021;Enlarge;Polymer;SMD, molded;SMD, molded;95 µF;50;50;;image/capacitors40271.png;capacitors\DLA 20021\DLA 20021.pdf;None
DLA 20021;Enlarge;Polymer;SMD, molded;SMD, molded;90 µF;63;25;;image/capacitors40271.png;capacitors\DLA 20021\DLA 20021.pdf;None
DLA 20021;Enlarge;Polymer;SMD, molded;SMD, molded;15 µF;63;100;;image/capacitors40271.png;capacitors\DLA 20021\DLA 20021.pdf;None
DLA 20021;Enlarge;Polymer;SMD, molded;SMD, molded;190 µF;35;14;;image/capacitors40271.png;capacitors\DLA 20021\DLA 20021.pdf;None
T27;Enlarge;Polymer;;;33 µF;63;100;7.0 x 7.0 x 7.2 (D);image/capacitors40277.png;capacitors\T27\T27.pdf;None
T27;Enlarge;Polymer;;;22 µF;50;100;7.0 x 7.0 x 7.2 (D);image/capacitors40277.png;capacitors\T27\T27.pdf;None
T27;Enlarge;Polymer;;;330 µF;16;25;7.0 x 7.0 x 7.2 (D);image/capacitors40277.png;capacitors\T27\T27.pdf;None
T27;Enlarge;Polymer;;;15 µF;75;100;7.0 x 7.0 x 7.2 (D);image/capacitors40277.png;capacitors\T27\T27.pdf;None
T27;Enlarge;Polymer;;;33 µF;50;100;7.0 x 7.0 x 7.2 (D);image/capacitors40277.png;capacitors\T27\T27.pdf;None
T27;Enlarge;Polymer;;;470 µF;16;25;7.0 x 7.0 x 7.2 (D);image/capacitors40277.png;capacitors\T27\T27.pdf;None
T27;Enlarge;Polymer;;;22 µF;75;100;7.0 x 7.0 x 7.2 (D);image/capacitors40277.png;capacitors\T27\T27.pdf;None
T27;Enlarge;Polymer;;;47 µF;50;100;7.0 x 7.0 x 7.2 (D);image/capacitors40277.png;capacitors\T27\T27.pdf;None
T27;Enlarge;Polymer;;;220 µF;25;55;7.0 x 7.0 x 7.2 (D);image/capacitors40277.png;capacitors\T27\T27.pdf;None
T27;Enlarge;Polymer;;;15 µF;63;100;7.0 x 7.0 x 7.2 (D);image/capacitors40277.png;capacitors\T27\T27.pdf;None
T27;Enlarge;Polymer;;;47 µF;35;70;7.0 x 7.0 x 7.2 (D);image/capacitors40277.png;capacitors\T27\T27.pdf;None
T27;Enlarge;Polymer;;;22 µF;63;100;7.0 x 7.0 x 7.2 (D);image/capacitors40277.png;capacitors\T27\T27.pdf;None
T27;Enlarge;Polymer;;;150 µF;35;100;7.0 x 7.0 x 7.2 (D);image/capacitors40277.png;capacitors\T27\T27.pdf;None
T50;Enlarge;Polymer;SMD, molded;SMD, molded;10 µF;35;120;7.3 x 4.3 x 3.1 (D);image/capacitors40254.png;capacitors\T50\T50.pdf;None
T50;Enlarge;Polymer;SMD, molded;SMD, molded;33 µF;16;70;7.3 x 4.3 x 3.1 (D);image/capacitors40254.png;capacitors\T50\T50.pdf;None
T50;Enlarge;Polymer;SMD, molded;SMD, molded;150 µF;6.3;25;7.3 x 4.3 x 3.1 (D);image/capacitors40254.png;capacitors\T50\T50.pdf;None
T50;Enlarge;Polymer;SMD, molded;SMD, molded;47 µF;16;70;7.3 x 4.3 x 3.1 (D);image/capacitors40254.png;capacitors\T50\T50.pdf;None
T50;Enlarge;Polymer;SMD, molded;SMD, molded;220 µF;6.3;25;7.3 x 4.3 x 3.1 (D);image/capacitors40254.png;capacitors\T50\T50.pdf;None
T50;Enlarge;Polymer;SMD, molded;SMD, molded;220 µF;2.5;25;7.3 x 4.3 x 3.1 (D);image/capacitors40254.png;capacitors\T50\T50.pdf;None
T50;Enlarge;Polymer;SMD, molded;SMD, molded;100 µF;16;50;7.3 x 4.3 x 3.1 (D);image/capacitors40254.png;capacitors\T50\T50.pdf;None
T50;Enlarge;Polymer;SMD, molded;SMD, molded;330 µF;6.3;25;7.3 x 4.3 x 3.1 (D);image/capacitors40254.png;capacitors\T50\T50.pdf;None
T50;Enlarge;Polymer;SMD, molded;SMD, molded;330 µF;2.5;25;7.3 x 4.3 x 3.1 (D);image/capacitors40254.png;capacitors\T50\T50.pdf;None
T50;Enlarge;Polymer;SMD, molded;SMD, molded;33 µF;25;60;7.3 x 4.3 x 3.1 (D);image/capacitors40254.png;capacitors\T50\T50.pdf;None
T50;Enlarge;Polymer;SMD, molded;SMD, molded;100 µF;10;40;7.3 x 4.3 x 3.1 (D);image/capacitors40254.png;capacitors\T50\T50.pdf;None
T50;Enlarge;Polymer;SMD, molded;SMD, molded;220 µF;4;25;7.3 x 4.3 x 3.1 (D);image/capacitors40254.png;capacitors\T50\T50.pdf;None
T50;Enlarge;Polymer;SMD, molded;SMD, molded;33 µF;25;100;7.3 x 4.3 x 3.1 (D);image/capacitors40254.png;capacitors\T50\T50.pdf;None
T50;Enlarge;Polymer;SMD, molded;SMD, molded;220 µF;10;40;7.3 x 4.3 x 3.1 (D);image/capacitors40254.png;capacitors\T50\T50.pdf;None
T50;Enlarge;Polymer;SMD, molded;SMD, molded;330 µF;4;25;7.3 x 4.3 x 3.1 (D);image/capacitors40254.png;capacitors\T50\T50.pdf;None
T51;Enlarge;Polymer;SMD, molded;SMD, molded;220 µF;10;40;7.3 x 4.3 x 3.1 (D);image/capacitors40259.png;capacitors\T51\T51.pdf;None
T51;Enlarge;Polymer;SMD, molded;SMD, molded;330 µF;2.5;40;7.3 x 4.3 x 2.0 (V);image/capacitors40259.png;capacitors\T51\T51.pdf;None
T51;Enlarge;Polymer;SMD, molded;SMD, molded;6.8 µF;35;120;7.3 x 4.3 x 3.1 (D);image/capacitors40259.png;capacitors\T51\T51.pdf;None
T51;Enlarge;Polymer;SMD, molded;SMD, molded;33 µF;25;100;7.3 x 4.3 x 3.1 (D);image/capacitors40259.png;capacitors\T51\T51.pdf;None
T51;Enlarge;Polymer;SMD, molded;SMD, molded;330 µF;6.3;40;7.3 x 4.3 x 3.1 (D);image/capacitors40259.png;capacitors\T51\T51.pdf;None
T51;Enlarge;Polymer;SMD, molded;SMD, molded;33 µF;20;100;7.3 x 4.3 x 3.1 (D);image/capacitors40259.png;capacitors\T51\T51.pdf;None
T51;Enlarge;Polymer;SMD, molded;SMD, molded;68 µF;6.3;70;3.5 x 2.8 x 2.1 (B);image/capacitors40259.png;capacitors\T51\T51.pdf;None
T51;Enlarge;Polymer;SMD, molded;SMD, molded;33 µF;16;70;7.3 x 4.3 x 3.1 (D);image/capacitors40259.png;capacitors\T51\T51.pdf;None
T51;Enlarge;Polymer;SMD, molded;SMD, molded;100 µF;4;70;3.5 x 2.8 x 2.1 (B);image/capacitors40259.png;capacitors\T51\T51.pdf;None
T51;Enlarge;Polymer;SMD, molded;SMD, molded;10 µF;35;120;7.3 x 4.3 x 3.1 (D);image/capacitors40259.png;capacitors\T51\T51.pdf;None
T51;Enlarge;Polymer;SMD, molded;SMD, molded;33 µF;10;70;3.5 x 2.8 x 2.1 (B);image/capacitors40259.png;capacitors\T51\T51.pdf;None
T51;Enlarge;Polymer;SMD, molded;SMD, molded;47 µF;25;60;7.3 x 4.3 x 3.1 (D);image/capacitors40259.png;capacitors\T51\T51.pdf;None
T51;Enlarge;Polymer;SMD, molded;SMD, molded;4.7 µF;25;300;3.5 x 2.8 x 2.1 (B);image/capacitors40259.png;capacitors\T51\T51.pdf;None
T51;Enlarge;Polymer;SMD, molded;SMD, molded;100 µF;6.3;70;3.5 x 2.8 x 2.1 (B);image/capacitors40259.png;capacitors\T51\T51.pdf;None
T51;Enlarge;Polymer;SMD, molded;SMD, molded;47 µF;16;70;7.3 x 4.3 x 3.1 (D);image/capacitors40259.png;capacitors\T51\T51.pdf;None
T51;Enlarge;Polymer;SMD, molded;SMD, molded;150 µF;4;40;7.3 x 4.3 x 3.1 (D);image/capacitors40259.png;capacitors\T51\T51.pdf;None
T51;Enlarge;Polymer;SMD, molded;SMD, molded;47 µF;10;70;3.5 x 2.8 x 2.1 (B);image/capacitors40259.png;capacitors\T51\T51.pdf;None
T51;Enlarge;Polymer;SMD, molded;SMD, molded;2.2 µF;35;300;3.5 x 2.8 x 2.1 (B);image/capacitors40259.png;capacitors\T51\T51.pdf;None
T51;Enlarge;Polymer;SMD, molded;SMD, molded;10 µF;25;120;7.3 x 4.3 x 3.1 (D);image/capacitors40259.png;capacitors\T51\T51.pdf;None
T51;Enlarge;Polymer;SMD, molded;SMD, molded;150 µF;6.3;40;7.3 x 4.3 x 3.1 (D);image/capacitors40259.png;capacitors\T51\T51.pdf;None
T51;Enlarge;Polymer;SMD, molded;SMD, molded;68 µF;16;70;7.3 x 4.3 x 3.1 (D);image/capacitors40259.png;capacitors\T51\T51.pdf;None
T51;Enlarge;Polymer;SMD, molded;SMD, molded;220 µF;4;40;7.3 x 4.3 x 3.1 (D);image/capacitors40259.png;capacitors\T51\T51.pdf;None
T51;Enlarge;Polymer;SMD, molded;SMD, molded;100 µF;10;40;7.3 x 4.3 x 3.1 (D);image/capacitors40259.png;capacitors\T51\T51.pdf;None
T51;Enlarge;Polymer;SMD, molded;SMD, molded;100 µF;2.5;70;3.5 x 2.8 x 2.1 (B);image/capacitors40259.png;capacitors\T51\T51.pdf;None
T51;Enlarge;Polymer;SMD, molded;SMD, molded;3.3 µF;35;300;3.5 x 2.8 x 2.1 (B);image/capacitors40259.png;capacitors\T51\T51.pdf;None
T51;Enlarge;Polymer;SMD, molded;SMD, molded;15 µF;25;100;7.3 x 4.3 x 3.1 (D);image/capacitors40259.png;capacitors\T51\T51.pdf;None
T51;Enlarge;Polymer;SMD, molded;SMD, molded;100 µF;16;50;7.3 x 4.3 x 3.1 (D);image/capacitors40259.png;capacitors\T51\T51.pdf;None
T51;Enlarge;Polymer;SMD, molded;SMD, molded;330 µF;4;40;7.3 x 4.3 x 3.1 (D);image/capacitors40259.png;capacitors\T51\T51.pdf;None
T51;Enlarge;Polymer;SMD, molded;SMD, molded;150 µF;10;40;7.3 x 4.3 x 3.1 (D);image/capacitors40259.png;capacitors\T51\T51.pdf;None
T51;Enlarge;Polymer;SMD, molded;SMD, molded;220 µF;2.5;40;7.3 x 4.3 x 2.0 (V);image/capacitors40259.png;capacitors\T51\T51.pdf;None
T51;Enlarge;Polymer;SMD, molded;SMD, molded;4.7 µF;35;300;3.5 x 2.8 x 2.1 (B);image/capacitors40259.png;capacitors\T51\T51.pdf;None
T51;Enlarge;Polymer;SMD, molded;SMD, molded;22 µF;25;100;7.3 x 4.3 x 3.1 (D);image/capacitors40259.png;capacitors\T51\T51.pdf;None
T51;Enlarge;Polymer;SMD, molded;SMD, molded;220 µF;6.3;40;7.3 x 4.3 x 3.1 (D);image/capacitors40259.png;capacitors\T51\T51.pdf;None
T51;Enlarge;Polymer;SMD, molded;SMD, molded;150 µF;16;65;7.3 x 4.3 x 3.1 (D);image/capacitors40259.png;capacitors\T51\T51.pdf;None
T51;Enlarge;Polymer;SMD, molded;SMD, molded;47 µF;6.3;70;3.5 x 2.8 x 2.1 (B);image/capacitors40259.png;capacitors\T51\T51.pdf;None
T52;Enlarge;Polymer;SMD, molded;SMD, molded;150 µF;25;55;7.3 x 6.0 x 2 (M1);image/capacitors40216.png;capacitors\T52\T52.pdf;None
T52;Enlarge;Polymer;SMD, molded;SMD, molded;150 µF;16;70;7.3 x 4.3 x 1.5 (E5);image/capacitors40216.png;capacitors\T52\T52.pdf;None
T52;Enlarge;Polymer;SMD, molded;SMD, molded;47 µF;25;100;7.3 x 4.3 x 1.5 (E5);image/capacitors40216.png;capacitors\T52\T52.pdf;None
T52;Enlarge;Polymer;SMD, molded;SMD, molded;100 µF;35;70;7.3 x 6.0 x 1.9 (M9);image/capacitors40216.png;capacitors\T52\T52.pdf;None
T52;Enlarge;Polymer;SMD, molded;SMD, molded;47 µF;35;55;7.3 x 4.3 x 1.5 (E5);image/capacitors40216.png;capacitors\T52\T52.pdf;None
T52;Enlarge;Polymer;SMD, molded;SMD, molded;470 µF;16;55;7.3 x 6.0 x 2 (M1);image/capacitors40216.png;capacitors\T52\T52.pdf;None
T52;Enlarge;Polymer;SMD, molded;SMD, molded;220 µF;25;100;7.3 x 6.0 x 2 (M1);image/capacitors40216.png;capacitors\T52\T52.pdf;None
T52;Enlarge;Polymer;SMD, molded;SMD, molded;150 µF;16;50;7.3 x 4.3 x 1.5 (E5);image/capacitors40216.png;capacitors\T52\T52.pdf;None
T52;Enlarge;Polymer;SMD, molded;SMD, molded;47 µF;25;70;7.3 x 4.3 x 1.5 (E5);image/capacitors40216.png;capacitors\T52\T52.pdf;None
T52;Enlarge;Polymer;SMD, molded;SMD, molded;220 µF;10;55;7.3 x 6.0 x 2 (M1);image/capacitors40216.png;capacitors\T52\T52.pdf;None
T52;Enlarge;Polymer;SMD, molded;SMD, molded;100 µF;35;55;7.3 x 6.0 x 1.9 (M9);image/capacitors40216.png;capacitors\T52\T52.pdf;None
T52;Enlarge;Polymer;SMD, molded;SMD, molded;100 µF;35;100;7.3 x 6.0 x 2 (M1);image/capacitors40216.png;capacitors\T52\T52.pdf;None
T52;Enlarge;Polymer;SMD, molded;SMD, molded;220 µF;25;70;7.3 x 6.0 x 2 (M1);image/capacitors40216.png;capacitors\T52\T52.pdf;None
T52;Enlarge;Polymer;SMD, molded;SMD, molded;220 µF;16;70;7.3 x 6.0 x 2 (M1);image/capacitors40216.png;capacitors\T52\T52.pdf;None
T52;Enlarge;Polymer;SMD, molded;SMD, molded;47 µF;25;55;7.3 x 4.3 x 1.5 (E5);image/capacitors40216.png;capacitors\T52\T52.pdf;None
T52;Enlarge;Polymer;SMD, molded;SMD, molded;330 µF;10;55;7.3 x 6.0 x 2 (M1);image/capacitors40216.png;capacitors\T52\T52.pdf;None
T52;Enlarge;Polymer;SMD, molded;SMD, molded;100 µF;35;70;7.3 x 6.0 x 2 (M1);image/capacitors40216.png;capacitors\T52\T52.pdf;None
T52;Enlarge;Polymer;SMD, molded;SMD, molded;100 µF;20;100;7.3 x 4.3 x 1.5 (E5);image/capacitors40216.png;capacitors\T52\T52.pdf;None
T52;Enlarge;Polymer;SMD, molded;SMD, molded;220 µF;25;55;7.3 x 6.0 x 2 (M1);image/capacitors40216.png;capacitors\T52\T52.pdf;None
T52;Enlarge;Polymer;SMD, molded;SMD, molded;220 µF;16;55;7.3 x 6.0 x 2 (M1);image/capacitors40216.png;capacitors\T52\T52.pdf;None
T52;Enlarge;Polymer;SMD, molded;SMD, molded;150 µF;25;100;7.3 x 6.0 x 2 (M1);image/capacitors40216.png;capacitors\T52\T52.pdf;None
T52;Enlarge;Polymer;SMD, molded;SMD, molded;47 µF;16;200;3.5 x 2.8 x 1.2 (B2);image/capacitors40216.png;capacitors\T52\T52.pdf;None
T52;Enlarge;Polymer;SMD, molded;SMD, molded;100 µF;20;70;7.3 x 4.3 x 1.5 (E5);image/capacitors40216.png;capacitors\T52\T52.pdf;None
T52;Enlarge;Polymer;SMD, molded;SMD, molded;100 µF;35;55;7.3 x 6.0 x 2 (M1);image/capacitors40216.png;capacitors\T52\T52.pdf;None
T52;Enlarge;Polymer;SMD, molded;SMD, molded;47 µF;35;100;7.3 x 4.3 x 1.5 (E5);image/capacitors40216.png;capacitors\T52\T52.pdf;None
T52;Enlarge;Polymer;SMD, molded;SMD, molded;330 µF;16;55;7.3 x 6.0 x 2 (M1);image/capacitors40216.png;capacitors\T52\T52.pdf;None
T52;Enlarge;Polymer;SMD, molded;SMD, molded;150 µF;25;70;7.3 x 6.0 x 2 (M1);image/capacitors40216.png;capacitors\T52\T52.pdf;None
T52;Enlarge;Polymer;SMD, molded;SMD, molded;150 µF;16;100;7.3 x 4.3 x 1.5 (E5);image/capacitors40216.png;capacitors\T52\T52.pdf;None
T52;Enlarge;Polymer;SMD, molded;SMD, molded;100 µF;20;55;7.3 x 4.3 x 1.5 (E5);image/capacitors40216.png;capacitors\T52\T52.pdf;None
T52;Enlarge;Polymer;SMD, molded;SMD, molded;100 µF;35;100;7.3 x 6.0 x 1.9 (M9);image/capacitors40216.png;capacitors\T52\T52.pdf;None
T52;Enlarge;Polymer;SMD, molded;SMD, molded;47 µF;35;70;7.3 x 4.3 x 1.5 (E5);image/capacitors40216.png;capacitors\T52\T52.pdf;None
T52;Enlarge;Polymer;SMD, molded;SMD, molded;330 µF;16;40;7.3 x 6.0 x 2 (M1);image/capacitors40216.png;capacitors\T52\T52.pdf;None
T54;Enlarge;Polymer;SMD, molded;SMD, molded;2 mF;16;5;;image/capacitors40212.png;capacitors\T54\T54.pdf;None
T54;Enlarge;Polymer;SMD, molded;SMD, molded;190 µF;50;25;;image/capacitors40212.png;capacitors\T54\T54.pdf;None
T54;Enlarge;Polymer;SMD, molded;SMD, molded;15 µF;75;100;;image/capacitors40212.png;capacitors\T54\T54.pdf;None
T54;Enlarge;Polymer;SMD, molded;SMD, molded;280 µF;35;12;;image/capacitors40212.png;capacitors\T54\T54.pdf;None
T54;Enlarge;Polymer;SMD, molded;SMD, molded;90 µF;75;25;;image/capacitors40212.png;capacitors\T54\T54.pdf;None
T54;Enlarge;Polymer;SMD, molded;SMD, molded;66 µF;50;35;;image/capacitors40212.png;capacitors\T54\T54.pdf;None
T54;Enlarge;Polymer;SMD, molded;SMD, molded;22 µF;50;100;;image/capacitors40212.png;capacitors\T54\T54.pdf;None
T54;Enlarge;Polymer;SMD, molded;SMD, molded;95 µF;35;28;;image/capacitors40212.png;capacitors\T54\T54.pdf;None
T54;Enlarge;Polymer;SMD, molded;SMD, molded;45 µF;75;50;;image/capacitors40212.png;capacitors\T54\T54.pdf;None
T54;Enlarge;Polymer;SMD, molded;SMD, molded;150 µF;30;75;;image/capacitors40212.png;capacitors\T54\T54.pdf;None
T54;Enlarge;Polymer;SMD, molded;SMD, molded;600 µF;30;38;;image/capacitors40212.png;capacitors\T54\T54.pdf;None
T54;Enlarge;Polymer;SMD, molded;SMD, molded;66 µF;63;35;;image/capacitors40212.png;capacitors\T54\T54.pdf;None
T54;Enlarge;Polymer;SMD, molded;SMD, molded;940 µF;16;13;;image/capacitors40212.png;capacitors\T54\T54.pdf;None
T54;Enlarge;Polymer;SMD, molded;SMD, molded;600 µF;35;25;;image/capacitors40212.png;capacitors\T54\T54.pdf;None
T54;Enlarge;Polymer;SMD, molded;SMD, molded;90 µF;75;17;;image/capacitors40212.png;capacitors\T54\T54.pdf;None
T54;Enlarge;Polymer;SMD, molded;SMD, molded;2.8 mF;16;5;;image/capacitors40212.png;capacitors\T54\T54.pdf;None
T54;Enlarge;Polymer;SMD, molded;SMD, molded;280 µF;50;17;;image/capacitors40212.png;capacitors\T54\T54.pdf;None
T54;Enlarge;Polymer;SMD, molded;SMD, molded;22 µF;75;100;;image/capacitors40212.png;capacitors\T54\T54.pdf;None
T54;Enlarge;Polymer;SMD, molded;SMD, molded;280 µF;35;10;;image/capacitors40212.png;capacitors\T54\T54.pdf;None
T54;Enlarge;Polymer;SMD, molded;SMD, molded;95 µF;50;50;;image/capacitors40212.png;capacitors\T54\T54.pdf;None
T54;Enlarge;Polymer;SMD, molded;SMD, molded;47 µF;50;100;;image/capacitors40212.png;capacitors\T54\T54.pdf;None
T54;Enlarge;Polymer;SMD, molded;SMD, molded;140 µF;35;25;;image/capacitors40212.png;capacitors\T54\T54.pdf;None
T54;Enlarge;Polymer;SMD, molded;SMD, molded;45 µF;75;35;;image/capacitors40212.png;capacitors\T54\T54.pdf;None
T54;Enlarge;Polymer;SMD, molded;SMD, molded;1.4 mF;16;9;;image/capacitors40212.png;capacitors\T54\T54.pdf;None
T54;Enlarge;Polymer;SMD, molded;SMD, molded;150 µF;30;50;;image/capacitors40212.png;capacitors\T54\T54.pdf;None
T54;Enlarge;Polymer;SMD, molded;SMD, molded;600 µF;30;20;;image/capacitors40212.png;capacitors\T54\T54.pdf;None
T54;Enlarge;Polymer;SMD, molded;SMD, molded;90 µF;63;25;;image/capacitors40212.png;capacitors\T54\T54.pdf;None
T54;Enlarge;Polymer;SMD, molded;SMD, molded;940 µF;16;10;;image/capacitors40212.png;capacitors\T54\T54.pdf;None
T54;Enlarge;Polymer;SMD, molded;SMD, molded;600 µF;35;13;;image/capacitors40212.png;capacitors\T54\T54.pdf;None
T54;Enlarge;Polymer;SMD, molded;SMD, molded;130 µF;75;17;;image/capacitors40212.png;capacitors\T54\T54.pdf;None
T54;Enlarge;Polymer;SMD, molded;SMD, molded;300 µF;30;75;;image/capacitors40212.png;capacitors\T54\T54.pdf;None
T54;Enlarge;Polymer;SMD, molded;SMD, molded;30 µF;63;50;;image/capacitors40212.png;capacitors\T54\T54.pdf;None
T54;Enlarge;Polymer;SMD, molded;SMD, molded;450 µF;16;13;;image/capacitors40212.png;capacitors\T54\T54.pdf;None
T54;Enlarge;Polymer;SMD, molded;SMD, molded;300 µF;35;50;;image/capacitors40212.png;capacitors\T54\T54.pdf;None
T54;Enlarge;Polymer;SMD, molded;SMD, molded;220 µF;16;25;;image/capacitors40212.png;capacitors\T54\T54.pdf;None
T54;Enlarge;Polymer;SMD, molded;SMD, molded;90 µF;50;25;;image/capacitors40212.png;capacitors\T54\T54.pdf;None
T54;Enlarge;Polymer;SMD, molded;SMD, molded;47 µF;50;70;;image/capacitors40212.png;capacitors\T54\T54.pdf;None
T54;Enlarge;Polymer;SMD, molded;SMD, molded;140 µF;35;18;;image/capacitors40212.png;capacitors\T54\T54.pdf;None
T54;Enlarge;Polymer;SMD, molded;SMD, molded;1.4 mF;16;7;;image/capacitors40212.png;capacitors\T54\T54.pdf;None
T54;Enlarge;Polymer;SMD, molded;SMD, molded;900 µF;35;17;;image/capacitors40212.png;capacitors\T54\T54.pdf;None
T54;Enlarge;Polymer;SMD, molded;SMD, molded;47 µF;35;70;;image/capacitors40212.png;capacitors\T54\T54.pdf;None
T54;Enlarge;Polymer;SMD, molded;SMD, molded;900 µF;30;25;;image/capacitors40212.png;capacitors\T54\T54.pdf;None
T54;Enlarge;Polymer;SMD, molded;SMD, molded;90 µF;63;17;;image/capacitors40212.png;capacitors\T54\T54.pdf;None
T54;Enlarge;Polymer;SMD, molded;SMD, molded;990 µF;16;9;;image/capacitors40212.png;capacitors\T54\T54.pdf;None
T54;Enlarge;Polymer;SMD, molded;SMD, molded;300 µF;30;38;;image/capacitors40212.png;capacitors\T54\T54.pdf;None
T54;Enlarge;Polymer;SMD, molded;SMD, molded;45 µF;63;50;;image/capacitors40212.png;capacitors\T54\T54.pdf;None
T54;Enlarge;Polymer;SMD, molded;SMD, molded;660 µF;16;13;;image/capacitors40212.png;capacitors\T54\T54.pdf;None
T54;Enlarge;Polymer;SMD, molded;SMD, molded;300 µF;35;25;;image/capacitors40212.png;capacitors\T54\T54.pdf;None
T54;Enlarge;Polymer;SMD, molded;SMD, molded;330 µF;16;25;;image/capacitors40212.png;capacitors\T54\T54.pdf;None
T54;Enlarge;Polymer;SMD, molded;SMD, molded;130 µF;50;17;;image/capacitors40212.png;capacitors\T54\T54.pdf;None
T54;Enlarge;Polymer;SMD, molded;SMD, molded;15 µF;63;100;;image/capacitors40212.png;capacitors\T54\T54.pdf;None
T54;Enlarge;Polymer;SMD, molded;SMD, molded;190 µF;35;18;;image/capacitors40212.png;capacitors\T54\T54.pdf;None
T54;Enlarge;Polymer;SMD, molded;SMD, molded;60 µF;75;25;;image/capacitors40212.png;capacitors\T54\T54.pdf;None
T54;Enlarge;Polymer;SMD, molded;SMD, molded;1.9 mF;16;7;;image/capacitors40212.png;capacitors\T54\T54.pdf;None
T54;Enlarge;Polymer;SMD, molded;SMD, molded;900 µF;35;9;;image/capacitors40212.png;capacitors\T54\T54.pdf;None
T54;Enlarge;Polymer;SMD, molded;SMD, molded;150 µF;35;100;;image/capacitors40212.png;capacitors\T54\T54.pdf;None
T54;Enlarge;Polymer;SMD, molded;SMD, molded;900 µF;30;13;;image/capacitors40212.png;capacitors\T54\T54.pdf;None
T54;Enlarge;Polymer;SMD, molded;SMD, molded;130 µF;63;17;;image/capacitors40212.png;capacitors\T54\T54.pdf;None
T54;Enlarge;Polymer;SMD, molded;SMD, molded;1.3 mF;16;7;;image/capacitors40212.png;capacitors\T54\T54.pdf;None
T54;Enlarge;Polymer;SMD, molded;SMD, molded;450 µF;30;50;;image/capacitors40212.png;capacitors\T54\T54.pdf;None
T54;Enlarge;Polymer;SMD, molded;SMD, molded;45 µF;63;35;;image/capacitors40212.png;capacitors\T54\T54.pdf;None
T54;Enlarge;Polymer;SMD, molded;SMD, molded;660 µF;16;9;;image/capacitors40212.png;capacitors\T54\T54.pdf;None
T54;Enlarge;Polymer;SMD, molded;SMD, molded;450 µF;35;34;;image/capacitors40212.png;capacitors\T54\T54.pdf;None
T54;Enlarge;Polymer;SMD, molded;SMD, molded;470 µF;16;25;;image/capacitors40212.png;capacitors\T54\T54.pdf;None
T54;Enlarge;Polymer;SMD, molded;SMD, molded;1.9 mF;16;5;;image/capacitors40212.png;capacitors\T54\T54.pdf;None
T54;Enlarge;Polymer;SMD, molded;SMD, molded;140 µF;50;35;;image/capacitors40212.png;capacitors\T54\T54.pdf;None
T54;Enlarge;Polymer;SMD, molded;SMD, molded;22 µF;63;100;;image/capacitors40212.png;capacitors\T54\T54.pdf;None
T54;Enlarge;Polymer;SMD, molded;SMD, molded;190 µF;35;14;;image/capacitors40212.png;capacitors\T54\T54.pdf;None
T54;Enlarge;Polymer;SMD, molded;SMD, molded;66 µF;75;35;;image/capacitors40212.png;capacitors\T54\T54.pdf;None
T54;Enlarge;Polymer;SMD, molded;SMD, molded;45 µF;50;50;;image/capacitors40212.png;capacitors\T54\T54.pdf;None
T54;Enlarge;Polymer;SMD, molded;SMD, molded;150 µF;35;50;;image/capacitors40212.png;capacitors\T54\T54.pdf;None
T54;Enlarge;Polymer;SMD, molded;SMD, molded;95 µF;35;35;;image/capacitors40212.png;capacitors\T54\T54.pdf;None
T54;Enlarge;Polymer;SMD, molded;SMD, molded;30 µF;75;50;;image/capacitors40212.png;capacitors\T54\T54.pdf;None
T54;Enlarge;Polymer;SMD, molded;SMD, molded;1.3 mF;16;5;;image/capacitors40212.png;capacitors\T54\T54.pdf;None
T54;Enlarge;Polymer;SMD, molded;SMD, molded;150 µF;30;150;;image/capacitors40212.png;capacitors\T54\T54.pdf;None
T54;Enlarge;Polymer;SMD, molded;SMD, molded;450 µF;30;25;;image/capacitors40212.png;capacitors\T54\T54.pdf;None
T54;Enlarge;Polymer;SMD, molded;SMD, molded;60 µF;63;25;;image/capacitors40212.png;capacitors\T54\T54.pdf;None
T54;Enlarge;Polymer;SMD, molded;SMD, molded;900 µF;16;7;;image/capacitors40212.png;capacitors\T54\T54.pdf;None
T54;Enlarge;Polymer;SMD, molded;SMD, molded;450 µF;35;17;;image/capacitors40212.png;capacitors\T54\T54.pdf;None
T55;Enlarge;Polymer;SMD, molded;SMD, molded;330 µF;4;9;;image/capacitors40174.png;capacitors\T55\T55.pdf;None
T55;Enlarge;Polymer;SMD, molded;SMD, molded;22 µF;10;300;;image/capacitors40174.png;capacitors\T55\T55.pdf;None
T55;Enlarge;Polymer;SMD, molded;SMD, molded;22 µF;4;150;;image/capacitors40174.png;capacitors\T55\T55.pdf;None
T55;Enlarge;Polymer;SMD, molded;SMD, molded;220 µF;6.3;50;;image/capacitors40174.png;capacitors\T55\T55.pdf;None
T55;Enlarge;Polymer;SMD, molded;SMD, molded;4.7 µF;35;200;;image/capacitors40174.png;capacitors\T55\T55.pdf;None
T55;Enlarge;Polymer;SMD, molded;SMD, molded;100 µF;2.5;100;;image/capacitors40174.png;capacitors\T55\T55.pdf;None
T55;Enlarge;Polymer;SMD, molded;SMD, molded;22 µF;6.3;200;;image/capacitors40174.png;capacitors\T55\T55.pdf;None
T55;Enlarge;Polymer;SMD, molded;SMD, molded;330 µF;10;35;;image/capacitors40174.png;capacitors\T55\T55.pdf;None
T55;Enlarge;Polymer;SMD, molded;SMD, molded;150 µF;4;15;;image/capacitors40174.png;capacitors\T55\T55.pdf;None
T55;Enlarge;Polymer;SMD, molded;SMD, molded;4.7 µF;10;200;;image/capacitors40174.png;capacitors\T55\T55.pdf;None
T55;Enlarge;Polymer;SMD, molded;SMD, molded;680 µF;2.5;9;;image/capacitors40174.png;capacitors\T55\T55.pdf;None
T55;Enlarge;Polymer;SMD, molded;SMD, molded;100 µF;6.3;15;;image/capacitors40174.png;capacitors\T55\T55.pdf;None
T55;Enlarge;Polymer;SMD, molded;SMD, molded;47 µF;20;45;;image/capacitors40174.png;capacitors\T55\T55.pdf;None
T55;Enlarge;Polymer;SMD, molded;SMD, molded;680 µF;4;9;;image/capacitors40174.png;capacitors\T55\T55.pdf;None
T55;Enlarge;Polymer;SMD, molded;SMD, molded;100 µF;10;18;;image/capacitors40174.png;capacitors\T55\T55.pdf;None
T55;Enlarge;Polymer;SMD, molded;SMD, molded;68 µF;4;150;;image/capacitors40174.png;capacitors\T55\T55.pdf;None
T55;Enlarge;Polymer;SMD, molded;SMD, molded;330 µF;6.3;8;;image/capacitors40174.png;capacitors\T55\T55.pdf;None
T55;Enlarge;Polymer;SMD, molded;SMD, molded;15 µF;50;90;;image/capacitors40174.png;capacitors\T55\T55.pdf;None
T55;Enlarge;Polymer;SMD, molded;SMD, molded;330 µF;2.5;35;;image/capacitors40174.png;capacitors\T55\T55.pdf;None
T55;Enlarge;Polymer;SMD, molded;SMD, molded;47 µF;6.3;120;;image/capacitors40174.png;capacitors\T55\T55.pdf;None
T55;Enlarge;Polymer;SMD, molded;SMD, molded;47 µF;16;45;;image/capacitors40174.png;capacitors\T55\T55.pdf;None
T55;Enlarge;Polymer;SMD, molded;SMD, molded;47 µF;2.5;180;;image/capacitors40174.png;capacitors\T55\T55.pdf;None
T55;Enlarge;Polymer;SMD, molded;SMD, molded;15 µF;6.3;500;;image/capacitors40174.png;capacitors\T55\T55.pdf;None
T55;Enlarge;Polymer;SMD, molded;SMD, molded;220 µF;10;55;;image/capacitors40174.png;capacitors\T55\T55.pdf;None
T55;Enlarge;Polymer;SMD, molded;SMD, molded;150 µF;4;55;;image/capacitors40174.png;capacitors\T55\T55.pdf;None
T55;Enlarge;Polymer;SMD, molded;SMD, molded;680 µF;6.3;25;;image/capacitors40174.png;capacitors\T55\T55.pdf;None
T55;Enlarge;Polymer;SMD, molded;SMD, molded;470 µF;2.5;40;;image/capacitors40174.png;capacitors\T55\T55.pdf;None
T55;Enlarge;Polymer;SMD, molded;SMD, molded;100 µF;6.3;70;;image/capacitors40174.png;capacitors\T55\T55.pdf;None
T55;Enlarge;Polymer;SMD, molded;SMD, molded;15 µF;20;70;;image/capacitors40174.png;capacitors\T55\T55.pdf;None
T55;Enlarge;Polymer;SMD, molded;SMD, molded;470 µF;4;8;;image/capacitors40174.png;capacitors\T55\T55.pdf;None
T55;Enlarge;Polymer;SMD, molded;SMD, molded;100 µF;10;45;;image/capacitors40174.png;capacitors\T55\T55.pdf;None
T55;Enlarge;Polymer;SMD, molded;SMD, molded;68 µF;4;250;;image/capacitors40174.png;capacitors\T55\T55.pdf;None
T55;Enlarge;Polymer;SMD, molded;SMD, molded;330 µF;6.3;18;;image/capacitors40174.png;capacitors\T55\T55.pdf;None
T55;Enlarge;Polymer;SMD, molded;SMD, molded;220 µF;2.5;18;;image/capacitors40174.png;capacitors\T55\T55.pdf;None
T55;Enlarge;Polymer;SMD, molded;SMD, molded;47 µF;6.3;200;;image/capacitors40174.png;capacitors\T55\T55.pdf;None
T55;Enlarge;Polymer;SMD, molded;SMD, molded;15 µF;16;150;;image/capacitors40174.png;capacitors\T55\T55.pdf;None
T55;Enlarge;Polymer;SMD, molded;SMD, molded;330 µF;4;18;;image/capacitors40174.png;capacitors\T55\T55.pdf;None
T55;Enlarge;Polymer;SMD, molded;SMD, molded;22 µF;10;500;;image/capacitors40174.png;capacitors\T55\T55.pdf;None
T55;Enlarge;Polymer;SMD, molded;SMD, molded;15 µF;4;200;;image/capacitors40174.png;capacitors\T55\T55.pdf;None
T55;Enlarge;Polymer;SMD, molded;SMD, molded;220 µF;6.3;70;;image/capacitors40174.png;capacitors\T55\T55.pdf;None
T55;Enlarge;Polymer;SMD, molded;SMD, molded;47 µF;25;65;;image/capacitors40174.png;capacitors\T55\T55.pdf;None
T55;Enlarge;Polymer;SMD, molded;SMD, molded;470 µF;6.3;18;;image/capacitors40174.png;capacitors\T55\T55.pdf;None
T55;Enlarge;Polymer;SMD, molded;SMD, molded;330 µF;2.5;8;;image/capacitors40174.png;capacitors\T55\T55.pdf;None
T55;Enlarge;Polymer;SMD, molded;SMD, molded;68 µF;6.3;150;;image/capacitors40174.png;capacitors\T55\T55.pdf;None
T55;Enlarge;Polymer;SMD, molded;SMD, molded;150 µF;16;50;;image/capacitors40174.png;capacitors\T55\T55.pdf;None
T55;Enlarge;Polymer;SMD, molded;SMD, molded;470 µF;4;50;;image/capacitors40174.png;capacitors\T55\T55.pdf;None
T55;Enlarge;Polymer;SMD, molded;SMD, molded;33 µF;10;40;;image/capacitors40174.png;capacitors\T55\T55.pdf;None
T55;Enlarge;Polymer;SMD, molded;SMD, molded;47 µF;4;180;;image/capacitors40174.png;capacitors\T55\T55.pdf;None
T55;Enlarge;Polymer;SMD, molded;SMD, molded;220 µF;6.3;7;;image/capacitors40174.png;capacitors\T55\T55.pdf;None
T55;Enlarge;Polymer;SMD, molded;SMD, molded;22 µF;35;70;;image/capacitors40174.png;capacitors\T55\T55.pdf;None
T55;Enlarge;Polymer;SMD, molded;SMD, molded;220 µF;2.5;55;;image/capacitors40174.png;capacitors\T55\T55.pdf;None
T55;Enlarge;Polymer;SMD, molded;SMD, molded;33 µF;6.3;150;;image/capacitors40174.png;capacitors\T55\T55.pdf;None
T55;Enlarge;Polymer;SMD, molded;SMD, molded;15 µF;12.5;80;;image/capacitors40174.png;capacitors\T55\T55.pdf;None
T55;Enlarge;Polymer;SMD, molded;SMD, molded;220 µF;4;25;;image/capacitors40174.png;capacitors\T55\T55.pdf;None
T55;Enlarge;Polymer;SMD, molded;SMD, molded;10 µF;10;500;;image/capacitors40174.png;capacitors\T55\T55.pdf;None
T55;Enlarge;Polymer;SMD, molded;SMD, molded;1 mF;2.5;6;;image/capacitors40174.png;capacitors\T55\T55.pdf;None
T55;Enlarge;Polymer;SMD, molded;SMD, molded;150 µF;6.3;40;;image/capacitors40174.png;capacitors\T55\T55.pdf;None
T55;Enlarge;Polymer;SMD, molded;SMD, molded;15 µF;25;125;;image/capacitors40174.png;capacitors\T55\T55.pdf;None
T55;Enlarge;Polymer;SMD, molded;SMD, molded;22 µF;2.5;200;;image/capacitors40174.png;capacitors\T55\T55.pdf;None
T55;Enlarge;Polymer;SMD, molded;SMD, molded;4.7 µF;6.3;500;;image/capacitors40174.png;capacitors\T55\T55.pdf;None
T55;Enlarge;Polymer;SMD, molded;SMD, molded;220 µF;10;40;;image/capacitors40174.png;capacitors\T55\T55.pdf;None
T55;Enlarge;Polymer;SMD, molded;SMD, molded;100 µF;4;55;;image/capacitors40174.png;capacitors\T55\T55.pdf;None
T55;Enlarge;Polymer;SMD, molded;SMD, molded;330 µF;4;8;;image/capacitors40174.png;capacitors\T55\T55.pdf;None
T55;Enlarge;Polymer;SMD, molded;SMD, molded;33 µF;10;500;;image/capacitors40174.png;capacitors\T55\T55.pdf;None
T55;Enlarge;Polymer;SMD, molded;SMD, molded;33 µF;4;500;;image/capacitors40174.png;capacitors\T55\T55.pdf;None
T55;Enlarge;Polymer;SMD, molded;SMD, molded;220 µF;6.3;40;;image/capacitors40174.png;capacitors\T55\T55.pdf;None
T55;Enlarge;Polymer;SMD, molded;SMD, molded;6.8 µF;35;200;;image/capacitors40174.png;capacitors\T55\T55.pdf;None
T55;Enlarge;Polymer;SMD, molded;SMD, molded;100 µF;2.5;70;;image/capacitors40174.png;capacitors\T55\T55.pdf;None
T55;Enlarge;Polymer;SMD, molded;SMD, molded;22 µF;6.3;150;;image/capacitors40174.png;capacitors\T55\T55.pdf;None
T55;Enlarge;Polymer;SMD, molded;SMD, molded;330 µF;10;25;;image/capacitors40174.png;capacitors\T55\T55.pdf;None
T55;Enlarge;Polymer;SMD, molded;SMD, molded;220 µF;4;70;;image/capacitors40174.png;capacitors\T55\T55.pdf;None
T55;Enlarge;Polymer;SMD, molded;SMD, molded;4.7 µF;10;300;;image/capacitors40174.png;capacitors\T55\T55.pdf;None
T55;Enlarge;Polymer;SMD, molded;SMD, molded;680 µF;2.5;8;;image/capacitors40174.png;capacitors\T55\T55.pdf;None
T55;Enlarge;Polymer;SMD, molded;SMD, molded;150 µF;6.3;100;;image/capacitors40174.png;capacitors\T55\T55.pdf;None
T55;Enlarge;Polymer;SMD, molded;SMD, molded;100 µF;20;55;;image/capacitors40174.png;capacitors\T55\T55.pdf;None
T55;Enlarge;Polymer;SMD, molded;SMD, molded;680 µF;4;8;;image/capacitors40174.png;capacitors\T55\T55.pdf;None
T55;Enlarge;Polymer;SMD, molded;SMD, molded;150 µF;10;40;;image/capacitors40174.png;capacitors\T55\T55.pdf;None
T55;Enlarge;Polymer;SMD, molded;SMD, molded;330 µF;6.3;7;;image/capacitors40174.png;capacitors\T55\T55.pdf;None
T55;Enlarge;Polymer;SMD, molded;SMD, molded;1 µF;63;200;;image/capacitors40174.png;capacitors\T55\T55.pdf;None
T55;Enlarge;Polymer;SMD, molded;SMD, molded;330 µF;2.5;25;;image/capacitors40174.png;capacitors\T55\T55.pdf;None
T55;Enlarge;Polymer;SMD, molded;SMD, molded;47 µF;6.3;80;;image/capacitors40174.png;capacitors\T55\T55.pdf;None
T55;Enlarge;Polymer;SMD, molded;SMD, molded;47 µF;16;70;;image/capacitors40174.png;capacitors\T55\T55.pdf;None
T55;Enlarge;Polymer;SMD, molded;SMD, molded;68 µF;25;70;;image/capacitors40174.png;capacitors\T55\T55.pdf;None
T55;Enlarge;Polymer;SMD, molded;SMD, molded;68 µF;2.5;250;;image/capacitors40174.png;capacitors\T55\T55.pdf;None
T55;Enlarge;Polymer;SMD, molded;SMD, molded;15 µF;6.3;300;;image/capacitors40174.png;capacitors\T55\T55.pdf;None
T55;Enlarge;Polymer;SMD, molded;SMD, molded;220 µF;10;9;;image/capacitors40174.png;capacitors\T55\T55.pdf;None
T55;Enlarge;Polymer;SMD, molded;SMD, molded;150 µF;4;45;;image/capacitors40174.png;capacitors\T55\T55.pdf;None
T55;Enlarge;Polymer;SMD, molded;SMD, molded;100 µF;7;70;;image/capacitors40174.png;capacitors\T55\T55.pdf;None
T55;Enlarge;Polymer;SMD, molded;SMD, molded;470 µF;2.5;15;;image/capacitors40174.png;capacitors\T55\T55.pdf;None
T55;Enlarge;Polymer;SMD, molded;SMD, molded;100 µF;6.3;45;;image/capacitors40174.png;capacitors\T55\T55.pdf;None
T55;Enlarge;Polymer;SMD, molded;SMD, molded;15 µF;20;125;;image/capacitors40174.png;capacitors\T55\T55.pdf;None
T55;Enlarge;Polymer;SMD, molded;SMD, molded;470 µF;4;7;;image/capacitors40174.png;capacitors\T55\T55.pdf;None
T55;Enlarge;Polymer;SMD, molded;SMD, molded;100 µF;10;25;;image/capacitors40174.png;capacitors\T55\T55.pdf;None
T55;Enlarge;Polymer;SMD, molded;SMD, molded;68 µF;4;200;;image/capacitors40174.png;capacitors\T55\T55.pdf;None
T55;Enlarge;Polymer;SMD, molded;SMD, molded;330 µF;6.3;15;;image/capacitors40174.png;capacitors\T55\T55.pdf;None
T55;Enlarge;Polymer;SMD, molded;SMD, molded;47 µF;35;55;;image/capacitors40174.png;capacitors\T55\T55.pdf;None
T55;Enlarge;Polymer;SMD, molded;SMD, molded;220 µF;2.5;15;;image/capacitors40174.png;capacitors\T55\T55.pdf;None
T55;Enlarge;Polymer;SMD, molded;SMD, molded;47 µF;6.3;180;;image/capacitors40174.png;capacitors\T55\T55.pdf;None
T55;Enlarge;Polymer;SMD, molded;SMD, molded;15 µF;16;90;;image/capacitors40174.png;capacitors\T55\T55.pdf;None
T55;Enlarge;Polymer;SMD, molded;SMD, molded;330 µF;4;50;;image/capacitors40174.png;capacitors\T55\T55.pdf;None
T55;Enlarge;Polymer;SMD, molded;SMD, molded;22 µF;10;200;;image/capacitors40174.png;capacitors\T55\T55.pdf;None
T55;Enlarge;Polymer;SMD, molded;SMD, molded;15 µF;4;300;;image/capacitors40174.png;capacitors\T55\T55.pdf;None
T55;Enlarge;Polymer;SMD, molded;SMD, molded;220 µF;6.3;45;;image/capacitors40174.png;capacitors\T55\T55.pdf;None
T55;Enlarge;Polymer;SMD, molded;SMD, molded;100 µF;4;45;;image/capacitors40174.png;capacitors\T55\T55.pdf;None
T55;Enlarge;Polymer;SMD, molded;SMD, molded;470 µF;6.3;15;;image/capacitors40174.png;capacitors\T55\T55.pdf;None
T55;Enlarge;Polymer;SMD, molded;SMD, molded;330 µF;2.5;7;;image/capacitors40174.png;capacitors\T55\T55.pdf;None
T55;Enlarge;Polymer;SMD, molded;SMD, molded;68 µF;6.3;70;;image/capacitors40174.png;capacitors\T55\T55.pdf;None
T55;Enlarge;Polymer;SMD, molded;SMD, molded;150 µF;16;40;;image/capacitors40174.png;capacitors\T55\T55.pdf;None
T55;Enlarge;Polymer;SMD, molded;SMD, molded;470 µF;4;40;;image/capacitors40174.png;capacitors\T55\T55.pdf;None
T55;Enlarge;Polymer;SMD, molded;SMD, molded;47 µF;10;150;;image/capacitors40174.png;capacitors\T55\T55.pdf;None
T55;Enlarge;Polymer;SMD, molded;SMD, molded;47 µF;4;80;;image/capacitors40174.png;capacitors\T55\T55.pdf;None
T55;Enlarge;Polymer;SMD, molded;SMD, molded;330 µF;6.3;50;;image/capacitors40174.png;capacitors\T55\T55.pdf;None
T55;Enlarge;Polymer;SMD, molded;SMD, molded;22 µF;35;120;;image/capacitors40174.png;capacitors\T55\T55.pdf;None
T55;Enlarge;Polymer;SMD, molded;SMD, molded;220 µF;2.5;45;;image/capacitors40174.png;capacitors\T55\T55.pdf;None
T55;Enlarge;Polymer;SMD, molded;SMD, molded;33 µF;6.3;70;;image/capacitors40174.png;capacitors\T55\T55.pdf;None
T55;Enlarge;Polymer;SMD, molded;SMD, molded;6.8 µF;16;200;;image/capacitors40174.png;capacitors\T55\T55.pdf;None
T55;Enlarge;Polymer;SMD, molded;SMD, molded;220 µF;4;18;;image/capacitors40174.png;capacitors\T55\T55.pdf;None
T55;Enlarge;Polymer;SMD, molded;SMD, molded;10 µF;4;500;;image/capacitors40174.png;capacitors\T55\T55.pdf;None
T55;Enlarge;Polymer;SMD, molded;SMD, molded;150 µF;6.3;35;;image/capacitors40174.png;capacitors\T55\T55.pdf;None
T55;Enlarge;Polymer;SMD, molded;SMD, molded;22 µF;25;40;;image/capacitors40174.png;capacitors\T55\T55.pdf;None
T55;Enlarge;Polymer;SMD, molded;SMD, molded;22 µF;2.5;180;;image/capacitors40174.png;capacitors\T55\T55.pdf;None
T55;Enlarge;Polymer;SMD, molded;SMD, molded;6.8 µF;6.3;500;;image/capacitors40174.png;capacitors\T55\T55.pdf;None
T55;Enlarge;Polymer;SMD, molded;SMD, molded;220 µF;10;25;;image/capacitors40174.png;capacitors\T55\T55.pdf;None
T55;Enlarge;Polymer;SMD, molded;SMD, molded;330 µF;4;7;;image/capacitors40174.png;capacitors\T55\T55.pdf;None
T55;Enlarge;Polymer;SMD, molded;SMD, molded;33 µF;10;200;;image/capacitors40174.png;capacitors\T55\T55.pdf;None
T55;Enlarge;Polymer;SMD, molded;SMD, molded;33 µF;4;300;;image/capacitors40174.png;capacitors\T55\T55.pdf;None
T55;Enlarge;Polymer;SMD, molded;SMD, molded;220 µF;6.3;15;;image/capacitors40174.png;capacitors\T55\T55.pdf;None
T55;Enlarge;Polymer;SMD, molded;SMD, molded;10 µF;35;200;;image/capacitors40174.png;capacitors\T55\T55.pdf;None
T55;Enlarge;Polymer;SMD, molded;SMD, molded;100 µF;2.5;55;;image/capacitors40174.png;capacitors\T55\T55.pdf;None
T55;Enlarge;Polymer;SMD, molded;SMD, molded;22 µF;6.3;70;;image/capacitors40174.png;capacitors\T55\T55.pdf;None
T55;Enlarge;Polymer;SMD, molded;SMD, molded;330 µF;10;18;;image/capacitors40174.png;capacitors\T55\T55.pdf;None
T55;Enlarge;Polymer;SMD, molded;SMD, molded;220 µF;4;60;;image/capacitors40174.png;capacitors\T55\T55.pdf;None
T55;Enlarge;Polymer;SMD, molded;SMD, molded;6.8 µF;10;500;;image/capacitors40174.png;capacitors\T55\T55.pdf;None
T55;Enlarge;Polymer;SMD, molded;SMD, molded;680 µF;2.5;7;;image/capacitors40174.png;capacitors\T55\T55.pdf;None
T55;Enlarge;Polymer;SMD, molded;SMD, molded;150 µF;6.3;70;;image/capacitors40174.png;capacitors\T55\T55.pdf;None
T55;Enlarge;Polymer;SMD, molded;SMD, molded;6.8 µF;25;100;;image/capacitors40174.png;capacitors\T55\T55.pdf;None
T55;Enlarge;Polymer;SMD, molded;SMD, molded;680 µF;4;7;;image/capacitors40174.png;capacitors\T55\T55.pdf;None
T55;Enlarge;Polymer;SMD, molded;SMD, molded;150 µF;10;25;;image/capacitors40174.png;capacitors\T55\T55.pdf;None
T55;Enlarge;Polymer;SMD, molded;SMD, molded;100 µF;4;200;;image/capacitors40174.png;capacitors\T55\T55.pdf;None
T55;Enlarge;Polymer;SMD, molded;SMD, molded;470 µF;6.3;55;;image/capacitors40174.png;capacitors\T55\T55.pdf;None
T55;Enlarge;Polymer;SMD, molded;SMD, molded;4.7 µF;63;200;;image/capacitors40174.png;capacitors\T55\T55.pdf;None
T55;Enlarge;Polymer;SMD, molded;SMD, molded;330 µF;2.5;18;;image/capacitors40174.png;capacitors\T55\T55.pdf;None
T55;Enlarge;Polymer;SMD, molded;SMD, molded;47 µF;6.3;50;;image/capacitors40174.png;capacitors\T55\T55.pdf;None
T55;Enlarge;Polymer;SMD, molded;SMD, molded;47 µF;16;65;;image/capacitors40174.png;capacitors\T55\T55.pdf;None
T55;Enlarge;Polymer;SMD, molded;SMD, molded;22 µF;4;500;;image/capacitors40174.png;capacitors\T55\T55.pdf;None
T55;Enlarge;Polymer;SMD, molded;SMD, molded;220 µF;6.3;35;;image/capacitors40174.png;capacitors\T55\T55.pdf;None
T55;Enlarge;Polymer;SMD, molded;SMD, molded;100 µF;25;60;;image/capacitors40174.png;capacitors\T55\T55.pdf;None
T55;Enlarge;Polymer;SMD, molded;SMD, molded;68 µF;2.5;200;;image/capacitors40174.png;capacitors\T55\T55.pdf;None
T55;Enlarge;Polymer;SMD, molded;SMD, molded;15 µF;6.3;200;;image/capacitors40174.png;capacitors\T55\T55.pdf;None
T55;Enlarge;Polymer;SMD, molded;SMD, molded;220 µF;10;8;;image/capacitors40174.png;capacitors\T55\T55.pdf;None
T55;Enlarge;Polymer;SMD, molded;SMD, molded;150 µF;4;40;;image/capacitors40174.png;capacitors\T55\T55.pdf;None
T55;Enlarge;Polymer;SMD, molded;SMD, molded;470 µF;7;25;;image/capacitors40174.png;capacitors\T55\T55.pdf;None
T55;Enlarge;Polymer;SMD, molded;SMD, molded;470 µF;2.5;9;;image/capacitors40174.png;capacitors\T55\T55.pdf;None
T55;Enlarge;Polymer;SMD, molded;SMD, molded;100 µF;6.3;55;;image/capacitors40174.png;capacitors\T55\T55.pdf;None
T55;Enlarge;Polymer;SMD, molded;SMD, molded;22 µF;20;40;;image/capacitors40174.png;capacitors\T55\T55.pdf;None
T55;Enlarge;Polymer;SMD, molded;SMD, molded;680 µF;4;25;;image/capacitors40174.png;capacitors\T55\T55.pdf;None
T55;Enlarge;Polymer;SMD, molded;SMD, molded;100 µF;10;80;;image/capacitors40174.png;capacitors\T55\T55.pdf;None
T55;Enlarge;Polymer;SMD, molded;SMD, molded;68 µF;4;180;;image/capacitors40174.png;capacitors\T55\T55.pdf;None
T55;Enlarge;Polymer;SMD, molded;SMD, molded;330 µF;6.3;55;;image/capacitors40174.png;capacitors\T55\T55.pdf;None
T55;Enlarge;Polymer;SMD, molded;SMD, molded;2.2 µF;50;200;;image/capacitors40174.png;capacitors\T55\T55.pdf;None
T55;Enlarge;Polymer;SMD, molded;SMD, molded;330 µF;2.5;70;;image/capacitors40174.png;capacitors\T55\T55.pdf;None
T55;Enlarge;Polymer;SMD, molded;SMD, molded;47 µF;6.3;150;;image/capacitors40174.png;capacitors\T55\T55.pdf;None
T55;Enlarge;Polymer;SMD, molded;SMD, molded;22 µF;16;150;;image/capacitors40174.png;capacitors\T55\T55.pdf;None
T55;Enlarge;Polymer;SMD, molded;SMD, molded;330 µF;4;45;;image/capacitors40174.png;capacitors\T55\T55.pdf;None
T55;Enlarge;Polymer;SMD, molded;SMD, molded;22 µF;10;80;;image/capacitors40174.png;capacitors\T55\T55.pdf;None
T55;Enlarge;Polymer;SMD, molded;SMD, molded;100 µF;4;40;;image/capacitors40174.png;capacitors\T55\T55.pdf;None
T55;Enlarge;Polymer;SMD, molded;SMD, molded;470 µF;6.3;9;;image/capacitors40174.png;capacitors\T55\T55.pdf;None
T55;Enlarge;Polymer;SMD, molded;SMD, molded;470 µF;2.5;25;;image/capacitors40174.png;capacitors\T55\T55.pdf;None
T55;Enlarge;Polymer;SMD, molded;SMD, molded;100 µF;6.3;200;;image/capacitors40174.png;capacitors\T55\T55.pdf;None
T55;Enlarge;Polymer;SMD, molded;SMD, molded;150 µF;16;15;;image/capacitors40174.png;capacitors\T55\T55.pdf;None
T55;Enlarge;Polymer;SMD, molded;SMD, molded;470 µF;4;15;;image/capacitors40174.png;capacitors\T55\T55.pdf;None
T55;Enlarge;Polymer;SMD, molded;SMD, molded;47 µF;10;70;;image/capacitors40174.png;capacitors\T55\T55.pdf;None
T55;Enlarge;Polymer;SMD, molded;SMD, molded;47 µF;4;70;;image/capacitors40174.png;capacitors\T55\T55.pdf;None
T55;Enlarge;Polymer;SMD, molded;SMD, molded;330 µF;6.3;45;;image/capacitors40174.png;capacitors\T55\T55.pdf;None
T55;Enlarge;Polymer;SMD, molded;SMD, molded;33 µF;35;100;;image/capacitors40174.png;capacitors\T55\T55.pdf;None
T55;Enlarge;Polymer;SMD, molded;SMD, molded;220 µF;2.5;35;;image/capacitors40174.png;capacitors\T55\T55.pdf;None
T55;Enlarge;Polymer;SMD, molded;SMD, molded;33 µF;6.3;80;;image/capacitors40174.png;capacitors\T55\T55.pdf;None
T55;Enlarge;Polymer;SMD, molded;SMD, molded;10 µF;16;200;;image/capacitors40174.png;capacitors\T55\T55.pdf;None
T55;Enlarge;Polymer;SMD, molded;SMD, molded;220 µF;4;40;;image/capacitors40174.png;capacitors\T55\T55.pdf;None
T55;Enlarge;Polymer;SMD, molded;SMD, molded;10 µF;10;300;;image/capacitors40174.png;capacitors\T55\T55.pdf;None
T55;Enlarge;Polymer;SMD, molded;SMD, molded;10 µF;4;300;;image/capacitors40174.png;capacitors\T55\T55.pdf;None
T55;Enlarge;Polymer;SMD, molded;SMD, molded;150 µF;6.3;25;;image/capacitors40174.png;capacitors\T55\T55.pdf;None
T55;Enlarge;Polymer;SMD, molded;SMD, molded;33 µF;25;50;;image/capacitors40174.png;capacitors\T55\T55.pdf;None
T55;Enlarge;Polymer;SMD, molded;SMD, molded;33 µF;2.5;200;;image/capacitors40174.png;capacitors\T55\T55.pdf;None
T55;Enlarge;Polymer;SMD, molded;SMD, molded;10 µF;6.3;500;;image/capacitors40174.png;capacitors\T55\T55.pdf;None
T55;Enlarge;Polymer;SMD, molded;SMD, molded;220 µF;10;50;;image/capacitors40174.png;capacitors\T55\T55.pdf;None
T55;Enlarge;Polymer;SMD, molded;SMD, molded;47 µF;6.3;60;;image/capacitors40174.png;capacitors\T55\T55.pdf;None
T55;Enlarge;Polymer;SMD, molded;SMD, molded;68 µF;16;70;;image/capacitors40174.png;capacitors\T55\T55.pdf;None
T55;Enlarge;Polymer;SMD, molded;SMD, molded;470 µF;4;25;;image/capacitors40174.png;capacitors\T55\T55.pdf;None
T55;Enlarge;Polymer;SMD, molded;SMD, molded;33 µF;10;150;;image/capacitors40174.png;capacitors\T55\T55.pdf;None
T55;Enlarge;Polymer;SMD, molded;SMD, molded;33 µF;4;200;;image/capacitors40174.png;capacitors\T55\T55.pdf;None
T55;Enlarge;Polymer;SMD, molded;SMD, molded;220 µF;6.3;55;;image/capacitors40174.png;capacitors\T55\T55.pdf;None
T55;Enlarge;Polymer;SMD, molded;SMD, molded;10 µF;35;150;;image/capacitors40174.png;capacitors\T55\T55.pdf;None
T55;Enlarge;Polymer;SMD, molded;SMD, molded;150 µF;2.5;70;;image/capacitors40174.png;capacitors\T55\T55.pdf;None
T55;Enlarge;Polymer;SMD, molded;SMD, molded;33 µF;6.3;500;;image/capacitors40174.png;capacitors\T55\T55.pdf;None
T55;Enlarge;Polymer;SMD, molded;SMD, molded;330 µF;10;9;;image/capacitors40174.png;capacitors\T55\T55.pdf;None
T55;Enlarge;Polymer;SMD, molded;SMD, molded;220 µF;4;55;;image/capacitors40174.png;capacitors\T55\T55.pdf;None
T55;Enlarge;Polymer;SMD, molded;SMD, molded;6.8 µF;10;300;;image/capacitors40174.png;capacitors\T55\T55.pdf;None
T55;Enlarge;Polymer;SMD, molded;SMD, molded;1 mF;2.5;9;;image/capacitors40174.png;capacitors\T55\T55.pdf;None
T55;Enlarge;Polymer;SMD, molded;SMD, molded;150 µF;6.3;55;;image/capacitors40174.png;capacitors\T55\T55.pdf;None
T55;Enlarge;Polymer;SMD, molded;SMD, molded;10 µF;25;150;;image/capacitors40174.png;capacitors\T55\T55.pdf;None
T55;Enlarge;Polymer;SMD, molded;SMD, molded;150 µF;10;55;;image/capacitors40174.png;capacitors\T55\T55.pdf;None
T55;Enlarge;Polymer;SMD, molded;SMD, molded;100 µF;4;100;;image/capacitors40174.png;capacitors\T55\T55.pdf;None
T55;Enlarge;Polymer;SMD, molded;SMD, molded;470 µF;6.3;50;;image/capacitors40174.png;capacitors\T55\T55.pdf;None
T55;Enlarge;Polymer;SMD, molded;SMD, molded;4.7 µF;63;100;;image/capacitors40174.png;capacitors\T55\T55.pdf;None
T55;Enlarge;Polymer;SMD, molded;SMD, molded;330 µF;2.5;40;;image/capacitors40174.png;capacitors\T55\T55.pdf;None
T55;Enlarge;Polymer;SMD, molded;SMD, molded;22 µF;4;300;;image/capacitors40174.png;capacitors\T55\T55.pdf;None
T55;Enlarge;Polymer;SMD, molded;SMD, molded;220 µF;6.3;25;;image/capacitors40174.png;capacitors\T55\T55.pdf;None
T55;Enlarge;Polymer;SMD, molded;SMD, molded;100 µF;25;40;;image/capacitors40174.png;capacitors\T55\T55.pdf;None
T55;Enlarge;Polymer;SMD, molded;SMD, molded;68 µF;2.5;70;;image/capacitors40174.png;capacitors\T55\T55.pdf;None
T55;Enlarge;Polymer;SMD, molded;SMD, molded;22 µF;6.3;500;;image/capacitors40174.png;capacitors\T55\T55.pdf;None
T55;Enlarge;Polymer;SMD, molded;SMD, molded;220 µF;10;7;;image/capacitors40174.png;capacitors\T55\T55.pdf;None
T55;Enlarge;Polymer;SMD, molded;SMD, molded;150 µF;4;35;;image/capacitors40174.png;capacitors\T55\T55.pdf;None
T55;Enlarge;Polymer;SMD, molded;SMD, molded;3.3 µF;10;500;;image/capacitors40174.png;capacitors\T55\T55.pdf;None
T55;Enlarge;Polymer;SMD, molded;SMD, molded;470 µF;2.5;8;;image/capacitors40174.png;capacitors\T55\T55.pdf;None
T55;Enlarge;Polymer;SMD, molded;SMD, molded;100 µF;6.3;40;;image/capacitors40174.png;capacitors\T55\T55.pdf;None
T55;Enlarge;Polymer;SMD, molded;SMD, molded;33 µF;20;40;;image/capacitors40174.png;capacitors\T55\T55.pdf;None
T55;Enlarge;Polymer;SMD, molded;SMD, molded;680 µF;4;18;;image/capacitors40174.png;capacitors\T55\T55.pdf;None
T55;Enlarge;Polymer;SMD, molded;SMD, molded;100 µF;10;55;;image/capacitors40174.png;capacitors\T55\T55.pdf;None
T55;Enlarge;Polymer;SMD, molded;SMD, molded;68 µF;4;80;;image/capacitors40174.png;capacitors\T55\T55.pdf;None
T55;Enlarge;Polymer;SMD, molded;SMD, molded;330 µF;6.3;12;;image/capacitors40174.png;capacitors\T55\T55.pdf;None
T55;Enlarge;Polymer;SMD, molded;SMD, molded;10 µF;50;120;;image/capacitors40174.png;capacitors\T55\T55.pdf;None
T55;Enlarge;Polymer;SMD, molded;SMD, molded;330 µF;2.5;45;;image/capacitors40174.png;capacitors\T55\T55.pdf;None
T55;Enlarge;Polymer;SMD, molded;SMD, molded;47 µF;6.3;100;;image/capacitors40174.png;capacitors\T55\T55.pdf;None
T55;Enlarge;Polymer;SMD, molded;SMD, molded;22 µF;16;70;;image/capacitors40174.png;capacitors\T55\T55.pdf;None
T55;Enlarge;Polymer;SMD, molded;SMD, molded;330 µF;4;40;;image/capacitors40174.png;capacitors\T55\T55.pdf;None
T55;Enlarge;Polymer;SMD, molded;SMD, molded;22 µF;10;150;;image/capacitors40174.png;capacitors\T55\T55.pdf;None
T55;Enlarge;Polymer;SMD, molded;SMD, molded;220 µF;10;45;;image/capacitors40174.png;capacitors\T55\T55.pdf;None
T55;Enlarge;Polymer;SMD, molded;SMD, molded;100 µF;4;35;;image/capacitors40174.png;capacitors\T55\T55.pdf;None
T55;Enlarge;Polymer;SMD, molded;SMD, molded;470 µF;6.3;8;;image/capacitors40174.png;capacitors\T55\T55.pdf;None
T55;Enlarge;Polymer;SMD, molded;SMD, molded;470 µF;2.5;12;;image/capacitors40174.png;capacitors\T55\T55.pdf;None
T55;Enlarge;Polymer;SMD, molded;SMD, molded;100 µF;6.3;150;;image/capacitors40174.png;capacitors\T55\T55.pdf;None
T55;Enlarge;Polymer;SMD, molded;SMD, molded;150 µF;16;10;;image/capacitors40174.png;capacitors\T55\T55.pdf;None
T55;Enlarge;Polymer;SMD, molded;SMD, molded;470 µF;4;12;;image/capacitors40174.png;capacitors\T55\T55.pdf;None
T55;Enlarge;Polymer;SMD, molded;SMD, molded;68 µF;10;100;;image/capacitors40174.png;capacitors\T55\T55.pdf;None
T55;Enlarge;Polymer;SMD, molded;SMD, molded;47 µF;4;150;;image/capacitors40174.png;capacitors\T55\T55.pdf;None
T55;Enlarge;Polymer;SMD, molded;SMD, molded;330 µF;6.3;40;;image/capacitors40174.png;capacitors\T55\T55.pdf;None
T55;Enlarge;Polymer;SMD, molded;SMD, molded;33 µF;35;65;;image/capacitors40174.png;capacitors\T55\T55.pdf;None
T55;Enlarge;Polymer;SMD, molded;SMD, molded;220 µF;2.5;30;;image/capacitors40174.png;capacitors\T55\T55.pdf;None
T55;Enlarge;Polymer;SMD, molded;SMD, molded;33 µF;6.3;40;;image/capacitors40174.png;capacitors\T55\T55.pdf;None
T55;Enlarge;Polymer;SMD, molded;SMD, molded;220 µF;4;15;;image/capacitors40174.png;capacitors\T55\T55.pdf;None
T55;Enlarge;Polymer;SMD, molded;SMD, molded;15 µF;10;500;;image/capacitors40174.png;capacitors\T55\T55.pdf;None
T55;Enlarge;Polymer;SMD, molded;SMD, molded;10 µF;4;200;;image/capacitors40174.png;capacitors\T55\T55.pdf;None
T55;Enlarge;Polymer;SMD, molded;SMD, molded;150 µF;6.3;18;;image/capacitors40174.png;capacitors\T55\T55.pdf;None
T55;Enlarge;Polymer;SMD, molded;SMD, molded;33 µF;25;40;;image/capacitors40174.png;capacitors\T55\T55.pdf;None
T55;Enlarge;Polymer;SMD, molded;SMD, molded;33 µF;2.5;180;;image/capacitors40174.png;capacitors\T55\T55.pdf;None
T55;Enlarge;Polymer;SMD, molded;SMD, molded;10 µF;6.3;200;;image/capacitors40174.png;capacitors\T55\T55.pdf;None
T55;Enlarge;Polymer;SMD, molded;SMD, molded;330 µF;2.5;15;;image/capacitors40174.png;capacitors\T55\T55.pdf;None
T55;Enlarge;Polymer;SMD, molded;SMD, molded;47 µF;6.3;40;;image/capacitors40174.png;capacitors\T55\T55.pdf;None
T55;Enlarge;Polymer;SMD, molded;SMD, molded;68 µF;16;50;;image/capacitors40174.png;capacitors\T55\T55.pdf;None
T55;Enlarge;Polymer;SMD, molded;SMD, molded;470 µF;4;18;;image/capacitors40174.png;capacitors\T55\T55.pdf;None
T55;Enlarge;Polymer;SMD, molded;SMD, molded;33 µF;10;70;;image/capacitors40174.png;capacitors\T55\T55.pdf;None
T55;Enlarge;Polymer;SMD, molded;SMD, molded;47 µF;4;500;;image/capacitors40174.png;capacitors\T55\T55.pdf;None
T55;Enlarge;Polymer;SMD, molded;SMD, molded;220 µF;6.3;9;;image/capacitors40174.png;capacitors\T55\T55.pdf;None
T55;Enlarge;Polymer;SMD, molded;SMD, molded;10 µF;35;120;;image/capacitors40174.png;capacitors\T55\T55.pdf;None
T55;Enlarge;Polymer;SMD, molded;SMD, molded;150 µF;2.5;55;;image/capacitors40174.png;capacitors\T55\T55.pdf;None
T55;Enlarge;Polymer;SMD, molded;SMD, molded;33 µF;6.3;200;;image/capacitors40174.png;capacitors\T55\T55.pdf;None
T55;Enlarge;Polymer;SMD, molded;SMD, molded;330 µF;10;8;;image/capacitors40174.png;capacitors\T55\T55.pdf;None
T55;Enlarge;Polymer;SMD, molded;SMD, molded;220 µF;4;45;;image/capacitors40174.png;capacitors\T55\T55.pdf;None
T55;Enlarge;Polymer;SMD, molded;SMD, molded;6.8 µF;10;200;;image/capacitors40174.png;capacitors\T55\T55.pdf;None
T55;Enlarge;Polymer;SMD, molded;SMD, molded;1 mF;2.5;8;;image/capacitors40174.png;capacitors\T55\T55.pdf;None
T55;Enlarge;Polymer;SMD, molded;SMD, molded;150 µF;6.3;45;;image/capacitors40174.png;capacitors\T55\T55.pdf;None
T55;Enlarge;Polymer;SMD, molded;SMD, molded;10 µF;25;100;;image/capacitors40174.png;capacitors\T55\T55.pdf;None
T55;Enlarge;Polymer;SMD, molded;SMD, molded;680 µF;4;6;;image/capacitors40174.png;capacitors\T55\T55.pdf;None
T55;Enlarge;Polymer;SMD, molded;SMD, molded;150 µF;10;45;;image/capacitors40174.png;capacitors\T55\T55.pdf;None
T55;Enlarge;Polymer;SMD, molded;SMD, molded;100 µF;4;150;;image/capacitors40174.png;capacitors\T55\T55.pdf;None
T55;Enlarge;Polymer;SMD, molded;SMD, molded;470 µF;6.3;30;;image/capacitors40174.png;capacitors\T55\T55.pdf;None
T55;Enlarge;Polymer;SMD, molded;SMD, molded;10 µF;63;150;;image/capacitors40174.png;capacitors\T55\T55.pdf;None
T55;Enlarge;Polymer;SMD, molded;SMD, molded;22 µF;4;200;;image/capacitors40174.png;capacitors\T55\T55.pdf;None
T55;Enlarge;Polymer;SMD, molded;SMD, molded;220 µF;6.3;18;;image/capacitors40174.png;capacitors\T55\T55.pdf;None
T55;Enlarge;Polymer;SMD, molded;SMD, molded;2.2 µF;35;200;;image/capacitors40174.png;capacitors\T55\T55.pdf;None
T55;Enlarge;Polymer;SMD, molded;SMD, molded;100 µF;2.5;200;;image/capacitors40174.png;capacitors\T55\T55.pdf;None
T55;Enlarge;Polymer;SMD, molded;SMD, molded;22 µF;6.3;300;;image/capacitors40174.png;capacitors\T55\T55.pdf;None
T55;Enlarge;Polymer;SMD, molded;SMD, molded;330 µF;10;40;;image/capacitors40174.png;capacitors\T55\T55.pdf;None
T55;Enlarge;Polymer;SMD, molded;SMD, molded;150 µF;4;25;;image/capacitors40174.png;capacitors\T55\T55.pdf;None
T55;Enlarge;Polymer;SMD, molded;SMD, molded;4.7 µF;10;500;;image/capacitors40174.png;capacitors\T55\T55.pdf;None
T55;Enlarge;Polymer;SMD, molded;SMD, molded;470 µF;2.5;7;;image/capacitors40174.png;capacitors\T55\T55.pdf;None
T55;Enlarge;Polymer;SMD, molded;SMD, molded;100 µF;6.3;35;;image/capacitors40174.png;capacitors\T55\T55.pdf;None
T55;Enlarge;Polymer;SMD, molded;SMD, molded;47 µF;20;70;;image/capacitors40174.png;capacitors\T55\T55.pdf;None
T55;Enlarge;Polymer;SMD, molded;SMD, molded;680 µF;4;15;;image/capacitors40174.png;capacitors\T55\T55.pdf;None
T55;Enlarge;Polymer;SMD, molded;SMD, molded;100 µF;10;40;;image/capacitors40174.png;capacitors\T55\T55.pdf;None
T55;Enlarge;Polymer;SMD, molded;SMD, molded;68 µF;4;70;;image/capacitors40174.png;capacitors\T55\T55.pdf;None
T55;Enlarge;Polymer;SMD, molded;SMD, molded;330 µF;6.3;9;;image/capacitors40174.png;capacitors\T55\T55.pdf;None
T55;Enlarge;Polymer;SMD, molded;SMD, molded;10 µF;50;90;;image/capacitors40174.png;capacitors\T55\T55.pdf;None
T55;Enlarge;Polymer;SMD, molded;SMD, molded;47 µF;6.3;70;;image/capacitors40174.png;capacitors\T55\T55.pdf;None
T55;Enlarge;Polymer;SMD, molded;SMD, molded;33 µF;16;70;;image/capacitors40174.png;capacitors\T55\T55.pdf;None
T55;Enlarge;Polymer;SMD, molded;SMD, molded;330 µF;4;15;;image/capacitors40174.png;capacitors\T55\T55.pdf;None
T55;Enlarge;Polymer;SMD, molded;SMD, molded;22 µF;10;70;;image/capacitors40174.png;capacitors\T55\T55.pdf;None
T55;Enlarge;Polymer;SMD, molded;SMD, molded;10 µF;6.3;300;;image/capacitors40174.png;capacitors\T55\T55.pdf;None
T55;Enlarge;Polymer;SMD, molded;SMD, molded;220 µF;10;18;;image/capacitors40174.png;capacitors\T55\T55.pdf;None
T55;Enlarge;Polymer;SMD, molded;SMD, molded;150 µF;4;70;;image/capacitors40174.png;capacitors\T55\T55.pdf;None
T55;Enlarge;Polymer;SMD, molded;SMD, molded;470 µF;6.3;7;;image/capacitors40174.png;capacitors\T55\T55.pdf;None
T55;Enlarge;Polymer;SMD, molded;SMD, molded;470 µF;2.5;50;;image/capacitors40174.png;capacitors\T55\T55.pdf;None
T55;Enlarge;Polymer;SMD, molded;SMD, molded;100 µF;6.3;100;;image/capacitors40174.png;capacitors\T55\T55.pdf;None
T55;Enlarge;Polymer;SMD, molded;SMD, molded;15 µF;20;90;;image/capacitors40174.png;capacitors\T55\T55.pdf;None
T55;Enlarge;Polymer;SMD, molded;SMD, molded;470 µF;4;9;;image/capacitors40174.png;capacitors\T55\T55.pdf;None
T55;Enlarge;Polymer;SMD, molded;SMD, molded;68 µF;10;60;;image/capacitors40174.png;capacitors\T55\T55.pdf;None
T55;Enlarge;Polymer;SMD, molded;SMD, molded;68 µF;4;500;;image/capacitors40174.png;capacitors\T55\T55.pdf;None
T55;Enlarge;Polymer;SMD, molded;SMD, molded;330 µF;6.3;25;;image/capacitors40174.png;capacitors\T55\T55.pdf;None
T55;Enlarge;Polymer;SMD, molded;SMD, molded;47 µF;35;70;;image/capacitors40174.png;capacitors\T55\T55.pdf;None
T55;Enlarge;Polymer;SMD, molded;SMD, molded;220 µF;2.5;25;;image/capacitors40174.png;capacitors\T55\T55.pdf;None
T55;Enlarge;Polymer;SMD, molded;SMD, molded;47 µF;6.3;500;;image/capacitors40174.png;capacitors\T55\T55.pdf;None
T55;Enlarge;Polymer;SMD, molded;SMD, molded;10 µF;16;100;;image/capacitors40174.png;capacitors\T55\T55.pdf;None
T55;Enlarge;Polymer;SMD, molded;SMD, molded;330 µF;4;25;;image/capacitors40174.png;capacitors\T55\T55.pdf;None
T55;Enlarge;Polymer;SMD, molded;SMD, molded;15 µF;10;200;;image/capacitors40174.png;capacitors\T55\T55.pdf;None
T55;Enlarge;Polymer;SMD, molded;SMD, molded;15 µF;4;500;;image/capacitors40174.png;capacitors\T55\T55.pdf;None
T55;Enlarge;Polymer;SMD, molded;SMD, molded;220 µF;6.3;200;;image/capacitors40174.png;capacitors\T55\T55.pdf;None
T55;Enlarge;Polymer;SMD, molded;SMD, molded;33 µF;25;60;;image/capacitors40174.png;capacitors\T55\T55.pdf;None
T55;Enlarge;Polymer;SMD, molded;SMD, molded;47 µF;2.5;200;;image/capacitors40174.png;capacitors\T55\T55.pdf;None
T55;Enlarge;Polymer;SMD, molded;SMD, molded;10 µF;63;60;;image/capacitors40174.png;capacitors\T55\T55.pdf;None
T55;Enlarge;Polymer;SMD, molded;SMD, molded;330 µF;2.5;9;;image/capacitors40174.png;capacitors\T55\T55.pdf;None
T55;Enlarge;Polymer;SMD, molded;SMD, molded;68 µF;6.3;200;;image/capacitors40174.png;capacitors\T55\T55.pdf;None
T55;Enlarge;Polymer;SMD, molded;SMD, molded;100 µF;16;50;;image/capacitors40174.png;capacitors\T55\T55.pdf;None
T55;Enlarge;Polymer;SMD, molded;SMD, molded;470 µF;4;55;;image/capacitors40174.png;capacitors\T55\T55.pdf;None
T55;Enlarge;Polymer;SMD, molded;SMD, molded;33 µF;10;80;;image/capacitors40174.png;capacitors\T55\T55.pdf;None
T55;Enlarge;Polymer;SMD, molded;SMD, molded;47 µF;4;200;;image/capacitors40174.png;capacitors\T55\T55.pdf;None
T55;Enlarge;Polymer;SMD, molded;SMD, molded;220 µF;6.3;8;;image/capacitors40174.png;capacitors\T55\T55.pdf;None
T55;Enlarge;Polymer;SMD, molded;SMD, molded;15 µF;35;125;;image/capacitors40174.png;capacitors\T55\T55.pdf;None
T55;Enlarge;Polymer;SMD, molded;SMD, molded;220 µF;2.5;70;;image/capacitors40174.png;capacitors\T55\T55.pdf;None
T55;Enlarge;Polymer;SMD, molded;SMD, molded;33 µF;6.3;180;;image/capacitors40174.png;capacitors\T55\T55.pdf;None
T55;Enlarge;Polymer;SMD, molded;SMD, molded;330 µF;10;7;;image/capacitors40174.png;capacitors\T55\T55.pdf;None
T55;Enlarge;Polymer;SMD, molded;SMD, molded;220 µF;4;35;;image/capacitors40174.png;capacitors\T55\T55.pdf;None
T55;Enlarge;Polymer;SMD, molded;SMD, molded;10 µF;10;200;;image/capacitors40174.png;capacitors\T55\T55.pdf;None
T55;Enlarge;Polymer;SMD, molded;SMD, molded;1 mF;2.5;7;;image/capacitors40174.png;capacitors\T55\T55.pdf;None
T55;Enlarge;Polymer;SMD, molded;SMD, molded;15 µF;25;100;;image/capacitors40174.png;capacitors\T55\T55.pdf;None
T55;Enlarge;Polymer;SMD, molded;SMD, molded;3.3 µF;6.3;500;;image/capacitors40174.png;capacitors\T55\T55.pdf;None
T55;Enlarge;Polymer;SMD, molded;SMD, molded;150 µF;10;15;;image/capacitors40174.png;capacitors\T55\T55.pdf;None
T55;Enlarge;Polymer;SMD, molded;SMD, molded;100 µF;4;70;;image/capacitors40174.png;capacitors\T55\T55.pdf;None
T55;Enlarge;Polymer;SMD, molded;SMD, molded;470 µF;6.3;25;;image/capacitors40174.png;capacitors\T55\T55.pdf;None
T56;Enlarge;Polymer;SMD, molded;SMD, molded;330 µF;10;25;;image/capacitors40219.png;capacitors\T56\T56.pdf;None
T56;Enlarge;Polymer;SMD, molded;SMD, molded;33 µF;6.3;70;;image/capacitors40219.png;capacitors\T56\T56.pdf;None
T56;Enlarge;Polymer;SMD, molded;SMD, molded;100 µF;25;60;;image/capacitors40219.png;capacitors\T56\T56.pdf;None
T56;Enlarge;Polymer;SMD, molded;SMD, molded;47 µF;4;70;;image/capacitors40219.png;capacitors\T56\T56.pdf;None
T56;Enlarge;Polymer;SMD, molded;SMD, molded;15 µF;25;125;;image/capacitors40219.png;capacitors\T56\T56.pdf;None
T56;Enlarge;Polymer;SMD, molded;SMD, molded;100 µF;10;40;;image/capacitors40219.png;capacitors\T56\T56.pdf;None
T56;Enlarge;Polymer;SMD, molded;SMD, molded;47 µF;2.5;70;;image/capacitors40219.png;capacitors\T56\T56.pdf;None
T56;Enlarge;Polymer;SMD, molded;SMD, molded;15 µF;20;90;;image/capacitors40219.png;capacitors\T56\T56.pdf;None
T56;Enlarge;Polymer;SMD, molded;SMD, molded;680 µF;6.3;25;;image/capacitors40219.png;capacitors\T56\T56.pdf;None
T56;Enlarge;Polymer;SMD, molded;SMD, molded;22 µF;16;70;;image/capacitors40219.png;capacitors\T56\T56.pdf;None
T56;Enlarge;Polymer;SMD, molded;SMD, molded;47 µF;6.3;70;;image/capacitors40219.png;capacitors\T56\T56.pdf;None
T56;Enlarge;Polymer;SMD, molded;SMD, molded;10 µF;35;200;;image/capacitors40219.png;capacitors\T56\T56.pdf;None
T56;Enlarge;Polymer;SMD, molded;SMD, molded;68 µF;4;70;;image/capacitors40219.png;capacitors\T56\T56.pdf;None
T56;Enlarge;Polymer;SMD, molded;SMD, molded;22 µF;25;40;;image/capacitors40219.png;capacitors\T56\T56.pdf;None
T56;Enlarge;Polymer;SMD, molded;SMD, molded;100 µF;10;45;;image/capacitors40219.png;capacitors\T56\T56.pdf;None
T56;Enlarge;Polymer;SMD, molded;SMD, molded;68 µF;2.5;70;;image/capacitors40219.png;capacitors\T56\T56.pdf;None
T56;Enlarge;Polymer;SMD, molded;SMD, molded;15 µF;20;125;;image/capacitors40219.png;capacitors\T56\T56.pdf;None
T56;Enlarge;Polymer;SMD, molded;SMD, molded;33 µF;10;70;;image/capacitors40219.png;capacitors\T56\T56.pdf;None
T56;Enlarge;Polymer;SMD, molded;SMD, molded;33 µF;16;70;;image/capacitors40219.png;capacitors\T56\T56.pdf;None
T56;Enlarge;Polymer;SMD, molded;SMD, molded;100 µF;6.3;45;;image/capacitors40219.png;capacitors\T56\T56.pdf;None
T56;Enlarge;Polymer;SMD, molded;SMD, molded;10 µF;35;120;;image/capacitors40219.png;capacitors\T56\T56.pdf;None
T56;Enlarge;Polymer;SMD, molded;SMD, molded;150 µF;4;25;;image/capacitors40219.png;capacitors\T56\T56.pdf;None
T56;Enlarge;Polymer;SMD, molded;SMD, molded;150 µF;10;25;;image/capacitors40219.png;capacitors\T56\T56.pdf;None
T56;Enlarge;Polymer;SMD, molded;SMD, molded;220 µF;2.5;25;;image/capacitors40219.png;capacitors\T56\T56.pdf;None
T56;Enlarge;Polymer;SMD, molded;SMD, molded;22 µF;20;40;;image/capacitors40219.png;capacitors\T56\T56.pdf;None
T56;Enlarge;Polymer;SMD, molded;SMD, molded;47 µF;10;70;;image/capacitors40219.png;capacitors\T56\T56.pdf;None
T56;Enlarge;Polymer;SMD, molded;SMD, molded;47 µF;16;70;;image/capacitors40219.png;capacitors\T56\T56.pdf;None
T56;Enlarge;Polymer;SMD, molded;SMD, molded;150 µF;6.3;25;;image/capacitors40219.png;capacitors\T56\T56.pdf;None
T56;Enlarge;Polymer;SMD, molded;SMD, molded;15 µF;35;125;;image/capacitors40219.png;capacitors\T56\T56.pdf;None
T56;Enlarge;Polymer;SMD, molded;SMD, molded;220 µF;4;25;;image/capacitors40219.png;capacitors\T56\T56.pdf;None
T56;Enlarge;Polymer;SMD, molded;SMD, molded;33 µF;25;60;;image/capacitors40219.png;capacitors\T56\T56.pdf;None
T56;Enlarge;Polymer;SMD, molded;SMD, molded;220 µF;10;25;;image/capacitors40219.png;capacitors\T56\T56.pdf;None
T56;Enlarge;Polymer;SMD, molded;SMD, molded;330 µF;2.5;25;;image/capacitors40219.png;capacitors\T56\T56.pdf;None
T56;Enlarge;Polymer;SMD, molded;SMD, molded;33 µF;20;40;;image/capacitors40219.png;capacitors\T56\T56.pdf;None
T56;Enlarge;Polymer;SMD, molded;SMD, molded;68 µF;10;60;;image/capacitors40219.png;capacitors\T56\T56.pdf;None
T56;Enlarge;Polymer;SMD, molded;SMD, molded;68 µF;16;70;;image/capacitors40219.png;capacitors\T56\T56.pdf;None
T56;Enlarge;Polymer;SMD, molded;SMD, molded;220 µF;6.3;25;;image/capacitors40219.png;capacitors\T56\T56.pdf;None
T56;Enlarge;Polymer;SMD, molded;SMD, molded;22 µF;35;120;;image/capacitors40219.png;capacitors\T56\T56.pdf;None
T56;Enlarge;Polymer;SMD, molded;SMD, molded;220 µF;10;40;;image/capacitors40219.png;capacitors\T56\T56.pdf;None
T56;Enlarge;Polymer;SMD, molded;SMD, molded;330 µF;4;25;;image/capacitors40219.png;capacitors\T56\T56.pdf;None
T56;Enlarge;Polymer;SMD, molded;SMD, molded;33 µF;25;40;;image/capacitors40219.png;capacitors\T56\T56.pdf;None
T56;Enlarge;Polymer;SMD, molded;SMD, molded;470 µF;2.5;25;;image/capacitors40219.png;capacitors\T56\T56.pdf;None
T56;Enlarge;Polymer;SMD, molded;SMD, molded;15 µF;25;100;;image/capacitors40219.png;capacitors\T56\T56.pdf;None
T56;Enlarge;Polymer;SMD, molded;SMD, molded;100 µF;10;25;;image/capacitors40219.png;capacitors\T56\T56.pdf;None
T56;Enlarge;Polymer;SMD, molded;SMD, molded;100 µF;16;50;;image/capacitors40219.png;capacitors\T56\T56.pdf;None
T56;Enlarge;Polymer;SMD, molded;SMD, molded;330 µF;6.3;25;;image/capacitors40219.png;capacitors\T56\T56.pdf;None
T56;Enlarge;Polymer;SMD, molded;SMD, molded;10 µF;50;120;;image/capacitors40219.png;capacitors\T56\T56.pdf;None
T58;Enlarge;Polymer;SMD, molded;SMD, molded;22 µF;6.3;300;1.6 x 0.85 x 0.9 (MM);image/capacitors40189.png;capacitors\T58\T58.pdf;None
T58;Enlarge;Polymer;SMD, molded;SMD, molded;22 µF;25;150;3.5 x 2.8 x 2 (BB);image/capacitors40189.png;capacitors\T58\T58.pdf;None
T58;Enlarge;Polymer;SMD, molded;SMD, molded;47 µF;8.2;300;2.0 x 1.25 x 1 (W0);image/capacitors40189.png;capacitors\T58\T58.pdf;None
T58;Enlarge;Polymer;SMD, molded;SMD, molded;22 µF;6.3;500;2.0 x 1.25 x 0.9 (W9);image/capacitors40189.png;capacitors\T58\T58.pdf;None
T58;Enlarge;Polymer;SMD, molded;SMD, molded;22 µF;25;100;3.5 x 2.8 x 2 (BB);image/capacitors40189.png;capacitors\T58\T58.pdf;None
T58;Enlarge;Polymer;SMD, molded;SMD, molded;47 µF;10;175;3.2 x 1.6 x 1 (A0);image/capacitors40189.png;capacitors\T58\T58.pdf;None
T58;Enlarge;Polymer;SMD, molded;SMD, molded;47 µF;6.3;300;2.0 x 1.25 x 0.9 (W9);image/capacitors40189.png;capacitors\T58\T58.pdf;None
T58;Enlarge;Polymer;SMD, molded;SMD, molded;1 µF;35;500;2.0 x 1.25 x 0.9 (W9);image/capacitors40189.png;capacitors\T58\T58.pdf;None
T58;Enlarge;Polymer;SMD, molded;SMD, molded;10 µF;6.3;500;1.6 x 0.85 x 0.9 (MM);image/capacitors40189.png;capacitors\T58\T58.pdf;None
T58;Enlarge;Polymer;SMD, molded;SMD, molded;47 µF;16;200;3.5 x 2.8 x 2 (BB);image/capacitors40189.png;capacitors\T58\T58.pdf;None
T58;Enlarge;Polymer;SMD, molded;SMD, molded;47 µF;6.3;200;2.0 x 1.25 x 0.9 (W9);image/capacitors40189.png;capacitors\T58\T58.pdf;None
T58;Enlarge;Polymer;SMD, molded;SMD, molded;10 µF;6.3;300;1.6 x 0.85 x 0.9 (MM);image/capacitors40189.png;capacitors\T58\T58.pdf;None
T58;Enlarge;Polymer;SMD, molded;SMD, molded;47 µF;16;90;3.5 x 2.8 x 2 (BB);image/capacitors40189.png;capacitors\T58\T58.pdf;None
T58;Enlarge;Polymer;SMD, molded;SMD, molded;100 µF;6.3;200;3.2 x 1.6 x 1 (A0);image/capacitors40189.png;capacitors\T58\T58.pdf;None
T58;Enlarge;Polymer;SMD, molded;SMD, molded;22 µF;6.3;500;1.6 x 0.85 x 0.9 (MM);image/capacitors40189.png;capacitors\T58\T58.pdf;None
T58;Enlarge;Polymer;SMD, molded;SMD, molded;4.7 µF;25;500;2.0 x 1.25 x 1 (W0);image/capacitors40189.png;capacitors\T58\T58.pdf;None
T58;Enlarge;Polymer;SMD, molded;SMD, molded;47 µF;8.2;500;2.0 x 1.25 x 1 (W0);image/capacitors40189.png;capacitors\T58\T58.pdf;None
T59;Enlarge;Polymer;SMD, molded;SMD, molded;47 µF;50;70;;image/capacitors40191.png;capacitors\T59\T59.pdf;None
T59;Enlarge;Polymer;SMD, molded;SMD, molded;47 µF;35;55;;image/capacitors40191.png;capacitors\T59\T59.pdf;None
T59;Enlarge;Polymer;SMD, molded;SMD, molded;470 µF;16;20;;image/capacitors40191.png;capacitors\T59\T59.pdf;None
T59;Enlarge;Polymer;SMD, molded;SMD, molded;47 µF;50;55;;image/capacitors40191.png;capacitors\T59\T59.pdf;None
T59;Enlarge;Polymer;SMD, molded;SMD, molded;150 µF;35;100;;image/capacitors40191.png;capacitors\T59\T59.pdf;None
T59;Enlarge;Polymer;SMD, molded;SMD, molded;150 µF;30;150;;image/capacitors40191.png;capacitors\T59\T59.pdf;None
T59;Enlarge;Polymer;SMD, molded;SMD, molded;15 µF;63;100;;image/capacitors40191.png;capacitors\T59\T59.pdf;None
T59;Enlarge;Polymer;SMD, molded;SMD, molded;150 µF;35;50;;image/capacitors40191.png;capacitors\T59\T59.pdf;None
T59;Enlarge;Polymer;SMD, molded;SMD, molded;150 µF;30;75;;image/capacitors40191.png;capacitors\T59\T59.pdf;None
T59;Enlarge;Polymer;SMD, molded;SMD, molded;220 µF;16;25;;image/capacitors40191.png;capacitors\T59\T59.pdf;None
T59;Enlarge;Polymer;SMD, molded;SMD, molded;22 µF;63;100;;image/capacitors40191.png;capacitors\T59\T59.pdf;None
T59;Enlarge;Polymer;SMD, molded;SMD, molded;22 µF;50;100;;image/capacitors40191.png;capacitors\T59\T59.pdf;None
T59;Enlarge;Polymer;SMD, molded;SMD, molded;150 µF;30;50;;image/capacitors40191.png;capacitors\T59\T59.pdf;None
T59;Enlarge;Polymer;SMD, molded;SMD, molded;330 µF;16;25;;image/capacitors40191.png;capacitors\T59\T59.pdf;None
T59;Enlarge;Polymer;SMD, molded;SMD, molded;15 µF;75;100;;image/capacitors40191.png;capacitors\T59\T59.pdf;None
T59;Enlarge;Polymer;SMD, molded;SMD, molded;47 µF;50;100;;image/capacitors40191.png;capacitors\T59\T59.pdf;None
T59;Enlarge;Polymer;SMD, molded;SMD, molded;47 µF;35;70;;image/capacitors40191.png;capacitors\T59\T59.pdf;None
T59;Enlarge;Polymer;SMD, molded;SMD, molded;470 µF;16;25;;image/capacitors40191.png;capacitors\T59\T59.pdf;None
T59;Enlarge;Polymer;SMD, molded;SMD, molded;22 µF;75;100;;image/capacitors40191.png;capacitors\T59\T59.pdf;None
