Part Number;Product Image;Package;Reverse WorkingVoltage(V);Capacitance(pF);LeakageCurrent(µA);Peak Pulse Current8/20 µs (*10/1000 µs)acc. IEC 61000-4-5(A);Peak PulsePower 8/20 µsacc. IEC 61000-4-5(W);ProtectableLines;ESD Immunityacc. IEC 61000-4-2(kV);Max. OperatingJunction Temperature(°C);AEC-Q101Qualified;Image path;Datasheet part;3d model part
GMF05C-HSF;Enlarge;LLP75-6L;5;126;1;12;200;5;± 30;125;No;image/diodes/81731.png;Datasheet/diodes/esd-protection/GMF05C-HSF/GMF05C-HSF.pdf;Datasheet/diodes/esd-protection/GMF05C-HSF/GMF05C-HSF.zip
GSOT03;Enlarge;SOT-23;3.3;420;100;30;369;1;± 30;125;Yes;image/diodes/85807.png;Datasheet/diodes/esd-protection/GSOT03/GSOT03.pdf;Datasheet/diodes/esd-protection/GSOT03/GSOT03.zip
GSOT03C;Enlarge;SOT-23;3.3;420;100;30;369;2;± 30;150;Yes;image/diodes/85824.png;Datasheet/diodes/esd-protection/GSOT03C/GSOT03C.pdf;Datasheet/diodes/esd-protection/GSOT03C/GSOT03C.zip
GSOT04;Enlarge;SOT-23;4;310;20;30;429;1;± 30;125;Yes;image/diodes/85807.png;Datasheet/diodes/esd-protection/GSOT04/GSOT04.pdf;Datasheet/diodes/esd-protection/GSOT04/GSOT04.zip
GSOT04C;Enlarge;SOT-23;4;310;20;30;429;2;± 30;150;Yes;image/diodes/85824.png;Datasheet/diodes/esd-protection/GSOT04C/GSOT04C.pdf;Datasheet/diodes/esd-protection/GSOT04C/GSOT04C.zip
GSOT05;Enlarge;SOT-23;5;260;10;30;480;1;± 30;125;Yes;image/diodes/85807.png;Datasheet/diodes/esd-protection/GSOT05/GSOT05.pdf;Datasheet/diodes/esd-protection/GSOT05/GSOT05.zip
GSOT05C;Enlarge;SOT-23;5;260;10;30;480;2;± 30;150;Yes;image/diodes/85824.png;Datasheet/diodes/esd-protection/GSOT05C/GSOT05C.pdf;Datasheet/diodes/esd-protection/GSOT05C/GSOT05C.zip
GSOT08;Enlarge;SOT-23;8;160;5;18;345;1;± 30;125;Yes;image/diodes/85807.png;Datasheet/diodes/esd-protection/GSOT08/GSOT08.pdf;Datasheet/diodes/esd-protection/GSOT08/GSOT08.zip
GSOT08C;Enlarge;SOT-23;8;160;5;18;345;2;± 30;150;Yes;image/diodes/85824.png;Datasheet/diodes/esd-protection/GSOT08C/GSOT08C.pdf;Datasheet/diodes/esd-protection/GSOT08C/GSOT08C.zip
GSOT12;Enlarge;SOT-23;12;115;1;12;312;1;± 30;125;Yes;image/diodes/85807.png;Datasheet/diodes/esd-protection/GSOT12/GSOT12.pdf;Datasheet/diodes/esd-protection/GSOT12/GSOT12.zip
GSOT12C;Enlarge;SOT-23;12;115;1;12;312;2;± 30;150;Yes;image/diodes/85824.png;Datasheet/diodes/esd-protection/GSOT12C/GSOT12C.pdf;Datasheet/diodes/esd-protection/GSOT12C/GSOT12C.zip
GSOT15;Enlarge;SOT-23;15;90;1;8;230;1;± 30;125;Yes;image/diodes/85807.png;Datasheet/diodes/esd-protection/GSOT15/GSOT15.pdf;Datasheet/diodes/esd-protection/GSOT15/GSOT15.zip
GSOT15C;Enlarge;SOT-23;15;90;1;8;345;2;± 30;150;Yes;image/diodes/85824.png;Datasheet/diodes/esd-protection/GSOT15C/GSOT15C.pdf;Datasheet/diodes/esd-protection/GSOT15C/GSOT15C.zip
GSOT24;Enlarge;SOT-23;24;65;1;5;235;1;± 30;125;Yes;image/diodes/85807.png;Datasheet/diodes/esd-protection/GSOT24/GSOT24.pdf;Datasheet/diodes/esd-protection/GSOT24/GSOT24.zip
GSOT24C;Enlarge;SOT-23;24;65;1;5;235;2;± 30;150;Yes;image/diodes/85824.png;Datasheet/diodes/esd-protection/GSOT24C/GSOT24C.pdf;Datasheet/diodes/esd-protection/GSOT24C/GSOT24C.zip
GSOT36;Enlarge;SOT-23;36;52;1;3.5;248;1;± 30;125;Yes;image/diodes/85807.png;Datasheet/diodes/esd-protection/GSOT36/GSOT36.pdf;Datasheet/diodes/esd-protection/GSOT36/GSOT36.zip
GSOT36C;Enlarge;SOT-23;36;52;1;3.5;248;2;± 30;150;Yes;image/diodes/85824.png;Datasheet/diodes/esd-protection/GSOT36C/GSOT36C.pdf;Datasheet/diodes/esd-protection/GSOT36C/GSOT36C.zip
SMF10A;Enlarge;SMF (DO-219AB);10;562;0.1;11.8;1000;1;± 30;175;Yes;image/diodes/85881.png;Datasheet/diodes/esd-protection/SMF10A/SMF10A.pdf;Datasheet/diodes/esd-protection/SMF10A/SMF10A.zip
SMF10A;Enlarge;SMF (DO-219AB);10;562;0.1;11.8;1000;1;± 30;175;Yes;image/diodes/86330.png;Datasheet/diodes/esd-protection/SMF10A/SMF10A.pdf;Datasheet/diodes/esd-protection/SMF10A/SMF10A.zip
SMF11A;Enlarge;SMF (DO-219AB);11;509;0.1;11;1000;1;± 30;175;Yes;image/diodes/85881.png;Datasheet/diodes/esd-protection/SMF11A/SMF11A.pdf;Datasheet/diodes/esd-protection/SMF11A/SMF11A.zip
SMF11A;Enlarge;SMF (DO-219AB);11;509;0.1;11;1000;1;± 30;175;Yes;image/diodes/86330.png;Datasheet/diodes/esd-protection/SMF11A/SMF11A.pdf;Datasheet/diodes/esd-protection/SMF11A/SMF11A.zip
SMF12A;Enlarge;SMF (DO-219AB);12;483;0.1;10.1;1000;1;± 30;175;Yes;image/diodes/85881.png;Datasheet/diodes/esd-protection/SMF12A/SMF12A.pdf;Datasheet/diodes/esd-protection/SMF12A/SMF12A.zip
SMF12A;Enlarge;SMF (DO-219AB);12;483;0.1;10.1;1000;1;± 30;175;Yes;image/diodes/86330.png;Datasheet/diodes/esd-protection/SMF12A/SMF12A.pdf;Datasheet/diodes/esd-protection/SMF12A/SMF12A.zip
SMF13A;Enlarge;SMF (DO-219AB);13;423;0.1;9.3;1000;1;± 30;175;Yes;image/diodes/85881.png;Datasheet/diodes/esd-protection/SMF13A/SMF13A.pdf;Datasheet/diodes/esd-protection/SMF13A/SMF13A.zip
SMF13A;Enlarge;SMF (DO-219AB);13;423;0.1;9.3;1000;1;± 30;175;Yes;image/diodes/86330.png;Datasheet/diodes/esd-protection/SMF13A/SMF13A.pdf;Datasheet/diodes/esd-protection/SMF13A/SMF13A.zip
SMF14A;Enlarge;SMF (DO-219AB);14;392;0.1;8.6;1000;1;± 30;175;Yes;image/diodes/85881.png;Datasheet/diodes/esd-protection/SMF14A/SMF14A.pdf;Datasheet/diodes/esd-protection/SMF14A/SMF14A.zip
SMF14A;Enlarge;SMF (DO-219AB);14;392;0.1;8.6;1000;1;± 30;175;Yes;image/diodes/86330.png;Datasheet/diodes/esd-protection/SMF14A/SMF14A.pdf;Datasheet/diodes/esd-protection/SMF14A/SMF14A.zip
SMF15A;Enlarge;SMF (DO-219AB);15;367;0.1;8.2;1000;1;± 30;175;Yes;image/diodes/85881.png;Datasheet/diodes/esd-protection/SMF15A/SMF15A.pdf;Datasheet/diodes/esd-protection/SMF15A/SMF15A.zip
SMF15A;Enlarge;SMF (DO-219AB);15;367;0.1;8.2;1000;1;± 30;175;Yes;image/diodes/86330.png;Datasheet/diodes/esd-protection/SMF15A/SMF15A.pdf;Datasheet/diodes/esd-protection/SMF15A/SMF15A.zip
SMF16A;Enlarge;SMF (DO-219AB);16;343;0.1;7.7;1000;1;± 30;175;Yes;image/diodes/85881.png;Datasheet/diodes/esd-protection/SMF16A/SMF16A.pdf;Datasheet/diodes/esd-protection/SMF16A/SMF16A.zip
SMF16A;Enlarge;SMF (DO-219AB);16;343;0.1;7.7;1000;1;± 30;175;Yes;image/diodes/86330.png;Datasheet/diodes/esd-protection/SMF16A/SMF16A.pdf;Datasheet/diodes/esd-protection/SMF16A/SMF16A.zip
SMF17A;Enlarge;SMF (DO-219AB);17;324;0.1;7.2;1000;1;± 30;175;Yes;image/diodes/85881.png;Datasheet/diodes/esd-protection/SMF17A/SMF17A.pdf;Datasheet/diodes/esd-protection/SMF17A/SMF17A.zip
SMF17A;Enlarge;SMF (DO-219AB);17;324;0.1;7.2;1000;1;± 30;175;Yes;image/diodes/86330.png;Datasheet/diodes/esd-protection/SMF17A/SMF17A.pdf;Datasheet/diodes/esd-protection/SMF17A/SMF17A.zip
SMF18A;Enlarge;SMF (DO-219AB);18;320;0.1;6.8;1000;1;± 30;175;Yes;image/diodes/85881.png;Datasheet/diodes/esd-protection/SMF18A/SMF18A.pdf;Datasheet/diodes/esd-protection/SMF18A/SMF18A.zip
SMF18A;Enlarge;SMF (DO-219AB);18;320;0.1;6.8;1000;1;± 30;175;Yes;image/diodes/86330.png;Datasheet/diodes/esd-protection/SMF18A/SMF18A.pdf;Datasheet/diodes/esd-protection/SMF18A/SMF18A.zip
SMF20A;Enlarge;SMF (DO-219AB);20;283;0.1;6.2;1000;1;± 30;175;Yes;image/diodes/85881.png;Datasheet/diodes/esd-protection/SMF20A/SMF20A.pdf;Datasheet/diodes/esd-protection/SMF20A/SMF20A.zip
SMF20A;Enlarge;SMF (DO-219AB);20;283;0.1;6.2;1000;1;± 30;175;Yes;image/diodes/86330.png;Datasheet/diodes/esd-protection/SMF20A/SMF20A.pdf;Datasheet/diodes/esd-protection/SMF20A/SMF20A.zip
SMF22A;Enlarge;SMF (DO-219AB);22;271;0.1;5.6;1000;1;± 30;175;Yes;image/diodes/85881.png;Datasheet/diodes/esd-protection/SMF22A/SMF22A.pdf;Datasheet/diodes/esd-protection/SMF22A/SMF22A.zip
SMF22A;Enlarge;SMF (DO-219AB);22;271;0.1;5.6;1000;1;± 30;175;Yes;image/diodes/86330.png;Datasheet/diodes/esd-protection/SMF22A/SMF22A.pdf;Datasheet/diodes/esd-protection/SMF22A/SMF22A.zip
SMF24A;Enlarge;SMF (DO-219AB);24;244;0.1;5.1;1000;1;± 30;175;Yes;image/diodes/85881.png;Datasheet/diodes/esd-protection/SMF24A/SMF24A.pdf;Datasheet/diodes/esd-protection/SMF24A/SMF24A.zip
SMF24A;Enlarge;SMF (DO-219AB);24;244;0.1;5.1;1000;1;± 30;175;Yes;image/diodes/86330.png;Datasheet/diodes/esd-protection/SMF24A/SMF24A.pdf;Datasheet/diodes/esd-protection/SMF24A/SMF24A.zip
SMF26A;Enlarge;SMF (DO-219AB);26;230;0.1;4.8;1000;1;± 30;175;Yes;image/diodes/85881.png;Datasheet/diodes/esd-protection/SMF26A/SMF26A.pdf;Datasheet/diodes/esd-protection/SMF26A/SMF26A.zip
SMF26A;Enlarge;SMF (DO-219AB);26;230;0.1;4.8;1000;1;± 30;175;Yes;image/diodes/86330.png;Datasheet/diodes/esd-protection/SMF26A/SMF26A.pdf;Datasheet/diodes/esd-protection/SMF26A/SMF26A.zip
SMF28A;Enlarge;SMF (DO-219AB);28;227;0.1;4.4;1000;1;± 30;175;Yes;image/diodes/85881.png;Datasheet/diodes/esd-protection/SMF28A/SMF28A.pdf;Datasheet/diodes/esd-protection/SMF28A/SMF28A.zip
SMF28A;Enlarge;SMF (DO-219AB);28;227;0.1;4.4;1000;1;± 30;175;Yes;image/diodes/86330.png;Datasheet/diodes/esd-protection/SMF28A/SMF28A.pdf;Datasheet/diodes/esd-protection/SMF28A/SMF28A.zip
SMF30A;Enlarge;SMF (DO-219AB);30;207;0.1;4.1;1000;1;± 30;175;Yes;image/diodes/85881.png;Datasheet/diodes/esd-protection/SMF30A/SMF30A.pdf;Datasheet/diodes/esd-protection/SMF30A/SMF30A.zip
SMF30A;Enlarge;SMF (DO-219AB);30;207;0.1;4.1;1000;1;± 30;175;Yes;image/diodes/86330.png;Datasheet/diodes/esd-protection/SMF30A/SMF30A.pdf;Datasheet/diodes/esd-protection/SMF30A/SMF30A.zip
SMF33A;Enlarge;SMF (DO-219AB);33;198;0.1;3.8;1000;1;± 30;175;Yes;image/diodes/85881.png;Datasheet/diodes/esd-protection/SMF33A/SMF33A.pdf;Datasheet/diodes/esd-protection/SMF33A/SMF33A.zip
SMF33A;Enlarge;SMF (DO-219AB);33;198;0.1;3.8;1000;1;± 30;175;Yes;image/diodes/86330.png;Datasheet/diodes/esd-protection/SMF33A/SMF33A.pdf;Datasheet/diodes/esd-protection/SMF33A/SMF33A.zip
SMF36A;Enlarge;SMF (DO-219AB);36;178;0.1;3.4;1000;1;± 30;175;Yes;image/diodes/85881.png;Datasheet/diodes/esd-protection/SMF36A/SMF36A.pdf;Datasheet/diodes/esd-protection/SMF36A/SMF36A.zip
SMF36A;Enlarge;SMF (DO-219AB);36;178;0.1;3.4;1000;1;± 30;175;Yes;image/diodes/86330.png;Datasheet/diodes/esd-protection/SMF36A/SMF36A.pdf;Datasheet/diodes/esd-protection/SMF36A/SMF36A.zip
SMF40A;Enlarge;SMF (DO-219AB);40;172;0.1;3.1;1000;1;± 30;175;Yes;image/diodes/85881.png;Datasheet/diodes/esd-protection/SMF40A/SMF40A.pdf;Datasheet/diodes/esd-protection/SMF40A/SMF40A.zip
SMF40A;Enlarge;SMF (DO-219AB);40;172;0.1;3.1;1000;1;± 30;175;Yes;image/diodes/86330.png;Datasheet/diodes/esd-protection/SMF40A/SMF40A.pdf;Datasheet/diodes/esd-protection/SMF40A/SMF40A.zip
SMF43A;Enlarge;SMF (DO-219AB);43;165;0.1;2.9;1000;1;± 30;175;Yes;image/diodes/85881.png;Datasheet/diodes/esd-protection/SMF43A/SMF43A.pdf;Datasheet/diodes/esd-protection/SMF43A/SMF43A.zip
SMF43A;Enlarge;SMF (DO-219AB);43;165;0.1;2.9;1000;1;± 30;175;Yes;image/diodes/86330.png;Datasheet/diodes/esd-protection/SMF43A/SMF43A.pdf;Datasheet/diodes/esd-protection/SMF43A/SMF43A.zip
SMF45A;Enlarge;SMF (DO-219AB);45;162;0.1;2.8;1000;1;± 30;175;Yes;image/diodes/85881.png;Datasheet/diodes/esd-protection/SMF45A/SMF45A.pdf;Datasheet/diodes/esd-protection/SMF45A/SMF45A.zip
SMF45A;Enlarge;SMF (DO-219AB);45;162;0.1;2.8;1000;1;± 30;175;Yes;image/diodes/86330.png;Datasheet/diodes/esd-protection/SMF45A/SMF45A.pdf;Datasheet/diodes/esd-protection/SMF45A/SMF45A.zip
SMF48A;Enlarge;SMF (DO-219AB);48;161;0.1;2.6;1000;1;± 30;175;Yes;image/diodes/85881.png;Datasheet/diodes/esd-protection/SMF48A/SMF48A.pdf;Datasheet/diodes/esd-protection/SMF48A/SMF48A.zip
SMF48A;Enlarge;SMF (DO-219AB);48;161;0.1;2.6;1000;1;± 30;175;Yes;image/diodes/86330.png;Datasheet/diodes/esd-protection/SMF48A/SMF48A.pdf;Datasheet/diodes/esd-protection/SMF48A/SMF48A.zip
SMF51A;Enlarge;SMF (DO-219AB);51;151;0.1;2.4;1000;1;± 30;175;Yes;image/diodes/85881.png;Datasheet/diodes/esd-protection/SMF51A/SMF51A.pdf;Datasheet/diodes/esd-protection/SMF51A/SMF51A.zip
SMF51A;Enlarge;SMF (DO-219AB);51;151;0.1;2.4;1000;1;± 30;175;Yes;image/diodes/86330.png;Datasheet/diodes/esd-protection/SMF51A/SMF51A.pdf;Datasheet/diodes/esd-protection/SMF51A/SMF51A.zip
SMF54A;Enlarge;SMF (DO-219AB);54;148;0.1;2.25;1000;1;± 30;175;Yes;image/diodes/85881.png;Datasheet/diodes/esd-protection/SMF54A/SMF54A.pdf;Datasheet/diodes/esd-protection/SMF54A/SMF54A.zip
SMF54A;Enlarge;SMF (DO-219AB);54;148;0.1;2.25;1000;1;± 30;175;Yes;image/diodes/86330.png;Datasheet/diodes/esd-protection/SMF54A/SMF54A.pdf;Datasheet/diodes/esd-protection/SMF54A/SMF54A.zip
SMF58A;Enlarge;SMF (DO-219AB);58;144;0.1;2.1;1000;1;± 30;175;Yes;image/diodes/85881.png;Datasheet/diodes/esd-protection/SMF58A/SMF58A.pdf;Datasheet/diodes/esd-protection/SMF58A/SMF58A.zip
SMF58A;Enlarge;SMF (DO-219AB);58;144;0.1;2.1;1000;1;± 30;175;Yes;image/diodes/86330.png;Datasheet/diodes/esd-protection/SMF58A/SMF58A.pdf;Datasheet/diodes/esd-protection/SMF58A/SMF58A.zip
SMF5V0A;Enlarge;SMF (DO-219AB);5;1120;5;21.7;1000;1;± 30;175;Yes;image/diodes/85881.png;Datasheet/diodes/esd-protection/SMF5V0A/SMF5V0A.pdf;Datasheet/diodes/esd-protection/SMF5V0A/SMF5V0A.zip
SMF5V0A;Enlarge;SMF (DO-219AB);5;1120;5;21.7;1000;1;± 30;175;Yes;image/diodes/86330.png;Datasheet/diodes/esd-protection/SMF5V0A/SMF5V0A.pdf;Datasheet/diodes/esd-protection/SMF5V0A/SMF5V0A.zip
SMF6V0A;Enlarge;SMF (DO-219AB);6;1063;26;19.4;1000;1;± 30;175;Yes;image/diodes/85881.png;Datasheet/diodes/esd-protection/SMF6V0A/SMF6V0A.pdf;Datasheet/diodes/esd-protection/SMF6V0A/SMF6V0A.zip
SMF6V0A;Enlarge;SMF (DO-219AB);6;1063;26;19.4;1000;1;± 30;175;Yes;image/diodes/86330.png;Datasheet/diodes/esd-protection/SMF6V0A/SMF6V0A.pdf;Datasheet/diodes/esd-protection/SMF6V0A/SMF6V0A.zip
SMF6V5A;Enlarge;SMF (DO-219AB);6.5;938;20;17.9;1000;1;± 30;175;Yes;image/diodes/85881.png;Datasheet/diodes/esd-protection/SMF6V5A/SMF6V5A.pdf;Datasheet/diodes/esd-protection/SMF6V5A/SMF6V5A.zip
SMF6V5A;Enlarge;SMF (DO-219AB);6.5;938;20;17.9;1000;1;± 30;175;Yes;image/diodes/86330.png;Datasheet/diodes/esd-protection/SMF6V5A/SMF6V5A.pdf;Datasheet/diodes/esd-protection/SMF6V5A/SMF6V5A.zip
SMF7V0A;Enlarge;SMF (DO-219AB);7;843;3;16.7;1000;1;± 30;175;Yes;image/diodes/85881.png;Datasheet/diodes/esd-protection/SMF7V0A/SMF7V0A.pdf;Datasheet/diodes/esd-protection/SMF7V0A/SMF7V0A.zip
SMF7V0A;Enlarge;SMF (DO-219AB);7;843;3;16.7;1000;1;± 30;175;Yes;image/diodes/86330.png;Datasheet/diodes/esd-protection/SMF7V0A/SMF7V0A.pdf;Datasheet/diodes/esd-protection/SMF7V0A/SMF7V0A.zip
SMF7V5A;Enlarge;SMF (DO-219AB);7.5;773;0.1;15.5;1000;1;± 30;175;Yes;image/diodes/85881.png;Datasheet/diodes/esd-protection/SMF7V5A/SMF7V5A.pdf;Datasheet/diodes/esd-protection/SMF7V5A/SMF7V5A.zip
SMF7V5A;Enlarge;SMF (DO-219AB);7.5;773;0.1;15.5;1000;1;± 30;175;Yes;image/diodes/86330.png;Datasheet/diodes/esd-protection/SMF7V5A/SMF7V5A.pdf;Datasheet/diodes/esd-protection/SMF7V5A/SMF7V5A.zip
SMF8V0A;Enlarge;SMF (DO-219AB);8;706;0.1;14.7;1000;1;± 30;175;Yes;image/diodes/85881.png;Datasheet/diodes/esd-protection/SMF8V0A/SMF8V0A.pdf;Datasheet/diodes/esd-protection/SMF8V0A/SMF8V0A.zip
SMF8V0A;Enlarge;SMF (DO-219AB);8;706;0.1;14.7;1000;1;± 30;175;Yes;image/diodes/86330.png;Datasheet/diodes/esd-protection/SMF8V0A/SMF8V0A.pdf;Datasheet/diodes/esd-protection/SMF8V0A/SMF8V0A.zip
SMF8V5A;Enlarge;SMF (DO-219AB);8.5;674;0.1;13.9;1000;1;± 30;175;Yes;image/diodes/85881.png;Datasheet/diodes/esd-protection/SMF8V5A/SMF8V5A.pdf;Datasheet/diodes/esd-protection/SMF8V5A/SMF8V5A.zip
SMF8V5A;Enlarge;SMF (DO-219AB);8.5;674;0.1;13.9;1000;1;± 30;175;Yes;image/diodes/86330.png;Datasheet/diodes/esd-protection/SMF8V5A/SMF8V5A.pdf;Datasheet/diodes/esd-protection/SMF8V5A/SMF8V5A.zip
SMF9V0A;Enlarge;SMF (DO-219AB);9;640;0.1;13.5;1000;1;± 30;175;Yes;image/diodes/85881.png;Datasheet/diodes/esd-protection/SMF9V0A/SMF9V0A.pdf;Datasheet/diodes/esd-protection/SMF9V0A/SMF9V0A.zip
SMF9V0A;Enlarge;SMF (DO-219AB);9;640;0.1;13.5;1000;1;± 30;175;Yes;image/diodes/86330.png;Datasheet/diodes/esd-protection/SMF9V0A/SMF9V0A.pdf;Datasheet/diodes/esd-protection/SMF9V0A/SMF9V0A.zip
VBUS03B1-SD0;Enlarge;CLP0603-2L;3.3;0.29;0.05;2.5;45;1;± 16;150;No;image/diodes/85908.png;Datasheet/diodes/esd-protection/VBUS03B1-SD0/VBUS03B1-SD0.pdf;Datasheet/diodes/esd-protection/VBUS03B1-SD0/VBUS03B1-SD0.zip
VBUS03N1-DD1;Enlarge;DFN1006-2B;3.3;0.36;0.1;4;90;1;± 16;150;Yes;image/diodes/86204.png;Datasheet/diodes/esd-protection/VBUS03N1-DD1/VBUS03N1-DD1.pdf;Datasheet/diodes/esd-protection/VBUS03N1-DD1/VBUS03N1-DD1.zip
VBUS03N1-HD1;Enlarge;DFN1006-2A;3.3;0.7;0.1;4;60;1;± 16;150;Yes;image/diodes/86205.png;Datasheet/diodes/esd-protection/VBUS03N1-HD1/VBUS03N1-HD1.pdf;Datasheet/diodes/esd-protection/VBUS03N1-HD1/VBUS03N1-HD1.zip
VBUS052BD-HTF;Enlarge;LLP75-4L;5;1.5;0.1;3;45;2;± 15;125;No;image/diodes/81788.png;Datasheet/diodes/esd-protection/VBUS052BD-HTF/VBUS052BD-HTF.pdf;Datasheet/diodes/esd-protection/VBUS052BD-HTF/VBUS052BD-HTF.zip
VBUS052CD-FAH;Enlarge;LLP1713-7L;5;0.8;0.1;3.5;63;2;± 15;125;No;image/diodes/81881.png;Datasheet/diodes/esd-protection/VBUS052CD-FAH/VBUS052CD-FAH.pdf;Datasheet/diodes/esd-protection/VBUS052CD-FAH/VBUS052CD-FAH.zip
VBUS053AZ-HAF;Enlarge;LLP75-7L;5.5;0.7;0.085;3;36;3;± 15;125;No;image/diodes/81845.png;Datasheet/diodes/esd-protection/VBUS053AZ-HAF/VBUS053AZ-HAF.pdf;Datasheet/diodes/esd-protection/VBUS053AZ-HAF/VBUS053AZ-HAF.zip
VBUS053CZ-HAF;Enlarge;LLP75-7L;5.5;0.7;0.02;3;54;3;± 15;125;No;image/diodes/85200.png;Datasheet/diodes/esd-protection/VBUS053CZ-HAF/VBUS053CZ-HAF.pdf;Datasheet/diodes/esd-protection/VBUS053CZ-HAF/VBUS053CZ-HAF.zip
VBUS054B-HSF;Enlarge;LLP75-6L;5;0.8;0.1;3;45;4;± 15;125;No;image/diodes/81624.png;Datasheet/diodes/esd-protection/VBUS054B-HSF/VBUS054B-HSF.pdf;Datasheet/diodes/esd-protection/VBUS054B-HSF/VBUS054B-HSF.zip
VBUS054DD-HF4;Enlarge;LLP1010-5L;5;0.8;0.1;3;57;4;± 15;125;No;image/diodes/81928.png;Datasheet/diodes/esd-protection/VBUS054DD-HF4/VBUS054DD-HF4.pdf;Datasheet/diodes/esd-protection/VBUS054DD-HF4/VBUS054DD-HF4.zip
VBUS05B1-SD0;Enlarge;CLP0603-2L;5.5;0.29;0.05;2.5;45;1;± 16;150;No;image/diodes/85899.png;Datasheet/diodes/esd-protection/VBUS05B1-SD0/VBUS05B1-SD0.pdf;Datasheet/diodes/esd-protection/VBUS05B1-SD0/VBUS05B1-SD0.zip
VBUS05L1-DD1;Enlarge;LLP1006-2M;5.5;0.33;0.05;2;34;1;± 15;125;No;image/diodes/81188.png;Datasheet/diodes/esd-protection/VBUS05L1-DD1/VBUS05L1-DD1.pdf;Datasheet/diodes/esd-protection/VBUS05L1-DD1/VBUS05L1-DD1.zip
VBUS05M1-02V;Enlarge;SOD-523;5.5;0.7;0.1;4.5;70;1;± 18;150;Yes;image/diodes/86127.png;Datasheet/diodes/esd-protection/VBUS05M1-02V/VBUS05M1-02V.pdf;Datasheet/diodes/esd-protection/VBUS05M1-02V/VBUS05M1-02V.zip
VBUS05M2-HT5;Enlarge;DFN1110-3A;5.5;0.37;0.1;3.4;60;2;± 20;150;Yes;image/diodes/86166.png;Datasheet/diodes/esd-protection/VBUS05M2-HT5/VBUS05M2-HT5.pdf;Datasheet/diodes/esd-protection/VBUS05M2-HT5/VBUS05M2-HT5.zip
VBUS05N1-DD1;Enlarge;DFN1006-2B;5.5;0.36;0.1;4;90;1;± 16;150;Yes;image/diodes/86202.png;Datasheet/diodes/esd-protection/VBUS05N1-DD1/VBUS05N1-DD1.pdf;Datasheet/diodes/esd-protection/VBUS05N1-DD1/VBUS05N1-DD1.zip
VBUS05N1-HD1;Enlarge;DFN1006-2A;5.5;0.7;0.1;4;60;1;± 16;150;Yes;image/diodes/86201.png;Datasheet/diodes/esd-protection/VBUS05N1-HD1/VBUS05N1-HD1.pdf;Datasheet/diodes/esd-protection/VBUS05N1-HD1/VBUS05N1-HD1.zip
VBUS54CV-HSF;Enlarge;LLP75-6L;5.5;1.2;0.1;11;242;4;± 30;125;No;image/diodes/84145.png;Datasheet/diodes/esd-protection/VBUS54CV-HSF/VBUS54CV-HSF.pdf;Datasheet/diodes/esd-protection/VBUS54CV-HSF/VBUS54CV-HSF.zip
VBUS54DD-HS4;Enlarge;LLP1010-6M;5.5;0.8;0.1;3;57;4;± 15;125;No;image/diodes/83384.png;Datasheet/diodes/esd-protection/VBUS54DD-HS4/VBUS54DD-HS4.pdf;Datasheet/diodes/esd-protection/VBUS54DD-HS4/VBUS54DD-HS4.zip
VCAN16A2-03G;Enlarge;SOT-323;16;15.5;0.05;5;140;2;± 30;175;Yes;image/diodes/86168.png;Datasheet/diodes/esd-protection/VCAN16A2-03G/VCAN16A2-03G.pdf;Datasheet/diodes/esd-protection/VCAN16A2-03G/VCAN16A2-03G.zip
VCAN16A2-03S;Enlarge;SOT-23;16;16.7;0.05;5;145;2;± 30;150;Yes;image/diodes/86206.png;Datasheet/diodes/esd-protection/VCAN16A2-03S/VCAN16A2-03S.pdf;None
VCAN18A2-03S;Enlarge;SOT-23;18;14.7;0.05;3.6;120;2;± 30;150;Yes;image/diodes/86310.png;Datasheet/diodes/esd-protection/VCAN18A2-03S/VCAN18A2-03S.pdf;None
VCAN24A2-HT5;Enlarge;DFN1110-3A;24;7.8;0.05;2.5;100;2;± 30;150;Yes;image/diodes/86309.png;Datasheet/diodes/esd-protection/VCAN24A2-HT5/VCAN24A2-HT5.pdf;Datasheet/diodes/esd-protection/VCAN24A2-HT5/VCAN24A2-HT5.zip
VCAN26A2-03G;Enlarge;SOT-323;26.5;10;0.05;3;150;2;± 30;175;Yes;image/diodes/85894.png;Datasheet/diodes/esd-protection/VCAN26A2-03G/VCAN26A2-03G.pdf;Datasheet/diodes/esd-protection/VCAN26A2-03G/VCAN26A2-03G.zip
VCAN26A2-03S;Enlarge;SOT-23;26.5;10;0.05;3;150;2;± 30;150;Yes;image/diodes/86324.png;Datasheet/diodes/esd-protection/VCAN26A2-03S/VCAN26A2-03S.pdf;None
VCAN26C2-03G;Enlarge;SOT-323;26.5;7.6;0.05;2.5;110;2;±30;175;Yes;image/diodes/86183.png;Datasheet/diodes/esd-protection/VCAN26C2-03G/VCAN26C2-03G.pdf;Datasheet/diodes/esd-protection/VCAN26C2-03G/VCAN26C2-03G.zip
VCAN33A2-03G;Enlarge;SOT-323;33;8.4;0.05;2.5;140;2;± 30;175;Yes;image/diodes/86152.png;Datasheet/diodes/esd-protection/VCAN33A2-03G/VCAN33A2-03G.pdf;Datasheet/diodes/esd-protection/VCAN33A2-03G/VCAN33A2-03G.zip
VCAN33A2-03S;Enlarge;SOT-23;33;8.7;0.05;2.7;150;2;± 30;150;Yes;image/diodes/86323.png;Datasheet/diodes/esd-protection/VCAN33A2-03S/VCAN33A2-03S.pdf;Datasheet/diodes/esd-protection/VCAN33A2-03S/VCAN33A2-03S.zip
VCAN33A2-HT5;Enlarge;DFN1110-3A;33;6;0.05;1.6;82;2;± 20;150;Yes;image/diodes/86544.png;Datasheet/diodes/esd-protection/VCAN33A2-HT5/VCAN33A2-HT5.pdf;Datasheet/diodes/esd-protection/VCAN33A2-HT5/VCAN33A2-HT5.zip
VCAN33C2-03G;Enlarge;SOT-323;33;6;0.05;2;120;2;± 30;175;Yes;image/diodes/86311.png;Datasheet/diodes/esd-protection/VCAN33C2-03G/VCAN33C2-03G.pdf;None
VCAN36A2-03G;Enlarge;SOT-323;36;8;0.05;2.4;150;2;± 30;175;Yes;image/diodes/86164.png;Datasheet/diodes/esd-protection/VCAN36A2-03G/VCAN36A2-03G.pdf;None
VCAN36A2-03S;Enlarge;SOT-23;36;8;0.05;2.4;150;2;± 30;150;Yes;image/diodes/86207.png;Datasheet/diodes/esd-protection/VCAN36A2-03S/VCAN36A2-03S.pdf;None
VCAN36A2-HT5;Enlarge;DFN1110-3A;36;5.6;0.05;1.6;92;2;± 20;150;Yes;image/diodes/86320.png;Datasheet/diodes/esd-protection/VCAN36A2-HT5/VCAN36A2-HT5.pdf;Datasheet/diodes/esd-protection/VCAN36A2-HT5/VCAN36A2-HT5.zip
VCAN36C2-03G;Enlarge;SOT-323;36;5.5;0.05;1.8;120;2;± 27;175;Yes;image/diodes/86312.png;Datasheet/diodes/esd-protection/VCAN36C2-03G/VCAN36C2-03G.pdf;None
VCUT03B1-DD1;Enlarge;LLP1006-2M;3.5;12.5;0.1;3.5;40;1;± 18;125;No;image/diodes/81148.png;Datasheet/diodes/esd-protection/VCUT03B1-DD1/VCUT03B1-DD1.pdf;Datasheet/diodes/esd-protection/VCUT03B1-DD1/VCUT03B1-DD1.zip
VCUT03G1-SD0;Enlarge;CLP0603-2L;3.3;13;0.1;6;78;1;± 30;150;Yes;image/diodes/86315.png;Datasheet/diodes/esd-protection/VCUT03G1-SD0/VCUT03G1-SD0.pdf;None
VCUT0505B-HD1;Enlarge;LLP1006-2L;5;18;0.1;3.5;56;1;± 20;125;No;image/diodes/81852.png;Datasheet/diodes/esd-protection/VCUT0505B-HD1/VCUT0505B-HD1.pdf;Datasheet/diodes/esd-protection/VCUT0505B-HD1/VCUT0505B-HD1.zip
VCUT05B1-DD1;Enlarge;LLP1006-2M;5.5;10;0.1;3;38;1;± 30;145;No;image/diodes/81149.png;Datasheet/diodes/esd-protection/VCUT05B1-DD1/VCUT05B1-DD1.pdf;Datasheet/diodes/esd-protection/VCUT05B1-DD1/VCUT05B1-DD1.zip
VCUT05G1-SD0;Enlarge;CLP0603-2L;5.5;13;0.1;6;78;1;± 30;150;Yes;image/diodes/86190.png;Datasheet/diodes/esd-protection/VCUT05G1-SD0/VCUT05G1-SD0.pdf;None
VCUT0714A-HD1;Enlarge;LLP1006-2L;14;8;0.1;5;63;1;± 25;125;No;image/diodes/81801.png;Datasheet/diodes/esd-protection/VCUT0714A-HD1/VCUT0714A-HD1.pdf;Datasheet/diodes/esd-protection/VCUT0714A-HD1/VCUT0714A-HD1.zip
VCUT0714A02V;Enlarge;SOD-523;14;8;0.1;4.6;70;1;± 25;150;Yes;image/diodes/86128.png;Datasheet/diodes/esd-protection/VCUT0714A02V/VCUT0714A02V.pdf;Datasheet/diodes/esd-protection/VCUT0714A02V/VCUT0714A02V.zip
VCUT0714BHD1;Enlarge;DFN1006-2A;14;8;0.1;3.6;50;1;± 25;150;Yes;image/diodes/86177.png;Datasheet/diodes/esd-protection/VCUT0714BHD1/VCUT0714BHD1.pdf;Datasheet/diodes/esd-protection/VCUT0714BHD1/VCUT0714BHD1.zip
VCUT07B1-HD1;Enlarge;LLP1006-2L;7;14;0.1;4;60;1;± 30;125;No;image/diodes/84137.png;Datasheet/diodes/esd-protection/VCUT07B1-HD1/VCUT07B1-HD1.pdf;Datasheet/diodes/esd-protection/VCUT07B1-HD1/VCUT07B1-HD1.zip
VCUT10G1-SD0;Enlarge;CLP0603-2L;10;7.7;0.05;4;72;1;± 24;150;Yes;image/diodes/86316.png;Datasheet/diodes/esd-protection/VCUT10G1-SD0/VCUT10G1-SD0.pdf;None
VCUT15G1-SD0;Enlarge;CLP0603-2L;15;5.5;0.05;2.5;65;1;± 15;150;Yes;image/diodes/86317.png;Datasheet/diodes/esd-protection/VCUT15G1-SD0/VCUT15G1-SD0.pdf;None
VESD01A2-03G-G3;Enlarge;SOT-323;1;192;100;11;70;2;30;150;Yes;image/diodes/86150.png;Datasheet/diodes/esd-protection/VESD01A2-03G-G3/VESD01A2-03G-G3.pdf;Datasheet/diodes/esd-protection/VESD01A2-03G-G3/VESD01A2-03G-G3.zip
VESD01C1-02V;Enlarge;SOD-523;1;192;100;11;70;1;30;150;Yes;image/diodes/86130.png;Datasheet/diodes/esd-protection/VESD01C1-02V/VESD01C1-02V.pdf;Datasheet/diodes/esd-protection/VESD01C1-02V/VESD01C1-02V.zip
VESD01C1-HD1;Enlarge;DFN1006-2A;1;192;100;11;100;1;30;150;Yes;image/diodes/86185.png;Datasheet/diodes/esd-protection/VESD01C1-HD1/VESD01C1-HD1.pdf;Datasheet/diodes/esd-protection/VESD01C1-HD1/VESD01C1-HD1.zip
VESD03A1B-HD1;Enlarge;LLP1006-2L;3.3;25;0.5;3.5;31;1;± 30;125;No;image/diodes/81851.png;Datasheet/diodes/esd-protection/VESD03A1B-HD1/VESD03A1B-HD1.pdf;Datasheet/diodes/esd-protection/VESD03A1B-HD1/VESD03A1B-HD1.zip
VESD03A1C-HD1;Enlarge;LLP1006-2L;3.3;78;1;9.5;95;1;± 30;125;No;image/diodes/81797.png;Datasheet/diodes/esd-protection/VESD03A1C-HD1/VESD03A1C-HD1.pdf;Datasheet/diodes/esd-protection/VESD03A1C-HD1/VESD03A1C-HD1.zip
VESD03A2-03G-G3;Enlarge;SOT-323;1;192;100;11;70;2;30;150;Yes;image/diodes/86150.png;Datasheet/diodes/esd-protection/VESD03A2-03G-G3/VESD03A2-03G-G3.pdf;Datasheet/diodes/esd-protection/VESD03A2-03G-G3/VESD03A2-03G-G3.zip
VESD03C1-02V;Enlarge;SOD-523;3;112;20;11.6;100;1;30;150;Yes;image/diodes/86130.png;Datasheet/diodes/esd-protection/VESD03C1-02V/VESD03C1-02V.pdf;Datasheet/diodes/esd-protection/VESD03C1-02V/VESD03C1-02V.zip
VESD03C1-HD1;Enlarge;DFN1006-2A;3;112;80;11.6;100;1;30;150;Yes;image/diodes/86185.png;Datasheet/diodes/esd-protection/VESD03C1-HD1/VESD03C1-HD1.pdf;Datasheet/diodes/esd-protection/VESD03C1-HD1/VESD03C1-HD1.zip
VESD05A1-02V (-G3-;Enlarge;SOD-523;5;130;1;16;192;1;± 30;150;Yes;image/diodes/86129.png;Datasheet/diodes/esd-protection/VESD05A1-02V (-G3-/VESD05A1-02V (-G3-.pdf;Datasheet/diodes/esd-protection/VESD05A1-02V (-G3-/VESD05A1-02V (-G3-.zip
VESD05A1A-HD1;Enlarge;LLP1006-2L;5;130;1;16;192;1;± 30;125;No;image/diodes/81800.png;Datasheet/diodes/esd-protection/VESD05A1A-HD1/VESD05A1A-HD1.pdf;Datasheet/diodes/esd-protection/VESD05A1A-HD1/VESD05A1A-HD1.zip
VESD05A1B-HD1;Enlarge;LLP1006-2L;5;19;0.1;3;33;1;± 30;125;No;image/diodes/81796.png;Datasheet/diodes/esd-protection/VESD05A1B-HD1/VESD05A1B-HD1.pdf;Datasheet/diodes/esd-protection/VESD05A1B-HD1/VESD05A1B-HD1.zip
VESD05A1C-HD1;Enlarge;LLP1006-2L;5;63;0.2;8;80;1;± 30;125;No;image/diodes/81798.png;Datasheet/diodes/esd-protection/VESD05A1C-HD1/VESD05A1C-HD1.pdf;Datasheet/diodes/esd-protection/VESD05A1C-HD1/VESD05A1C-HD1.zip
VESD05A2-03G-G3;Enlarge;SOT-323;1;192;100;11;70;2;30;150;Yes;image/diodes/86150.png;Datasheet/diodes/esd-protection/VESD05A2-03G-G3/VESD05A2-03G-G3.pdf;Datasheet/diodes/esd-protection/VESD05A2-03G-G3/VESD05A2-03G-G3.zip
VESD05A5A-HSF;Enlarge;LLP75-6L;5;13;0.1;2.5;33;5;± 15;125;No;image/diodes/81655.png;Datasheet/diodes/esd-protection/VESD05A5A-HSF/VESD05A5A-HSF.pdf;Datasheet/diodes/esd-protection/VESD05A5A-HSF/VESD05A5A-HSF.zip
VESD05A6-HAF;Enlarge;LLP75-7L;5;40;1;5;60;6;± 30;125;No;image/diodes/81311.png;Datasheet/diodes/esd-protection/VESD05A6-HAF/VESD05A6-HAF.pdf;Datasheet/diodes/esd-protection/VESD05A6-HAF/VESD05A6-HAF.zip
VESD05A6A-HAF;Enlarge;LLP75-7L;5;13;0.1;2.5;33;6;± 15;125;No;image/diodes/81880.png;Datasheet/diodes/esd-protection/VESD05A6A-HAF/VESD05A6A-HAF.pdf;Datasheet/diodes/esd-protection/VESD05A6A-HAF/VESD05A6A-HAF.zip
VESD05A8A-HNH;Enlarge;LLP1713-9L;5;30;1;5;65;8;± 25;125;No;image/diodes/81629.png;Datasheet/diodes/esd-protection/VESD05A8A-HNH/VESD05A8A-HNH.pdf;Datasheet/diodes/esd-protection/VESD05A8A-HNH/VESD05A8A-HNH.zip
VESD05B1-02V;Enlarge;SOD-523;5;19;0.1;3.5;40;1;± 30;150;Yes;image/diodes/86124.png;Datasheet/diodes/esd-protection/VESD05B1-02V/VESD05B1-02V.pdf;Datasheet/diodes/esd-protection/VESD05B1-02V/VESD05B1-02V.zip
VESD05C1-02V;Enlarge;SOD-523;5;67;0.1;8.7;100;1;30;150;Yes;image/diodes/86130.png;Datasheet/diodes/esd-protection/VESD05C1-02V/VESD05C1-02V.pdf;None
VESD05C1-HD1;Enlarge;DFN1006-2A;5;67;0.1;8.7;100;1;30;150;Yes;image/diodes/86185.png;Datasheet/diodes/esd-protection/VESD05C1-HD1/VESD05C1-HD1.pdf;Datasheet/diodes/esd-protection/VESD05C1-HD1/VESD05C1-HD1.zip
VESD08A2-03G-G3;Enlarge;SOT-323;1;192;100;11;70;2;30;150;Yes;image/diodes/86150.png;Datasheet/diodes/esd-protection/VESD08A2-03G-G3/VESD08A2-03G-G3.pdf;Datasheet/diodes/esd-protection/VESD08A2-03G-G3/VESD08A2-03G-G3.zip
VESD08C1-02V;Enlarge;SOD-523;8;47;0.1;6.6;100;1;30;150;Yes;image/diodes/86130.png;Datasheet/diodes/esd-protection/VESD08C1-02V/VESD08C1-02V.pdf;Datasheet/diodes/esd-protection/VESD08C1-02V/VESD08C1-02V.zip
VESD08C1-HD1;Enlarge;DFN1006-2A;8;47;0.1;6.6;100;1;30;150;Yes;image/diodes/86185.png;Datasheet/diodes/esd-protection/VESD08C1-HD1/VESD08C1-HD1.pdf;Datasheet/diodes/esd-protection/VESD08C1-HD1/VESD08C1-HD1.zip
VESD12A2-03G-G3;Enlarge;SOT-323;1;192;100;11;70;2;30;150;Yes;image/diodes/86150.png;Datasheet/diodes/esd-protection/VESD12A2-03G-G3/VESD12A2-03G-G3.pdf;Datasheet/diodes/esd-protection/VESD12A2-03G-G3/VESD12A2-03G-G3.zip
VESD12C1-02V;Enlarge;SOD-523;12;33;0.1;4.4;100;1;30;150;Yes;image/diodes/86130.png;Datasheet/diodes/esd-protection/VESD12C1-02V/VESD12C1-02V.pdf;Datasheet/diodes/esd-protection/VESD12C1-02V/VESD12C1-02V.zip
VESD12C1-HD1;Enlarge;DFN1006-2A;12;33;0.1;4.4;100;1;30;150;Yes;image/diodes/86185.png;Datasheet/diodes/esd-protection/VESD12C1-HD1/VESD12C1-HD1.pdf;Datasheet/diodes/esd-protection/VESD12C1-HD1/VESD12C1-HD1.zip
VESD16A2-03G-G3;Enlarge;SOT-323;1;192;100;11;70;2;30;150;Yes;image/diodes/86150.png;Datasheet/diodes/esd-protection/VESD16A2-03G-G3/VESD16A2-03G-G3.pdf;Datasheet/diodes/esd-protection/VESD16A2-03G-G3/VESD16A2-03G-G3.zip
VESD16C1-02V;Enlarge;SOD-523;16;27;0.1;3.6;100;1;30;150;Yes;image/diodes/86130.png;Datasheet/diodes/esd-protection/VESD16C1-02V/VESD16C1-02V.pdf;Datasheet/diodes/esd-protection/VESD16C1-02V/VESD16C1-02V.zip
VESD16C1-HD1;Enlarge;DFN1006-2A;16;27;0.1;3.6;100;1;30;150;Yes;image/diodes/86185.png;Datasheet/diodes/esd-protection/VESD16C1-HD1/VESD16C1-HD1.pdf;Datasheet/diodes/esd-protection/VESD16C1-HD1/VESD16C1-HD1.zip
VESD24E1-HD1;Enlarge;DFN1006-2A;24;28;0.05;4;175;1;30;150;Yes;image/diodes/86221.png;Datasheet/diodes/esd-protection/VESD24E1-HD1/VESD24E1-HD1.pdf;Datasheet/diodes/esd-protection/VESD24E1-HD1/VESD24E1-HD1.zip
VESD26A2-03G-G3;Enlarge;SOT-323;1;192;100;11;70;2;30;150;Yes;image/diodes/86150.png;Datasheet/diodes/esd-protection/VESD26A2-03G-G3/VESD26A2-03G-G3.pdf;Datasheet/diodes/esd-protection/VESD26A2-03G-G3/VESD26A2-03G-G3.zip
VESD26C1-02V;Enlarge;SOD-523;26;17.5;0.1;2.1;100;1;20;150;Yes;image/diodes/86130.png;Datasheet/diodes/esd-protection/VESD26C1-02V/VESD26C1-02V.pdf;Datasheet/diodes/esd-protection/VESD26C1-02V/VESD26C1-02V.zip
VESD26C1-HD1;Enlarge;DFN1006-2A;26;17.5;0.1;2.1;100;1;20;150;Yes;image/diodes/86185.png;Datasheet/diodes/esd-protection/VESD26C1-HD1/VESD26C1-HD1.pdf;Datasheet/diodes/esd-protection/VESD26C1-HD1/VESD26C1-HD1.zip
VESD33A2-03G-G3;Enlarge;SOT-323;1;192;100;11;70;2;30;150;Yes;image/diodes/86150.png;Datasheet/diodes/esd-protection/VESD33A2-03G-G3/VESD33A2-03G-G3.pdf;Datasheet/diodes/esd-protection/VESD33A2-03G-G3/VESD33A2-03G-G3.zip
VESD33C1-02V;Enlarge;SOD-523;33;15;0.1;1.6;100;1;15;150;Yes;image/diodes/86130.png;Datasheet/diodes/esd-protection/VESD33C1-02V/VESD33C1-02V.pdf;Datasheet/diodes/esd-protection/VESD33C1-02V/VESD33C1-02V.zip
VESD33C1-HD1;Enlarge;DFN1006-2A;33;15;0.1;1.6;100;1;15;150;Yes;image/diodes/86185.png;Datasheet/diodes/esd-protection/VESD33C1-HD1/VESD33C1-HD1.pdf;Datasheet/diodes/esd-protection/VESD33C1-HD1/VESD33C1-HD1.zip
VETH100A1DD1;Enlarge;DFN1006-2B;24;1.7;0.1;0;0;1;15;150;Yes;image/diodes/86195.png;Datasheet/diodes/esd-protection/VETH100A1DD1/VETH100A1DD1.pdf;None
VETH100A203S;Enlarge;SOT-23;24;1.75;0.1;0;0;2;15;150;Yes;image/diodes/86319.png;Datasheet/diodes/esd-protection/VETH100A203S/VETH100A203S.pdf;None
VLIN1616-02G;Enlarge;SOD-323;16;18;0.05;6;200;1;± 30;150;Yes;image/diodes/85924.png;Datasheet/diodes/esd-protection/VLIN1616-02G/VLIN1616-02G.pdf;Datasheet/diodes/esd-protection/VLIN1616-02G/VLIN1616-02G.zip
VLIN1616-DD1;Enlarge;DFN1006-2B;16;21;0.05;5;160;1;30;150;Yes;image/diodes/86218.png;Datasheet/diodes/esd-protection/VLIN1616-DD1/VLIN1616-DD1.pdf;None
VLIN1626-02G;Enlarge;SOD-323;16;15.5;0.05;6;200;1;± 30;150;Yes;image/diodes/85902.png;Datasheet/diodes/esd-protection/VLIN1626-02G/VLIN1626-02G.pdf;Datasheet/diodes/esd-protection/VLIN1626-02G/VLIN1626-02G.zip
VLIN1626-DD1;Enlarge;DFN1006-2B;16;16;0.05;5;160;1;30;150;Yes;image/diodes/86554.png;Datasheet/diodes/esd-protection/VLIN1626-DD1/VLIN1626-DD1.pdf;None
VLIN2626-02G;Enlarge;SOD-323;26.5;13.5;0.05;4;200;1;± 30;150;Yes;image/diodes/85915.png;Datasheet/diodes/esd-protection/VLIN2626-02G/VLIN2626-02G.pdf;Datasheet/diodes/esd-protection/VLIN2626-02G/VLIN2626-02G.zip
VLIN2626-DD1;Enlarge;DFN1006-2B;26;13.7;0.05;3.9;175;1;30;150;Yes;image/diodes/86555.png;Datasheet/diodes/esd-protection/VLIN2626-DD1/VLIN2626-DD1.pdf;None
VLIN26A1-03G;Enlarge;SOT-323;26.5;10;0.05;3;150;1;± 30;175;Yes;image/diodes/85895.png;Datasheet/diodes/esd-protection/VLIN26A1-03G/VLIN26A1-03G.pdf;Datasheet/diodes/esd-protection/VLIN26A1-03G/VLIN26A1-03G.zip
VLIN3333-02G;Enlarge;SOD-323;33;11;0.05;3.5;200;1;± 30;150;Yes;image/diodes/86169.png;Datasheet/diodes/esd-protection/VLIN3333-02G/VLIN3333-02G.pdf;None
VMMBZ16C1DD1;Enlarge;DFN1006-2B;14;14.5;0.01;4;108;1;30;150;Yes;image/diodes/86193.png;Datasheet/diodes/esd-protection/VMMBZ16C1DD1/VMMBZ16C1DD1.pdf;Datasheet/diodes/esd-protection/VMMBZ16C1DD1/VMMBZ16C1DD1.zip
VMMBZ16C1HD1;Enlarge;DFN1006-2A;14;29;0.01;4;108;1;30;150;Yes;image/diodes/86194.png;Datasheet/diodes/esd-protection/VMMBZ16C1HD1/VMMBZ16C1HD1.pdf;Datasheet/diodes/esd-protection/VMMBZ16C1HD1/VMMBZ16C1HD1.zip
VMMBZ33C1DD1;Enlarge;DFN1006-2B;28;8;0.01;1.7;100;1;15;150;Yes;image/diodes/86193.png;Datasheet/diodes/esd-protection/VMMBZ33C1DD1/VMMBZ33C1DD1.pdf;Datasheet/diodes/esd-protection/VMMBZ33C1DD1/VMMBZ33C1DD1.zip
VMMBZ33C1HD1;Enlarge;DFN1006-2A;28;16.1;0.01;1.7;100;1;15;150;Yes;image/diodes/86194.png;Datasheet/diodes/esd-protection/VMMBZ33C1HD1/VMMBZ33C1HD1.pdf;Datasheet/diodes/esd-protection/VMMBZ33C1HD1/VMMBZ33C1HD1.zip
