Series;Product Image;IF(AV)(A) at Ths/TC(°C);IFSMat 50 Hz(A);IFSMat 60 Hz(A);VRRM(V);trr(µs);TJ(°C);VFM(V);Package (JEDEC®) Code;Circuit Configuration;Image path;Datasheet part;3d model part
VS-12F(R) Series;Enlarge;12 at 144;265;280;1200;;-65 to +175;1.26;DO-4 (DO-203AA);Single;image/diodes/93487.png;Datasheet/diodes/med-high-diodes/VS-12F(R) Series/VS-12F(R) Series.pdf;None
VS-12F(R) Series;Enlarge;12 at 144;265;280;1000;;-65 to +175;1.26;DO-4 (DO-203AA);Single;image/diodes/93487.png;Datasheet/diodes/med-high-diodes/VS-12F(R) Series/VS-12F(R) Series.pdf;None
VS-12F(R) Series;Enlarge;12 at 144;265;280;800;;-65 to +175;1.26;DO-4 (DO-203AA);Single;image/diodes/93487.png;Datasheet/diodes/med-high-diodes/VS-12F(R) Series/VS-12F(R) Series.pdf;None
VS-12F(R) Series;Enlarge;12 at 144;265;280;600;;-65 to +175;1.26;DO-4 (DO-203AA);Single;image/diodes/93487.png;Datasheet/diodes/med-high-diodes/VS-12F(R) Series/VS-12F(R) Series.pdf;None
VS-12F(R) Series;Enlarge;12 at 144;265;280;400;;-65 to +175;1.26;DO-4 (DO-203AA);Single;image/diodes/93487.png;Datasheet/diodes/med-high-diodes/VS-12F(R) Series/VS-12F(R) Series.pdf;None
VS-12F(R) Series;Enlarge;12 at 144;265;280;200;;-65 to +175;1.26;DO-4 (DO-203AA);Single;image/diodes/93487.png;Datasheet/diodes/med-high-diodes/VS-12F(R) Series/VS-12F(R) Series.pdf;None
VS-12F(R) Series;Enlarge;12 at 144;265;280;100;;-65 to +175;1.26;DO-4 (DO-203AA);Single;image/diodes/93487.png;Datasheet/diodes/med-high-diodes/VS-12F(R) Series/VS-12F(R) Series.pdf;None
VS-150U(R).. Series;Enlarge;150 at 125;3000;3140;1200;;-40 to +180;1.47;DO-8 (DO-205AA);Single;image/diodes/93490.png;Datasheet/diodes/med-high-diodes/VS-150U(R).. Series/VS-150U(R).. Series.pdf;None
VS-150U(R).. Series;Enlarge;150 at 125;3000;3140;1000;;-40 to +180;1.47;DO-8 (DO-205AA);Single;image/diodes/93490.png;Datasheet/diodes/med-high-diodes/VS-150U(R).. Series/VS-150U(R).. Series.pdf;None
VS-150U(R).. Series;Enlarge;150 at 125;3000;3140;800;;-40 to +180;1.47;DO-8 (DO-205AA);Single;image/diodes/93490.png;Datasheet/diodes/med-high-diodes/VS-150U(R).. Series/VS-150U(R).. Series.pdf;None
VS-150U(R).. Series;Enlarge;150 at 125;3000;3140;600;;-40 to +180;1.47;DO-8 (DO-205AA);Single;image/diodes/93490.png;Datasheet/diodes/med-high-diodes/VS-150U(R).. Series/VS-150U(R).. Series.pdf;None
VS-16F(R) Series;Enlarge;16 at 140;350;370;1200;;-65 to +175;1.23;DO-4 (DO-203AA);Single;image/diodes/93491.png;Datasheet/diodes/med-high-diodes/VS-16F(R) Series/VS-16F(R) Series.pdf;None
VS-16F(R) Series;Enlarge;16 at 140;350;370;1000;;-65 to +175;1.23;DO-4 (DO-203AA);Single;image/diodes/93491.png;Datasheet/diodes/med-high-diodes/VS-16F(R) Series/VS-16F(R) Series.pdf;None
VS-16F(R) Series;Enlarge;16 at 140;350;370;800;;-65 to +175;1.23;DO-4 (DO-203AA);Single;image/diodes/93491.png;Datasheet/diodes/med-high-diodes/VS-16F(R) Series/VS-16F(R) Series.pdf;None
VS-16F(R) Series;Enlarge;16 at 140;350;370;600;;-65 to +175;1.23;DO-4 (DO-203AA);Single;image/diodes/93491.png;Datasheet/diodes/med-high-diodes/VS-16F(R) Series/VS-16F(R) Series.pdf;None
VS-16F(R) Series;Enlarge;16 at 140;350;370;400;;-65 to +175;1.23;DO-4 (DO-203AA);Single;image/diodes/93491.png;Datasheet/diodes/med-high-diodes/VS-16F(R) Series/VS-16F(R) Series.pdf;None
VS-16F(R) Series;Enlarge;16 at 140;350;370;200;;-65 to +175;1.23;DO-4 (DO-203AA);Single;image/diodes/93491.png;Datasheet/diodes/med-high-diodes/VS-16F(R) Series/VS-16F(R) Series.pdf;None
VS-16F(R) Series;Enlarge;16 at 140;350;370;100;;-65 to +175;1.23;DO-4 (DO-203AA);Single;image/diodes/93491.png;Datasheet/diodes/med-high-diodes/VS-16F(R) Series/VS-16F(R) Series.pdf;None
VS-1N1...A, VS-1N36..A Series;Enlarge;12 at 150;230;240;1000;;-65 to +200;1.35;DO-4 (DO-203AA);Single;image/diodes/93493.png;Datasheet/diodes/med-high-diodes/VS-1N1...A, VS-1N36..A Series/VS-1N1...A, VS-1N36..A Series.pdf;None
VS-1N1...A, VS-1N36..A Series;Enlarge;12 at 150;230;240;900;;-65 to +200;1.35;DO-4 (DO-203AA);Single;image/diodes/93493.png;Datasheet/diodes/med-high-diodes/VS-1N1...A, VS-1N36..A Series/VS-1N1...A, VS-1N36..A Series.pdf;None
VS-1N1...A, VS-1N36..A Series;Enlarge;12 at 150;230;240;800;;-65 to +200;1.35;DO-4 (DO-203AA);Single;image/diodes/93493.png;Datasheet/diodes/med-high-diodes/VS-1N1...A, VS-1N36..A Series/VS-1N1...A, VS-1N36..A Series.pdf;None
VS-1N1...A, VS-1N36..A Series;Enlarge;12 at 150;230;240;700;;-65 to +200;1.35;DO-4 (DO-203AA);Single;image/diodes/93493.png;Datasheet/diodes/med-high-diodes/VS-1N1...A, VS-1N36..A Series/VS-1N1...A, VS-1N36..A Series.pdf;None
VS-1N1...A, VS-1N36..A Series;Enlarge;12 at 150;230;240;600;;-65 to +200;1.35;DO-4 (DO-203AA);Single;image/diodes/93493.png;Datasheet/diodes/med-high-diodes/VS-1N1...A, VS-1N36..A Series/VS-1N1...A, VS-1N36..A Series.pdf;None
VS-1N1...A, VS-1N36..A Series;Enlarge;12 at 150;230;240;500;;-65 to +200;1.35;DO-4 (DO-203AA);Single;image/diodes/93493.png;Datasheet/diodes/med-high-diodes/VS-1N1...A, VS-1N36..A Series/VS-1N1...A, VS-1N36..A Series.pdf;None
VS-1N1...A, VS-1N36..A Series;Enlarge;12 at 150;230;240;400;;-65 to +200;1.35;DO-4 (DO-203AA);Single;image/diodes/93493.png;Datasheet/diodes/med-high-diodes/VS-1N1...A, VS-1N36..A Series/VS-1N1...A, VS-1N36..A Series.pdf;None
VS-1N1...A, VS-1N36..A Series;Enlarge;12 at 150;230;240;200;;-65 to +200;1.35;DO-4 (DO-203AA);Single;image/diodes/93493.png;Datasheet/diodes/med-high-diodes/VS-1N1...A, VS-1N36..A Series/VS-1N1...A, VS-1N36..A Series.pdf;None
VS-1N1...A, VS-1N36..A Series;Enlarge;12 at 150;230;240;300;;-65 to +200;1.35;DO-4 (DO-203AA);Single;image/diodes/93493.png;Datasheet/diodes/med-high-diodes/VS-1N1...A, VS-1N36..A Series/VS-1N1...A, VS-1N36..A Series.pdf;None
VS-1N1...A, VS-1N36..A Series;Enlarge;12 at 150;230;240;100;;-65 to +200;1.35;DO-4 (DO-203AA);Single;image/diodes/93493.png;Datasheet/diodes/med-high-diodes/VS-1N1...A, VS-1N36..A Series/VS-1N1...A, VS-1N36..A Series.pdf;None
VS-1N1...A, VS-1N36..A Series;Enlarge;12 at 150;230;240;150;;-65 to +200;1.35;DO-4 (DO-203AA);Single;image/diodes/93493.png;Datasheet/diodes/med-high-diodes/VS-1N1...A, VS-1N36..A Series/VS-1N1...A, VS-1N36..A Series.pdf;None
VS-1N1...A, VS-1N36..A Series;Enlarge;12 at 150;230;240;50;;-65 to +200;1.35;DO-4 (DO-203AA);Single;image/diodes/93493.png;Datasheet/diodes/med-high-diodes/VS-1N1...A, VS-1N36..A Series/VS-1N1...A, VS-1N36..A Series.pdf;None
VS-1N1183, VS-1N3765, VS-1N1183A, VS-1N2128A Series;Enlarge;35 at 140;480;500;50;;-65 to +200;1.7;DO-5 (DO-203AB);Single;image/diodes/93492.png;Datasheet/diodes/med-high-diodes/VS-1N1183, VS-1N3765, VS-1N1183A, VS-1N2128A Series/VS-1N1183, VS-1N3765, VS-1N1183A, VS-1N2128A Series.pdf;None
VS-1N1183, VS-1N3765, VS-1N1183A, VS-1N2128A Series;Enlarge;35 at 140;380;400;50;;-65 to +200;1.8;DO-5 (DO-203AB);Single;image/diodes/93492.png;Datasheet/diodes/med-high-diodes/VS-1N1183, VS-1N3765, VS-1N1183A, VS-1N2128A Series/VS-1N1183, VS-1N3765, VS-1N1183A, VS-1N2128A Series.pdf;None
VS-1N1183, VS-1N3765, VS-1N1183A, VS-1N2128A Series;Enlarge;40 at 150;765;800;50;;-65 to +200;1.3;DO-5 (DO-203AB);Single;image/diodes/93492.png;Datasheet/diodes/med-high-diodes/VS-1N1183, VS-1N3765, VS-1N1183A, VS-1N2128A Series/VS-1N1183, VS-1N3765, VS-1N1183A, VS-1N2128A Series.pdf;None
VS-1N1183, VS-1N3765, VS-1N1183A, VS-1N2128A Series;Enlarge;60 at 140;860;900;50;;-65 to +200;1.3;DO-5 (DO-203AB);Single;image/diodes/93492.png;Datasheet/diodes/med-high-diodes/VS-1N1183, VS-1N3765, VS-1N1183A, VS-1N2128A Series/VS-1N1183, VS-1N3765, VS-1N1183A, VS-1N2128A Series.pdf;None
VS-1N1183, VS-1N3765, VS-1N1183A, VS-1N2128A Series;Enlarge;35 at 140;480;500;100;;-65 to +200;1.7;DO-5 (DO-203AB);Single;image/diodes/93492.png;Datasheet/diodes/med-high-diodes/VS-1N1183, VS-1N3765, VS-1N1183A, VS-1N2128A Series/VS-1N1183, VS-1N3765, VS-1N1183A, VS-1N2128A Series.pdf;None
VS-1N1183, VS-1N3765, VS-1N1183A, VS-1N2128A Series;Enlarge;35 at 140;380;400;100;;-65 to +200;1.8;DO-5 (DO-203AB);Single;image/diodes/93492.png;Datasheet/diodes/med-high-diodes/VS-1N1183, VS-1N3765, VS-1N1183A, VS-1N2128A Series/VS-1N1183, VS-1N3765, VS-1N1183A, VS-1N2128A Series.pdf;None
VS-1N1183, VS-1N3765, VS-1N1183A, VS-1N2128A Series;Enlarge;40 at 150;765;800;100;;-65 to +200;1.3;DO-5 (DO-203AB);Single;image/diodes/93492.png;Datasheet/diodes/med-high-diodes/VS-1N1183, VS-1N3765, VS-1N1183A, VS-1N2128A Series/VS-1N1183, VS-1N3765, VS-1N1183A, VS-1N2128A Series.pdf;None
VS-1N1183, VS-1N3765, VS-1N1183A, VS-1N2128A Series;Enlarge;60 at 140;860;900;100;;-65 to +200;1.3;DO-5 (DO-203AB);Single;image/diodes/93492.png;Datasheet/diodes/med-high-diodes/VS-1N1183, VS-1N3765, VS-1N1183A, VS-1N2128A Series/VS-1N1183, VS-1N3765, VS-1N1183A, VS-1N2128A Series.pdf;None
VS-1N1183, VS-1N3765, VS-1N1183A, VS-1N2128A Series;Enlarge;35 at 140;480;500;150;;-65 to +200;1.7;DO-5 (DO-203AB);Single;image/diodes/93492.png;Datasheet/diodes/med-high-diodes/VS-1N1183, VS-1N3765, VS-1N1183A, VS-1N2128A Series/VS-1N1183, VS-1N3765, VS-1N1183A, VS-1N2128A Series.pdf;None
VS-1N1183, VS-1N3765, VS-1N1183A, VS-1N2128A Series;Enlarge;35 at 140;380;400;150;;-65 to +200;1.8;DO-5 (DO-203AB);Single;image/diodes/93492.png;Datasheet/diodes/med-high-diodes/VS-1N1183, VS-1N3765, VS-1N1183A, VS-1N2128A Series/VS-1N1183, VS-1N3765, VS-1N1183A, VS-1N2128A Series.pdf;None
VS-1N1183, VS-1N3765, VS-1N1183A, VS-1N2128A Series;Enlarge;40 at 150;765;800;150;;-65 to +200;1.3;DO-5 (DO-203AB);Single;image/diodes/93492.png;Datasheet/diodes/med-high-diodes/VS-1N1183, VS-1N3765, VS-1N1183A, VS-1N2128A Series/VS-1N1183, VS-1N3765, VS-1N1183A, VS-1N2128A Series.pdf;None
VS-1N1183, VS-1N3765, VS-1N1183A, VS-1N2128A Series;Enlarge;60 at 140;860;900;150;;-65 to +200;1.3;DO-5 (DO-203AB);Single;image/diodes/93492.png;Datasheet/diodes/med-high-diodes/VS-1N1183, VS-1N3765, VS-1N1183A, VS-1N2128A Series/VS-1N1183, VS-1N3765, VS-1N1183A, VS-1N2128A Series.pdf;None
VS-1N1183, VS-1N3765, VS-1N1183A, VS-1N2128A Series;Enlarge;35 at 140;480;500;200;;-65 to +200;1.7;DO-5 (DO-203AB);Single;image/diodes/93492.png;Datasheet/diodes/med-high-diodes/VS-1N1183, VS-1N3765, VS-1N1183A, VS-1N2128A Series/VS-1N1183, VS-1N3765, VS-1N1183A, VS-1N2128A Series.pdf;None
VS-1N1183, VS-1N3765, VS-1N1183A, VS-1N2128A Series;Enlarge;35 at 140;380;400;200;;-65 to +200;1.8;DO-5 (DO-203AB);Single;image/diodes/93492.png;Datasheet/diodes/med-high-diodes/VS-1N1183, VS-1N3765, VS-1N1183A, VS-1N2128A Series/VS-1N1183, VS-1N3765, VS-1N1183A, VS-1N2128A Series.pdf;None
VS-1N1183, VS-1N3765, VS-1N1183A, VS-1N2128A Series;Enlarge;40 at 150;765;800;200;;-65 to +200;1.3;DO-5 (DO-203AB);Single;image/diodes/93492.png;Datasheet/diodes/med-high-diodes/VS-1N1183, VS-1N3765, VS-1N1183A, VS-1N2128A Series/VS-1N1183, VS-1N3765, VS-1N1183A, VS-1N2128A Series.pdf;None
VS-1N1183, VS-1N3765, VS-1N1183A, VS-1N2128A Series;Enlarge;60 at 140;860;900;200;;-65 to +200;1.3;DO-5 (DO-203AB);Single;image/diodes/93492.png;Datasheet/diodes/med-high-diodes/VS-1N1183, VS-1N3765, VS-1N1183A, VS-1N2128A Series/VS-1N1183, VS-1N3765, VS-1N1183A, VS-1N2128A Series.pdf;None
VS-1N1183, VS-1N3765, VS-1N1183A, VS-1N2128A Series;Enlarge;35 at 140;480;500;300;;-65 to +200;1.7;DO-5 (DO-203AB);Single;image/diodes/93492.png;Datasheet/diodes/med-high-diodes/VS-1N1183, VS-1N3765, VS-1N1183A, VS-1N2128A Series/VS-1N1183, VS-1N3765, VS-1N1183A, VS-1N2128A Series.pdf;None
VS-1N1183, VS-1N3765, VS-1N1183A, VS-1N2128A Series;Enlarge;35 at 140;380;400;300;;-65 to +200;1.8;DO-5 (DO-203AB);Single;image/diodes/93492.png;Datasheet/diodes/med-high-diodes/VS-1N1183, VS-1N3765, VS-1N1183A, VS-1N2128A Series/VS-1N1183, VS-1N3765, VS-1N1183A, VS-1N2128A Series.pdf;None
VS-1N1183, VS-1N3765, VS-1N1183A, VS-1N2128A Series;Enlarge;40 at 150;765;800;300;;-65 to +200;1.3;DO-5 (DO-203AB);Single;image/diodes/93492.png;Datasheet/diodes/med-high-diodes/VS-1N1183, VS-1N3765, VS-1N1183A, VS-1N2128A Series/VS-1N1183, VS-1N3765, VS-1N1183A, VS-1N2128A Series.pdf;None
VS-1N1183, VS-1N3765, VS-1N1183A, VS-1N2128A Series;Enlarge;60 at 140;860;900;300;;-65 to +200;1.3;DO-5 (DO-203AB);Single;image/diodes/93492.png;Datasheet/diodes/med-high-diodes/VS-1N1183, VS-1N3765, VS-1N1183A, VS-1N2128A Series/VS-1N1183, VS-1N3765, VS-1N1183A, VS-1N2128A Series.pdf;None
VS-1N1183, VS-1N3765, VS-1N1183A, VS-1N2128A Series;Enlarge;35 at 140;480;500;400;;-65 to +200;1.7;DO-5 (DO-203AB);Single;image/diodes/93492.png;Datasheet/diodes/med-high-diodes/VS-1N1183, VS-1N3765, VS-1N1183A, VS-1N2128A Series/VS-1N1183, VS-1N3765, VS-1N1183A, VS-1N2128A Series.pdf;None
VS-1N1183, VS-1N3765, VS-1N1183A, VS-1N2128A Series;Enlarge;35 at 140;380;400;400;;-65 to +200;1.8;DO-5 (DO-203AB);Single;image/diodes/93492.png;Datasheet/diodes/med-high-diodes/VS-1N1183, VS-1N3765, VS-1N1183A, VS-1N2128A Series/VS-1N1183, VS-1N3765, VS-1N1183A, VS-1N2128A Series.pdf;None
VS-1N1183, VS-1N3765, VS-1N1183A, VS-1N2128A Series;Enlarge;40 at 150;765;800;400;;-65 to +200;1.3;DO-5 (DO-203AB);Single;image/diodes/93492.png;Datasheet/diodes/med-high-diodes/VS-1N1183, VS-1N3765, VS-1N1183A, VS-1N2128A Series/VS-1N1183, VS-1N3765, VS-1N1183A, VS-1N2128A Series.pdf;None
VS-1N1183, VS-1N3765, VS-1N1183A, VS-1N2128A Series;Enlarge;60 at 140;860;900;400;;-65 to +200;1.3;DO-5 (DO-203AB);Single;image/diodes/93492.png;Datasheet/diodes/med-high-diodes/VS-1N1183, VS-1N3765, VS-1N1183A, VS-1N2128A Series/VS-1N1183, VS-1N3765, VS-1N1183A, VS-1N2128A Series.pdf;None
VS-1N1183, VS-1N3765, VS-1N1183A, VS-1N2128A Series;Enlarge;35 at 140;480;500;500;;-65 to +200;1.7;DO-5 (DO-203AB);Single;image/diodes/93492.png;Datasheet/diodes/med-high-diodes/VS-1N1183, VS-1N3765, VS-1N1183A, VS-1N2128A Series/VS-1N1183, VS-1N3765, VS-1N1183A, VS-1N2128A Series.pdf;None
VS-1N1183, VS-1N3765, VS-1N1183A, VS-1N2128A Series;Enlarge;35 at 140;380;400;500;;-65 to +200;1.8;DO-5 (DO-203AB);Single;image/diodes/93492.png;Datasheet/diodes/med-high-diodes/VS-1N1183, VS-1N3765, VS-1N1183A, VS-1N2128A Series/VS-1N1183, VS-1N3765, VS-1N1183A, VS-1N2128A Series.pdf;None
VS-1N1183, VS-1N3765, VS-1N1183A, VS-1N2128A Series;Enlarge;40 at 150;765;800;500;;-65 to +200;1.3;DO-5 (DO-203AB);Single;image/diodes/93492.png;Datasheet/diodes/med-high-diodes/VS-1N1183, VS-1N3765, VS-1N1183A, VS-1N2128A Series/VS-1N1183, VS-1N3765, VS-1N1183A, VS-1N2128A Series.pdf;None
VS-1N1183, VS-1N3765, VS-1N1183A, VS-1N2128A Series;Enlarge;60 at 140;860;900;500;;-65 to +200;1.3;DO-5 (DO-203AB);Single;image/diodes/93492.png;Datasheet/diodes/med-high-diodes/VS-1N1183, VS-1N3765, VS-1N1183A, VS-1N2128A Series/VS-1N1183, VS-1N3765, VS-1N1183A, VS-1N2128A Series.pdf;None
VS-1N1183, VS-1N3765, VS-1N1183A, VS-1N2128A Series;Enlarge;35 at 140;480;500;600;;-65 to +200;1.7;DO-5 (DO-203AB);Single;image/diodes/93492.png;Datasheet/diodes/med-high-diodes/VS-1N1183, VS-1N3765, VS-1N1183A, VS-1N2128A Series/VS-1N1183, VS-1N3765, VS-1N1183A, VS-1N2128A Series.pdf;None
VS-1N1183, VS-1N3765, VS-1N1183A, VS-1N2128A Series;Enlarge;35 at 140;380;400;600;;-65 to +200;1.8;DO-5 (DO-203AB);Single;image/diodes/93492.png;Datasheet/diodes/med-high-diodes/VS-1N1183, VS-1N3765, VS-1N1183A, VS-1N2128A Series/VS-1N1183, VS-1N3765, VS-1N1183A, VS-1N2128A Series.pdf;None
VS-1N1183, VS-1N3765, VS-1N1183A, VS-1N2128A Series;Enlarge;40 at 150;765;800;600;;-65 to +200;1.3;DO-5 (DO-203AB);Single;image/diodes/93492.png;Datasheet/diodes/med-high-diodes/VS-1N1183, VS-1N3765, VS-1N1183A, VS-1N2128A Series/VS-1N1183, VS-1N3765, VS-1N1183A, VS-1N2128A Series.pdf;None
VS-1N1183, VS-1N3765, VS-1N1183A, VS-1N2128A Series;Enlarge;60 at 140;860;900;600;;-65 to +200;1.3;DO-5 (DO-203AB);Single;image/diodes/93492.png;Datasheet/diodes/med-high-diodes/VS-1N1183, VS-1N3765, VS-1N1183A, VS-1N2128A Series/VS-1N1183, VS-1N3765, VS-1N1183A, VS-1N2128A Series.pdf;None
VS-1N1183, VS-1N3765, VS-1N1183A, VS-1N2128A Series;Enlarge;35 at 140;480;500;700;;-65 to +200;1.7;DO-5 (DO-203AB);Single;image/diodes/93492.png;Datasheet/diodes/med-high-diodes/VS-1N1183, VS-1N3765, VS-1N1183A, VS-1N2128A Series/VS-1N1183, VS-1N3765, VS-1N1183A, VS-1N2128A Series.pdf;None
VS-1N1183, VS-1N3765, VS-1N1183A, VS-1N2128A Series;Enlarge;35 at 140;380;400;700;;-65 to +200;1.8;DO-5 (DO-203AB);Single;image/diodes/93492.png;Datasheet/diodes/med-high-diodes/VS-1N1183, VS-1N3765, VS-1N1183A, VS-1N2128A Series/VS-1N1183, VS-1N3765, VS-1N1183A, VS-1N2128A Series.pdf;None
VS-1N1183, VS-1N3765, VS-1N1183A, VS-1N2128A Series;Enlarge;40 at 150;765;800;700;;-65 to +200;1.3;DO-5 (DO-203AB);Single;image/diodes/93492.png;Datasheet/diodes/med-high-diodes/VS-1N1183, VS-1N3765, VS-1N1183A, VS-1N2128A Series/VS-1N1183, VS-1N3765, VS-1N1183A, VS-1N2128A Series.pdf;None
VS-1N1183, VS-1N3765, VS-1N1183A, VS-1N2128A Series;Enlarge;60 at 140;860;900;700;;-65 to +200;1.3;DO-5 (DO-203AB);Single;image/diodes/93492.png;Datasheet/diodes/med-high-diodes/VS-1N1183, VS-1N3765, VS-1N1183A, VS-1N2128A Series/VS-1N1183, VS-1N3765, VS-1N1183A, VS-1N2128A Series.pdf;None
VS-1N1183, VS-1N3765, VS-1N1183A, VS-1N2128A Series;Enlarge;35 at 140;480;500;800;;-65 to +200;1.7;DO-5 (DO-203AB);Single;image/diodes/93492.png;Datasheet/diodes/med-high-diodes/VS-1N1183, VS-1N3765, VS-1N1183A, VS-1N2128A Series/VS-1N1183, VS-1N3765, VS-1N1183A, VS-1N2128A Series.pdf;None
VS-1N1183, VS-1N3765, VS-1N1183A, VS-1N2128A Series;Enlarge;35 at 140;380;400;800;;-65 to +200;1.8;DO-5 (DO-203AB);Single;image/diodes/93492.png;Datasheet/diodes/med-high-diodes/VS-1N1183, VS-1N3765, VS-1N1183A, VS-1N2128A Series/VS-1N1183, VS-1N3765, VS-1N1183A, VS-1N2128A Series.pdf;None
VS-1N1183, VS-1N3765, VS-1N1183A, VS-1N2128A Series;Enlarge;40 at 150;765;800;800;;-65 to +200;1.3;DO-5 (DO-203AB);Single;image/diodes/93492.png;Datasheet/diodes/med-high-diodes/VS-1N1183, VS-1N3765, VS-1N1183A, VS-1N2128A Series/VS-1N1183, VS-1N3765, VS-1N1183A, VS-1N2128A Series.pdf;None
VS-1N1183, VS-1N3765, VS-1N1183A, VS-1N2128A Series;Enlarge;60 at 140;860;900;800;;-65 to +200;1.3;DO-5 (DO-203AB);Single;image/diodes/93492.png;Datasheet/diodes/med-high-diodes/VS-1N1183, VS-1N3765, VS-1N1183A, VS-1N2128A Series/VS-1N1183, VS-1N3765, VS-1N1183A, VS-1N2128A Series.pdf;None
VS-1N1183, VS-1N3765, VS-1N1183A, VS-1N2128A Series;Enlarge;35 at 140;480;500;900;;-65 to +200;1.7;DO-5 (DO-203AB);Single;image/diodes/93492.png;Datasheet/diodes/med-high-diodes/VS-1N1183, VS-1N3765, VS-1N1183A, VS-1N2128A Series/VS-1N1183, VS-1N3765, VS-1N1183A, VS-1N2128A Series.pdf;None
VS-1N1183, VS-1N3765, VS-1N1183A, VS-1N2128A Series;Enlarge;35 at 140;380;400;900;;-65 to +200;1.8;DO-5 (DO-203AB);Single;image/diodes/93492.png;Datasheet/diodes/med-high-diodes/VS-1N1183, VS-1N3765, VS-1N1183A, VS-1N2128A Series/VS-1N1183, VS-1N3765, VS-1N1183A, VS-1N2128A Series.pdf;None
VS-1N1183, VS-1N3765, VS-1N1183A, VS-1N2128A Series;Enlarge;40 at 150;765;800;900;;-65 to +200;1.3;DO-5 (DO-203AB);Single;image/diodes/93492.png;Datasheet/diodes/med-high-diodes/VS-1N1183, VS-1N3765, VS-1N1183A, VS-1N2128A Series/VS-1N1183, VS-1N3765, VS-1N1183A, VS-1N2128A Series.pdf;None
VS-1N1183, VS-1N3765, VS-1N1183A, VS-1N2128A Series;Enlarge;60 at 140;860;900;900;;-65 to +200;1.3;DO-5 (DO-203AB);Single;image/diodes/93492.png;Datasheet/diodes/med-high-diodes/VS-1N1183, VS-1N3765, VS-1N1183A, VS-1N2128A Series/VS-1N1183, VS-1N3765, VS-1N1183A, VS-1N2128A Series.pdf;None
VS-1N1183, VS-1N3765, VS-1N1183A, VS-1N2128A Series;Enlarge;35 at 140;480;500;1000;;-65 to +200;1.7;DO-5 (DO-203AB);Single;image/diodes/93492.png;Datasheet/diodes/med-high-diodes/VS-1N1183, VS-1N3765, VS-1N1183A, VS-1N2128A Series/VS-1N1183, VS-1N3765, VS-1N1183A, VS-1N2128A Series.pdf;None
VS-1N1183, VS-1N3765, VS-1N1183A, VS-1N2128A Series;Enlarge;35 at 140;380;400;1000;;-65 to +200;1.8;DO-5 (DO-203AB);Single;image/diodes/93492.png;Datasheet/diodes/med-high-diodes/VS-1N1183, VS-1N3765, VS-1N1183A, VS-1N2128A Series/VS-1N1183, VS-1N3765, VS-1N1183A, VS-1N2128A Series.pdf;None
VS-1N1183, VS-1N3765, VS-1N1183A, VS-1N2128A Series;Enlarge;40 at 150;765;800;1000;;-65 to +200;1.3;DO-5 (DO-203AB);Single;image/diodes/93492.png;Datasheet/diodes/med-high-diodes/VS-1N1183, VS-1N3765, VS-1N1183A, VS-1N2128A Series/VS-1N1183, VS-1N3765, VS-1N1183A, VS-1N2128A Series.pdf;None
VS-1N1183, VS-1N3765, VS-1N1183A, VS-1N2128A Series;Enlarge;60 at 140;860;900;1000;;-65 to +200;1.3;DO-5 (DO-203AB);Single;image/diodes/93492.png;Datasheet/diodes/med-high-diodes/VS-1N1183, VS-1N3765, VS-1N1183A, VS-1N2128A Series/VS-1N1183, VS-1N3765, VS-1N1183A, VS-1N2128A Series.pdf;None
VS-1N3208 Series;Enlarge;15 at 150;239;250;600;;-65 to +175;1.5;DO-5 (DO-203AB);Single;image/diodes/93496.png;Datasheet/diodes/med-high-diodes/VS-1N3208 Series/VS-1N3208 Series.pdf;None
VS-1N3208 Series;Enlarge;15 at 150;239;250;500;;-65 to +175;1.5;DO-5 (DO-203AB);Single;image/diodes/93496.png;Datasheet/diodes/med-high-diodes/VS-1N3208 Series/VS-1N3208 Series.pdf;None
VS-1N3208 Series;Enlarge;15 at 150;239;250;400;;-65 to +175;1.5;DO-5 (DO-203AB);Single;image/diodes/93496.png;Datasheet/diodes/med-high-diodes/VS-1N3208 Series/VS-1N3208 Series.pdf;None
VS-1N3208 Series;Enlarge;15 at 150;239;250;300;;-65 to +175;1.5;DO-5 (DO-203AB);Single;image/diodes/93496.png;Datasheet/diodes/med-high-diodes/VS-1N3208 Series/VS-1N3208 Series.pdf;None
VS-1N3208 Series;Enlarge;15 at 150;239;250;200;;-65 to +175;1.5;DO-5 (DO-203AB);Single;image/diodes/93496.png;Datasheet/diodes/med-high-diodes/VS-1N3208 Series/VS-1N3208 Series.pdf;None
VS-1N3208 Series;Enlarge;15 at 150;239;250;100;;-65 to +175;1.5;DO-5 (DO-203AB);Single;image/diodes/93496.png;Datasheet/diodes/med-high-diodes/VS-1N3208 Series/VS-1N3208 Series.pdf;None
VS-1N3208 Series;Enlarge;15 at 150;239;250;50;;-65 to +175;1.5;DO-5 (DO-203AB);Single;image/diodes/93496.png;Datasheet/diodes/med-high-diodes/VS-1N3208 Series/VS-1N3208 Series.pdf;None
VS-1N3879(R), VS-1N3889(R) Series;Enlarge;6 at 100;72;75;50;;-65 to +150;1.4;DO-4 (DO-203AA);Single;image/diodes/93144.png;Datasheet/diodes/med-high-diodes/VS-1N3879(R), VS-1N3889(R) Series/VS-1N3879(R), VS-1N3889(R) Series.pdf;None
VS-1N3879(R), VS-1N3889(R) Series;Enlarge;6 at 100;72;75;100;;-65 to +150;1.4;DO-4 (DO-203AA);Single;image/diodes/93144.png;Datasheet/diodes/med-high-diodes/VS-1N3879(R), VS-1N3889(R) Series/VS-1N3879(R), VS-1N3889(R) Series.pdf;None
VS-1N3879(R), VS-1N3889(R) Series;Enlarge;6 at 100;72;75;200;;-65 to +150;1.4;DO-4 (DO-203AA);Single;image/diodes/93144.png;Datasheet/diodes/med-high-diodes/VS-1N3879(R), VS-1N3889(R) Series/VS-1N3879(R), VS-1N3889(R) Series.pdf;None
VS-1N3879(R), VS-1N3889(R) Series;Enlarge;6 at 100;72;75;300;;-65 to +150;1.4;DO-4 (DO-203AA);Single;image/diodes/93144.png;Datasheet/diodes/med-high-diodes/VS-1N3879(R), VS-1N3889(R) Series/VS-1N3879(R), VS-1N3889(R) Series.pdf;None
VS-1N3879(R), VS-1N3889(R) Series;Enlarge;6 at 100;72;75;400;;-65 to +150;1.4;DO-4 (DO-203AA);Single;image/diodes/93144.png;Datasheet/diodes/med-high-diodes/VS-1N3879(R), VS-1N3889(R) Series/VS-1N3879(R), VS-1N3889(R) Series.pdf;None
VS-240U(R).. Series;Enlarge;320 at 100;4500;4700;1200;;-40 to +180;1.33;DO-9 (DO-205AB);Single;image/diodes/93504.png;Datasheet/diodes/med-high-diodes/VS-240U(R).. Series/VS-240U(R).. Series.pdf;None
VS-240U(R).. Series;Enlarge;320 at 100;4500;4700;1000;;-40 to +180;1.33;DO-9 (DO-205AB);Single;image/diodes/93504.png;Datasheet/diodes/med-high-diodes/VS-240U(R).. Series/VS-240U(R).. Series.pdf;None
VS-240U(R).. Series;Enlarge;320 at 100;4500;4700;800;;-40 to +180;1.33;DO-9 (DO-205AB);Single;image/diodes/93504.png;Datasheet/diodes/med-high-diodes/VS-240U(R).. Series/VS-240U(R).. Series.pdf;None
VS-240U(R).. Series;Enlarge;320 at 100;4500;4700;600;;-40 to +180;1.33;DO-9 (DO-205AB);Single;image/diodes/93504.png;Datasheet/diodes/med-high-diodes/VS-240U(R).. Series/VS-240U(R).. Series.pdf;None
VS-25F(R) Series;Enlarge;25 at 120;356;373;1200;;-65 to +175;1.30;DO-4 (DO-203AA);Single;image/diodes/93506.png;Datasheet/diodes/med-high-diodes/VS-25F(R) Series/VS-25F(R) Series.pdf;None
VS-25F(R) Series;Enlarge;25 at 120;356;373;1000;;-65 to +175;1.30;DO-4 (DO-203AA);Single;image/diodes/93506.png;Datasheet/diodes/med-high-diodes/VS-25F(R) Series/VS-25F(R) Series.pdf;None
VS-25F(R) Series;Enlarge;25 at 120;356;373;800;;-65 to +175;1.30;DO-4 (DO-203AA);Single;image/diodes/93506.png;Datasheet/diodes/med-high-diodes/VS-25F(R) Series/VS-25F(R) Series.pdf;None
VS-25F(R) Series;Enlarge;25 at 120;356;373;600;;-65 to +175;1.30;DO-4 (DO-203AA);Single;image/diodes/93506.png;Datasheet/diodes/med-high-diodes/VS-25F(R) Series/VS-25F(R) Series.pdf;None
VS-25F(R) Series;Enlarge;25 at 120;356;373;400;;-65 to +175;1.30;DO-4 (DO-203AA);Single;image/diodes/93506.png;Datasheet/diodes/med-high-diodes/VS-25F(R) Series/VS-25F(R) Series.pdf;None
VS-25F(R) Series;Enlarge;25 at 120;356;373;200;;-65 to +175;1.30;DO-4 (DO-203AA);Single;image/diodes/93506.png;Datasheet/diodes/med-high-diodes/VS-25F(R) Series/VS-25F(R) Series.pdf;None
VS-25F(R) Series;Enlarge;25 at 120;356;373;100;;-65 to +175;1.30;DO-4 (DO-203AA);Single;image/diodes/93506.png;Datasheet/diodes/med-high-diodes/VS-25F(R) Series/VS-25F(R) Series.pdf;None
VS-400U(R) Series;Enlarge;400 at 120;8250;8640;1600;;-40 to +200;1.62;DO-9 (DO-205AB);Single;image/diodes/93510.png;Datasheet/diodes/med-high-diodes/VS-400U(R) Series/VS-400U(R) Series.pdf;None
VS-400U(R) Series;Enlarge;400 at 120;8250;8640;1200;;-40 to +200;1.62;DO-9 (DO-205AB);Single;image/diodes/93510.png;Datasheet/diodes/med-high-diodes/VS-400U(R) Series/VS-400U(R) Series.pdf;None
VS-400U(R) Series;Enlarge;400 at 120;8250;8640;800;;-40 to +200;1.62;DO-9 (DO-205AB);Single;image/diodes/93510.png;Datasheet/diodes/med-high-diodes/VS-400U(R) Series/VS-400U(R) Series.pdf;None
VS-40HF(R) Series;Enlarge;40 at 110;570;595;1600;;-65 to +160;1.50;DO-5 (DO-203AB);Single;image/diodes/93513.png;Datasheet/diodes/med-high-diodes/VS-40HF(R) Series/VS-40HF(R) Series.pdf;None
VS-40HF(R) Series;Enlarge;40 at 140;570;595;1600;;-65 to +190;1.30;DO-5 (DO-203AB);Single;image/diodes/93513.png;Datasheet/diodes/med-high-diodes/VS-40HF(R) Series/VS-40HF(R) Series.pdf;None
VS-40HF(R) Series;Enlarge;40 at 110;570;595;1400;;-65 to +160;1.50;DO-5 (DO-203AB);Single;image/diodes/93513.png;Datasheet/diodes/med-high-diodes/VS-40HF(R) Series/VS-40HF(R) Series.pdf;None
VS-40HF(R) Series;Enlarge;40 at 140;570;595;1400;;-65 to +190;1.30;DO-5 (DO-203AB);Single;image/diodes/93513.png;Datasheet/diodes/med-high-diodes/VS-40HF(R) Series/VS-40HF(R) Series.pdf;None
VS-40HF(R) Series;Enlarge;40 at 110;570;595;1200;;-65 to +160;1.50;DO-5 (DO-203AB);Single;image/diodes/93513.png;Datasheet/diodes/med-high-diodes/VS-40HF(R) Series/VS-40HF(R) Series.pdf;None
VS-40HF(R) Series;Enlarge;40 at 140;570;595;1200;;-65 to +190;1.30;DO-5 (DO-203AB);Single;image/diodes/93513.png;Datasheet/diodes/med-high-diodes/VS-40HF(R) Series/VS-40HF(R) Series.pdf;None
VS-40HF(R) Series;Enlarge;40 at 110;570;595;1000;;-65 to +160;1.50;DO-5 (DO-203AB);Single;image/diodes/93513.png;Datasheet/diodes/med-high-diodes/VS-40HF(R) Series/VS-40HF(R) Series.pdf;None
VS-40HF(R) Series;Enlarge;40 at 140;570;595;1000;;-65 to +190;1.30;DO-5 (DO-203AB);Single;image/diodes/93513.png;Datasheet/diodes/med-high-diodes/VS-40HF(R) Series/VS-40HF(R) Series.pdf;None
VS-40HF(R) Series;Enlarge;40 at 110;570;595;800;;-65 to +160;1.50;DO-5 (DO-203AB);Single;image/diodes/93513.png;Datasheet/diodes/med-high-diodes/VS-40HF(R) Series/VS-40HF(R) Series.pdf;None
VS-40HF(R) Series;Enlarge;40 at 140;570;595;800;;-65 to +190;1.30;DO-5 (DO-203AB);Single;image/diodes/93513.png;Datasheet/diodes/med-high-diodes/VS-40HF(R) Series/VS-40HF(R) Series.pdf;None
VS-40HF(R) Series;Enlarge;40 at 110;570;595;600;;-65 to +160;1.50;DO-5 (DO-203AB);Single;image/diodes/93513.png;Datasheet/diodes/med-high-diodes/VS-40HF(R) Series/VS-40HF(R) Series.pdf;None
VS-40HF(R) Series;Enlarge;40 at 140;570;595;600;;-65 to +190;1.30;DO-5 (DO-203AB);Single;image/diodes/93513.png;Datasheet/diodes/med-high-diodes/VS-40HF(R) Series/VS-40HF(R) Series.pdf;None
VS-40HF(R) Series;Enlarge;40 at 110;570;595;400;;-65 to +160;1.50;DO-5 (DO-203AB);Single;image/diodes/93513.png;Datasheet/diodes/med-high-diodes/VS-40HF(R) Series/VS-40HF(R) Series.pdf;None
VS-40HF(R) Series;Enlarge;40 at 140;570;595;400;;-65 to +190;1.30;DO-5 (DO-203AB);Single;image/diodes/93513.png;Datasheet/diodes/med-high-diodes/VS-40HF(R) Series/VS-40HF(R) Series.pdf;None
VS-40HF(R) Series;Enlarge;40 at 110;570;595;200;;-65 to +160;1.50;DO-5 (DO-203AB);Single;image/diodes/93513.png;Datasheet/diodes/med-high-diodes/VS-40HF(R) Series/VS-40HF(R) Series.pdf;None
VS-40HF(R) Series;Enlarge;40 at 140;570;595;200;;-65 to +190;1.30;DO-5 (DO-203AB);Single;image/diodes/93513.png;Datasheet/diodes/med-high-diodes/VS-40HF(R) Series/VS-40HF(R) Series.pdf;None
VS-40HF(R) Series;Enlarge;40 at 110;570;595;100;;-65 to +160;1.50;DO-5 (DO-203AB);Single;image/diodes/93513.png;Datasheet/diodes/med-high-diodes/VS-40HF(R) Series/VS-40HF(R) Series.pdf;None
VS-40HF(R) Series;Enlarge;40 at 140;570;595;100;;-65 to +190;1.30;DO-5 (DO-203AB);Single;image/diodes/93513.png;Datasheet/diodes/med-high-diodes/VS-40HF(R) Series/VS-40HF(R) Series.pdf;None
VS-40HFL, VS-70HFL, VS-85HFL Series;Enlarge;85 at 85;1100;1151;1000;;-40 to +125;1.75;DO-5 (DO-203AB);Single;image/diodes/93150.png;Datasheet/diodes/med-high-diodes/VS-40HFL, VS-70HFL, VS-85HFL Series/VS-40HFL, VS-70HFL, VS-85HFL Series.pdf;None
VS-40HFL, VS-70HFL, VS-85HFL Series;Enlarge;70 at 85;700;730;1000;;-40 to +125;1.85;DO-5 (DO-203AB);Single;image/diodes/93150.png;Datasheet/diodes/med-high-diodes/VS-40HFL, VS-70HFL, VS-85HFL Series/VS-40HFL, VS-70HFL, VS-85HFL Series.pdf;None
VS-40HFL, VS-70HFL, VS-85HFL Series;Enlarge;40 at 85;400;420;1000;;-40 to +125;1.95;DO-5 (DO-203AB);Single;image/diodes/93150.png;Datasheet/diodes/med-high-diodes/VS-40HFL, VS-70HFL, VS-85HFL Series/VS-40HFL, VS-70HFL, VS-85HFL Series.pdf;None
VS-40HFL, VS-70HFL, VS-85HFL Series;Enlarge;85 at 85;1100;1151;800;;-40 to +125;1.75;DO-5 (DO-203AB);Single;image/diodes/93150.png;Datasheet/diodes/med-high-diodes/VS-40HFL, VS-70HFL, VS-85HFL Series/VS-40HFL, VS-70HFL, VS-85HFL Series.pdf;None
VS-40HFL, VS-70HFL, VS-85HFL Series;Enlarge;70 at 85;700;730;800;;-40 to +125;1.85;DO-5 (DO-203AB);Single;image/diodes/93150.png;Datasheet/diodes/med-high-diodes/VS-40HFL, VS-70HFL, VS-85HFL Series/VS-40HFL, VS-70HFL, VS-85HFL Series.pdf;None
VS-40HFL, VS-70HFL, VS-85HFL Series;Enlarge;40 at 85;400;420;800;;-40 to +125;1.95;DO-5 (DO-203AB);Single;image/diodes/93150.png;Datasheet/diodes/med-high-diodes/VS-40HFL, VS-70HFL, VS-85HFL Series/VS-40HFL, VS-70HFL, VS-85HFL Series.pdf;None
VS-40HFL, VS-70HFL, VS-85HFL Series;Enlarge;85 at 85;1100;1151;600;;-40 to +125;1.75;DO-5 (DO-203AB);Single;image/diodes/93150.png;Datasheet/diodes/med-high-diodes/VS-40HFL, VS-70HFL, VS-85HFL Series/VS-40HFL, VS-70HFL, VS-85HFL Series.pdf;None
VS-40HFL, VS-70HFL, VS-85HFL Series;Enlarge;70 at 85;700;730;600;;-40 to +125;1.85;DO-5 (DO-203AB);Single;image/diodes/93150.png;Datasheet/diodes/med-high-diodes/VS-40HFL, VS-70HFL, VS-85HFL Series/VS-40HFL, VS-70HFL, VS-85HFL Series.pdf;None
VS-40HFL, VS-70HFL, VS-85HFL Series;Enlarge;40 at 85;400;420;600;;-40 to +125;1.95;DO-5 (DO-203AB);Single;image/diodes/93150.png;Datasheet/diodes/med-high-diodes/VS-40HFL, VS-70HFL, VS-85HFL Series/VS-40HFL, VS-70HFL, VS-85HFL Series.pdf;None
VS-40HFL, VS-70HFL, VS-85HFL Series;Enlarge;85 at 85;1100;1151;400;;-40 to +125;1.75;DO-5 (DO-203AB);Single;image/diodes/93150.png;Datasheet/diodes/med-high-diodes/VS-40HFL, VS-70HFL, VS-85HFL Series/VS-40HFL, VS-70HFL, VS-85HFL Series.pdf;None
VS-40HFL, VS-70HFL, VS-85HFL Series;Enlarge;70 at 85;700;730;400;;-40 to +125;1.85;DO-5 (DO-203AB);Single;image/diodes/93150.png;Datasheet/diodes/med-high-diodes/VS-40HFL, VS-70HFL, VS-85HFL Series/VS-40HFL, VS-70HFL, VS-85HFL Series.pdf;None
VS-40HFL, VS-70HFL, VS-85HFL Series;Enlarge;40 at 85;400;420;400;;-40 to +125;1.95;DO-5 (DO-203AB);Single;image/diodes/93150.png;Datasheet/diodes/med-high-diodes/VS-40HFL, VS-70HFL, VS-85HFL Series/VS-40HFL, VS-70HFL, VS-85HFL Series.pdf;None
VS-40HFL, VS-70HFL, VS-85HFL Series;Enlarge;85 at 85;1100;1151;200;;-40 to +125;1.75;DO-5 (DO-203AB);Single;image/diodes/93150.png;Datasheet/diodes/med-high-diodes/VS-40HFL, VS-70HFL, VS-85HFL Series/VS-40HFL, VS-70HFL, VS-85HFL Series.pdf;None
VS-40HFL, VS-70HFL, VS-85HFL Series;Enlarge;70 at 85;700;730;200;;-40 to +125;1.85;DO-5 (DO-203AB);Single;image/diodes/93150.png;Datasheet/diodes/med-high-diodes/VS-40HFL, VS-70HFL, VS-85HFL Series/VS-40HFL, VS-70HFL, VS-85HFL Series.pdf;None
VS-40HFL, VS-70HFL, VS-85HFL Series;Enlarge;40 at 85;400;420;200;;-40 to +125;1.95;DO-5 (DO-203AB);Single;image/diodes/93150.png;Datasheet/diodes/med-high-diodes/VS-40HFL, VS-70HFL, VS-85HFL Series/VS-40HFL, VS-70HFL, VS-85HFL Series.pdf;None
VS-40HFL, VS-70HFL, VS-85HFL Series;Enlarge;85 at 85;1100;1151;100;;-40 to +125;1.75;DO-5 (DO-203AB);Single;image/diodes/93150.png;Datasheet/diodes/med-high-diodes/VS-40HFL, VS-70HFL, VS-85HFL Series/VS-40HFL, VS-70HFL, VS-85HFL Series.pdf;None
VS-40HFL, VS-70HFL, VS-85HFL Series;Enlarge;70 at 85;700;730;100;;-40 to +125;1.85;DO-5 (DO-203AB);Single;image/diodes/93150.png;Datasheet/diodes/med-high-diodes/VS-40HFL, VS-70HFL, VS-85HFL Series/VS-40HFL, VS-70HFL, VS-85HFL Series.pdf;None
VS-40HFL, VS-70HFL, VS-85HFL Series;Enlarge;40 at 85;400;420;100;;-40 to +125;1.95;DO-5 (DO-203AB);Single;image/diodes/93150.png;Datasheet/diodes/med-high-diodes/VS-40HFL, VS-70HFL, VS-85HFL Series/VS-40HFL, VS-70HFL, VS-85HFL Series.pdf;None
VS-50PF(R)...(W) High Voltage Series;Enlarge;50 at 128;570;595;1600;;-55 to +160;1.50;DO-5 (DO-203AB);Single;image/diodes/93517.png;Datasheet/diodes/med-high-diodes/VS-50PF(R)...(W) High Voltage Series/VS-50PF(R)...(W) High Voltage Series.pdf;None
VS-50PF(R)...(W) High Voltage Series;Enlarge;50 at 128;570;595;1400;;-55 to +160;1.50;DO-5 (DO-203AB);Single;image/diodes/93517.png;Datasheet/diodes/med-high-diodes/VS-50PF(R)...(W) High Voltage Series/VS-50PF(R)...(W) High Voltage Series.pdf;None
VS-50PF(R)...(W) Series;Enlarge;50 at 140;800;830;1200;;-55 to +180;1.40;DO-5 (DO-203AB);Single;image/diodes/93516.png;Datasheet/diodes/med-high-diodes/VS-50PF(R)...(W) Series/VS-50PF(R)...(W) Series.pdf;None
VS-50PF(R)...(W) Series;Enlarge;50 at 140;800;830;800;;-55 to +180;1.40;DO-5 (DO-203AB);Single;image/diodes/93516.png;Datasheet/diodes/med-high-diodes/VS-50PF(R)...(W) Series/VS-50PF(R)...(W) Series.pdf;None
VS-50PF(R)...(W) Series;Enlarge;50 at 140;800;830;400;;-55 to +180;1.40;DO-5 (DO-203AB);Single;image/diodes/93516.png;Datasheet/diodes/med-high-diodes/VS-50PF(R)...(W) Series/VS-50PF(R)...(W) Series.pdf;None
VS-6F(R) Series;Enlarge;6 at 160;159;167;100;;-65 to +175;1.10;DO-4 (DO-203AA);Single;image/diodes/93519.png;Datasheet/diodes/med-high-diodes/VS-6F(R) Series/VS-6F(R) Series.pdf;None
VS-6F(R) Series;Enlarge;6 at 160;159;167;200;;-65 to +175;1.10;DO-4 (DO-203AA);Single;image/diodes/93519.png;Datasheet/diodes/med-high-diodes/VS-6F(R) Series/VS-6F(R) Series.pdf;None
VS-6F(R) Series;Enlarge;6 at 160;159;167;400;;-65 to +175;1.10;DO-4 (DO-203AA);Single;image/diodes/93519.png;Datasheet/diodes/med-high-diodes/VS-6F(R) Series/VS-6F(R) Series.pdf;None
VS-6F(R) Series;Enlarge;6 at 160;159;167;600;;-65 to +175;1.10;DO-4 (DO-203AA);Single;image/diodes/93519.png;Datasheet/diodes/med-high-diodes/VS-6F(R) Series/VS-6F(R) Series.pdf;None
VS-6F(R) Series;Enlarge;6 at 160;159;167;800;;-65 to +175;1.10;DO-4 (DO-203AA);Single;image/diodes/93519.png;Datasheet/diodes/med-high-diodes/VS-6F(R) Series/VS-6F(R) Series.pdf;None
VS-6F(R) Series;Enlarge;6 at 160;159;167;1000;;-65 to +175;1.10;DO-4 (DO-203AA);Single;image/diodes/93519.png;Datasheet/diodes/med-high-diodes/VS-6F(R) Series/VS-6F(R) Series.pdf;None
VS-6F(R) Series;Enlarge;6 at 160;159;167;1200;;-65 to +175;1.10;DO-4 (DO-203AA);Single;image/diodes/93519.png;Datasheet/diodes/med-high-diodes/VS-6F(R) Series/VS-6F(R) Series.pdf;None
VS-6FL(R), VS-12FL(R), VS-16FL(R) Series;Enlarge;6 at 100;110;115;50;;-65 to +150;1.4;DO-4 (DO-203AA);Single;image/diodes/93138.png;Datasheet/diodes/med-high-diodes/VS-6FL(R), VS-12FL(R), VS-16FL(R) Series/VS-6FL(R), VS-12FL(R), VS-16FL(R) Series.pdf;None
VS-6FL(R), VS-12FL(R), VS-16FL(R) Series;Enlarge;12 at 100;145;150;50;;-65 to +150;1.4;DO-4 (DO-203AA);Single;image/diodes/93138.png;Datasheet/diodes/med-high-diodes/VS-6FL(R), VS-12FL(R), VS-16FL(R) Series/VS-6FL(R), VS-12FL(R), VS-16FL(R) Series.pdf;None
VS-6FL(R), VS-12FL(R), VS-16FL(R) Series;Enlarge;16 at 100;180;190;50;;-65 to +150;1.4;DO-4 (DO-203AA);Single;image/diodes/93138.png;Datasheet/diodes/med-high-diodes/VS-6FL(R), VS-12FL(R), VS-16FL(R) Series/VS-6FL(R), VS-12FL(R), VS-16FL(R) Series.pdf;None
VS-6FL(R), VS-12FL(R), VS-16FL(R) Series;Enlarge;6 at 100;110;115;100;;-65 to +150;1.4;DO-4 (DO-203AA);Single;image/diodes/93138.png;Datasheet/diodes/med-high-diodes/VS-6FL(R), VS-12FL(R), VS-16FL(R) Series/VS-6FL(R), VS-12FL(R), VS-16FL(R) Series.pdf;None
VS-6FL(R), VS-12FL(R), VS-16FL(R) Series;Enlarge;12 at 100;145;150;100;;-65 to +150;1.4;DO-4 (DO-203AA);Single;image/diodes/93138.png;Datasheet/diodes/med-high-diodes/VS-6FL(R), VS-12FL(R), VS-16FL(R) Series/VS-6FL(R), VS-12FL(R), VS-16FL(R) Series.pdf;None
VS-6FL(R), VS-12FL(R), VS-16FL(R) Series;Enlarge;16 at 100;180;190;100;;-65 to +150;1.4;DO-4 (DO-203AA);Single;image/diodes/93138.png;Datasheet/diodes/med-high-diodes/VS-6FL(R), VS-12FL(R), VS-16FL(R) Series/VS-6FL(R), VS-12FL(R), VS-16FL(R) Series.pdf;None
VS-6FL(R), VS-12FL(R), VS-16FL(R) Series;Enlarge;6 at 100;110;115;200;;-65 to +150;1.4;DO-4 (DO-203AA);Single;image/diodes/93138.png;Datasheet/diodes/med-high-diodes/VS-6FL(R), VS-12FL(R), VS-16FL(R) Series/VS-6FL(R), VS-12FL(R), VS-16FL(R) Series.pdf;None
VS-6FL(R), VS-12FL(R), VS-16FL(R) Series;Enlarge;12 at 100;145;150;200;;-65 to +150;1.4;DO-4 (DO-203AA);Single;image/diodes/93138.png;Datasheet/diodes/med-high-diodes/VS-6FL(R), VS-12FL(R), VS-16FL(R) Series/VS-6FL(R), VS-12FL(R), VS-16FL(R) Series.pdf;None
VS-6FL(R), VS-12FL(R), VS-16FL(R) Series;Enlarge;16 at 100;180;190;200;;-65 to +150;1.4;DO-4 (DO-203AA);Single;image/diodes/93138.png;Datasheet/diodes/med-high-diodes/VS-6FL(R), VS-12FL(R), VS-16FL(R) Series/VS-6FL(R), VS-12FL(R), VS-16FL(R) Series.pdf;None
VS-6FL(R), VS-12FL(R), VS-16FL(R) Series;Enlarge;6 at 100;110;115;400;;-65 to +150;1.4;DO-4 (DO-203AA);Single;image/diodes/93138.png;Datasheet/diodes/med-high-diodes/VS-6FL(R), VS-12FL(R), VS-16FL(R) Series/VS-6FL(R), VS-12FL(R), VS-16FL(R) Series.pdf;None
VS-6FL(R), VS-12FL(R), VS-16FL(R) Series;Enlarge;12 at 100;145;150;400;;-65 to +150;1.4;DO-4 (DO-203AA);Single;image/diodes/93138.png;Datasheet/diodes/med-high-diodes/VS-6FL(R), VS-12FL(R), VS-16FL(R) Series/VS-6FL(R), VS-12FL(R), VS-16FL(R) Series.pdf;None
VS-6FL(R), VS-12FL(R), VS-16FL(R) Series;Enlarge;16 at 100;180;190;400;;-65 to +150;1.4;DO-4 (DO-203AA);Single;image/diodes/93138.png;Datasheet/diodes/med-high-diodes/VS-6FL(R), VS-12FL(R), VS-16FL(R) Series/VS-6FL(R), VS-12FL(R), VS-16FL(R) Series.pdf;None
VS-6FL(R), VS-12FL(R), VS-16FL(R) Series;Enlarge;6 at 100;110;115;600;;-65 to +150;1.4;DO-4 (DO-203AA);Single;image/diodes/93138.png;Datasheet/diodes/med-high-diodes/VS-6FL(R), VS-12FL(R), VS-16FL(R) Series/VS-6FL(R), VS-12FL(R), VS-16FL(R) Series.pdf;None
VS-6FL(R), VS-12FL(R), VS-16FL(R) Series;Enlarge;12 at 100;145;150;600;;-65 to +150;1.4;DO-4 (DO-203AA);Single;image/diodes/93138.png;Datasheet/diodes/med-high-diodes/VS-6FL(R), VS-12FL(R), VS-16FL(R) Series/VS-6FL(R), VS-12FL(R), VS-16FL(R) Series.pdf;None
VS-6FL(R), VS-12FL(R), VS-16FL(R) Series;Enlarge;16 at 100;180;190;600;;-65 to +150;1.4;DO-4 (DO-203AA);Single;image/diodes/93138.png;Datasheet/diodes/med-high-diodes/VS-6FL(R), VS-12FL(R), VS-16FL(R) Series/VS-6FL(R), VS-12FL(R), VS-16FL(R) Series.pdf;None
VS-6FL(R), VS-12FL(R), VS-16FL(R) Series;Enlarge;6 at 100;110;115;800;;-65 to +150;1.4;DO-4 (DO-203AA);Single;image/diodes/93138.png;Datasheet/diodes/med-high-diodes/VS-6FL(R), VS-12FL(R), VS-16FL(R) Series/VS-6FL(R), VS-12FL(R), VS-16FL(R) Series.pdf;None
VS-6FL(R), VS-12FL(R), VS-16FL(R) Series;Enlarge;12 at 100;145;150;800;;-65 to +150;1.4;DO-4 (DO-203AA);Single;image/diodes/93138.png;Datasheet/diodes/med-high-diodes/VS-6FL(R), VS-12FL(R), VS-16FL(R) Series/VS-6FL(R), VS-12FL(R), VS-16FL(R) Series.pdf;None
VS-6FL(R), VS-12FL(R), VS-16FL(R) Series;Enlarge;16 at 100;180;190;800;;-65 to +150;1.4;DO-4 (DO-203AA);Single;image/diodes/93138.png;Datasheet/diodes/med-high-diodes/VS-6FL(R), VS-12FL(R), VS-16FL(R) Series/VS-6FL(R), VS-12FL(R), VS-16FL(R) Series.pdf;None
VS-6FL(R), VS-12FL(R), VS-16FL(R) Series;Enlarge;6 at 100;110;115;1000;;-65 to +150;1.4;DO-4 (DO-203AA);Single;image/diodes/93138.png;Datasheet/diodes/med-high-diodes/VS-6FL(R), VS-12FL(R), VS-16FL(R) Series/VS-6FL(R), VS-12FL(R), VS-16FL(R) Series.pdf;None
VS-6FL(R), VS-12FL(R), VS-16FL(R) Series;Enlarge;12 at 100;145;150;1000;;-65 to +150;1.4;DO-4 (DO-203AA);Single;image/diodes/93138.png;Datasheet/diodes/med-high-diodes/VS-6FL(R), VS-12FL(R), VS-16FL(R) Series/VS-6FL(R), VS-12FL(R), VS-16FL(R) Series.pdf;None
VS-6FL(R), VS-12FL(R), VS-16FL(R) Series;Enlarge;16 at 100;180;190;1000;;-65 to +150;1.4;DO-4 (DO-203AA);Single;image/diodes/93138.png;Datasheet/diodes/med-high-diodes/VS-6FL(R), VS-12FL(R), VS-16FL(R) Series/VS-6FL(R), VS-12FL(R), VS-16FL(R) Series.pdf;None
VS-70HF(R) Series;Enlarge;70 at 110;1200;1250;1600;;-65 to +150;1.46;DO-5 (DO-203AB);Single;image/diodes/93521.png;Datasheet/diodes/med-high-diodes/VS-70HF(R) Series/VS-70HF(R) Series.pdf;None
VS-70HF(R) Series;Enlarge;70 at 140;1200;1250;1600;;-65 to +180;1.35;DO-5 (DO-203AB);Single;image/diodes/93521.png;Datasheet/diodes/med-high-diodes/VS-70HF(R) Series/VS-70HF(R) Series.pdf;None
VS-70HF(R) Series;Enlarge;70 at 110;1200;1250;1400;;-65 to +150;1.46;DO-5 (DO-203AB);Single;image/diodes/93521.png;Datasheet/diodes/med-high-diodes/VS-70HF(R) Series/VS-70HF(R) Series.pdf;None
VS-70HF(R) Series;Enlarge;70 at 140;1200;1250;1400;;-65 to +180;1.35;DO-5 (DO-203AB);Single;image/diodes/93521.png;Datasheet/diodes/med-high-diodes/VS-70HF(R) Series/VS-70HF(R) Series.pdf;None
VS-70HF(R) Series;Enlarge;70 at 110;1200;1250;1200;;-65 to +150;1.46;DO-5 (DO-203AB);Single;image/diodes/93521.png;Datasheet/diodes/med-high-diodes/VS-70HF(R) Series/VS-70HF(R) Series.pdf;None
VS-70HF(R) Series;Enlarge;70 at 140;1200;1250;1200;;-65 to +180;1.35;DO-5 (DO-203AB);Single;image/diodes/93521.png;Datasheet/diodes/med-high-diodes/VS-70HF(R) Series/VS-70HF(R) Series.pdf;None
VS-70HF(R) Series;Enlarge;70 at 110;1200;1250;1000;;-65 to +150;1.46;DO-5 (DO-203AB);Single;image/diodes/93521.png;Datasheet/diodes/med-high-diodes/VS-70HF(R) Series/VS-70HF(R) Series.pdf;None
VS-70HF(R) Series;Enlarge;70 at 140;1200;1250;1000;;-65 to +180;1.35;DO-5 (DO-203AB);Single;image/diodes/93521.png;Datasheet/diodes/med-high-diodes/VS-70HF(R) Series/VS-70HF(R) Series.pdf;None
VS-70HF(R) Series;Enlarge;70 at 110;1200;1250;800;;-65 to +150;1.46;DO-5 (DO-203AB);Single;image/diodes/93521.png;Datasheet/diodes/med-high-diodes/VS-70HF(R) Series/VS-70HF(R) Series.pdf;None
VS-70HF(R) Series;Enlarge;70 at 140;1200;1250;800;;-65 to +180;1.35;DO-5 (DO-203AB);Single;image/diodes/93521.png;Datasheet/diodes/med-high-diodes/VS-70HF(R) Series/VS-70HF(R) Series.pdf;None
VS-70HF(R) Series;Enlarge;70 at 110;1200;1250;600;;-65 to +150;1.46;DO-5 (DO-203AB);Single;image/diodes/93521.png;Datasheet/diodes/med-high-diodes/VS-70HF(R) Series/VS-70HF(R) Series.pdf;None
VS-70HF(R) Series;Enlarge;70 at 140;1200;1250;600;;-65 to +180;1.35;DO-5 (DO-203AB);Single;image/diodes/93521.png;Datasheet/diodes/med-high-diodes/VS-70HF(R) Series/VS-70HF(R) Series.pdf;None
VS-70HF(R) Series;Enlarge;70 at 110;1200;1250;400;;-65 to +150;1.46;DO-5 (DO-203AB);Single;image/diodes/93521.png;Datasheet/diodes/med-high-diodes/VS-70HF(R) Series/VS-70HF(R) Series.pdf;None
VS-70HF(R) Series;Enlarge;70 at 140;1200;1250;400;;-65 to +180;1.35;DO-5 (DO-203AB);Single;image/diodes/93521.png;Datasheet/diodes/med-high-diodes/VS-70HF(R) Series/VS-70HF(R) Series.pdf;None
VS-70HF(R) Series;Enlarge;70 at 110;1200;1250;300;;-65 to +150;1.46;DO-5 (DO-203AB);Single;image/diodes/93521.png;Datasheet/diodes/med-high-diodes/VS-70HF(R) Series/VS-70HF(R) Series.pdf;None
VS-70HF(R) Series;Enlarge;70 at 140;1200;1250;300;;-65 to +180;1.35;DO-5 (DO-203AB);Single;image/diodes/93521.png;Datasheet/diodes/med-high-diodes/VS-70HF(R) Series/VS-70HF(R) Series.pdf;None
VS-70HF(R) Series;Enlarge;70 at 140;1200;1250;200;;-65 to +180;1.35;DO-5 (DO-203AB);Single;image/diodes/93521.png;Datasheet/diodes/med-high-diodes/VS-70HF(R) Series/VS-70HF(R) Series.pdf;None
VS-70HF(R) Series;Enlarge;70 at 110;1200;1250;200;;-65 to +150;1.46;DO-5 (DO-203AB);Single;image/diodes/93521.png;Datasheet/diodes/med-high-diodes/VS-70HF(R) Series/VS-70HF(R) Series.pdf;None
VS-70HF(R) Series;Enlarge;70 at 110;1200;1250;100;;-65 to +150;1.46;DO-5 (DO-203AB);Single;image/diodes/93521.png;Datasheet/diodes/med-high-diodes/VS-70HF(R) Series/VS-70HF(R) Series.pdf;None
VS-70HF(R) Series;Enlarge;70 at 140;1200;1250;100;;-65 to +180;1.35;DO-5 (DO-203AB);Single;image/diodes/93521.png;Datasheet/diodes/med-high-diodes/VS-70HF(R) Series/VS-70HF(R) Series.pdf;None
VS-80PF(R)...(W) High Voltage Series;Enlarge;80 at 123;1200;1250;1600;;-55 to +150;1.46;DO-5 (DO-203AB);Single;image/diodes/93527.png;Datasheet/diodes/med-high-diodes/VS-80PF(R)...(W) High Voltage Series/VS-80PF(R)...(W) High Voltage Series.pdf;None
VS-80PF(R)...(W) High Voltage Series;Enlarge;80 at 123;1200;1250;1400;;-55 to +150;1.46;DO-5 (DO-203AB);Single;image/diodes/93527.png;Datasheet/diodes/med-high-diodes/VS-80PF(R)...(W) High Voltage Series/VS-80PF(R)...(W) High Voltage Series.pdf;None
VS-80PF(R)...(W) Series;Enlarge;80 at 140;1500;1570;1200;;-55 to +180;1.40;DO-5 (DO-203AB);Single;image/diodes/93526.png;Datasheet/diodes/med-high-diodes/VS-80PF(R)...(W) Series/VS-80PF(R)...(W) Series.pdf;None
VS-80PF(R)...(W) Series;Enlarge;80 at 140;1500;1570;800;;-55 to +180;1.40;DO-5 (DO-203AB);Single;image/diodes/93526.png;Datasheet/diodes/med-high-diodes/VS-80PF(R)...(W) Series/VS-80PF(R)...(W) Series.pdf;None
VS-80PF(R)...(W) Series;Enlarge;80 at 140;1500;1570;400;;-55 to +180;1.40;DO-5 (DO-203AB);Single;image/diodes/93526.png;Datasheet/diodes/med-high-diodes/VS-80PF(R)...(W) Series/VS-80PF(R)...(W) Series.pdf;None
VS-85HF(R) 40M8;Enlarge;85 at 140;1700;1800;400;;-65 to +180;1.2;DO-5 (DO-203AB);Single;image/diodes/93529.png;Datasheet/diodes/med-high-diodes/VS-85HF(R) 40M8/VS-85HF(R) 40M8.pdf;None
VS-85HF(R), VS-86HF(R), VS-87HF(R), VS-88HF(R) Series;Enlarge;85 at 140;1700;1800;100;;-65 to +180;1.2;DO-5 (DO-203AB);Single;image/diodes/95802.png;Datasheet/diodes/med-high-diodes/VS-85HF(R), VS-86HF(R), VS-87HF(R), VS-88HF(R) Series/VS-85HF(R), VS-86HF(R), VS-87HF(R), VS-88HF(R) Series.pdf;None
VS-85HF(R), VS-86HF(R), VS-87HF(R), VS-88HF(R) Series;Enlarge;85 at 110;1700;1800;100;;-65 to +150;1.4;DO-5 (DO-203AB);Single;image/diodes/95802.png;Datasheet/diodes/med-high-diodes/VS-85HF(R), VS-86HF(R), VS-87HF(R), VS-88HF(R) Series/VS-85HF(R), VS-86HF(R), VS-87HF(R), VS-88HF(R) Series.pdf;None
VS-85HF(R), VS-86HF(R), VS-87HF(R), VS-88HF(R) Series;Enlarge;85 at 140;1700;1800;200;;-65 to +180;1.2;DO-5 (DO-203AB);Single;image/diodes/95802.png;Datasheet/diodes/med-high-diodes/VS-85HF(R), VS-86HF(R), VS-87HF(R), VS-88HF(R) Series/VS-85HF(R), VS-86HF(R), VS-87HF(R), VS-88HF(R) Series.pdf;None
VS-85HF(R), VS-86HF(R), VS-87HF(R), VS-88HF(R) Series;Enlarge;85 at 110;1700;1800;200;;-65 to +150;1.4;DO-5 (DO-203AB);Single;image/diodes/95802.png;Datasheet/diodes/med-high-diodes/VS-85HF(R), VS-86HF(R), VS-87HF(R), VS-88HF(R) Series/VS-85HF(R), VS-86HF(R), VS-87HF(R), VS-88HF(R) Series.pdf;None
VS-85HF(R), VS-86HF(R), VS-87HF(R), VS-88HF(R) Series;Enlarge;85 at 140;1700;1800;400;;-65 to +180;1.2;DO-5 (DO-203AB);Single;image/diodes/95802.png;Datasheet/diodes/med-high-diodes/VS-85HF(R), VS-86HF(R), VS-87HF(R), VS-88HF(R) Series/VS-85HF(R), VS-86HF(R), VS-87HF(R), VS-88HF(R) Series.pdf;None
VS-85HF(R), VS-86HF(R), VS-87HF(R), VS-88HF(R) Series;Enlarge;85 at 110;1700;1800;400;;-65 to +150;1.4;DO-5 (DO-203AB);Single;image/diodes/95802.png;Datasheet/diodes/med-high-diodes/VS-85HF(R), VS-86HF(R), VS-87HF(R), VS-88HF(R) Series/VS-85HF(R), VS-86HF(R), VS-87HF(R), VS-88HF(R) Series.pdf;None
VS-85HF(R), VS-86HF(R), VS-87HF(R), VS-88HF(R) Series;Enlarge;85 at 140;1700;1800;600;;-65 to +180;1.2;DO-5 (DO-203AB);Single;image/diodes/95802.png;Datasheet/diodes/med-high-diodes/VS-85HF(R), VS-86HF(R), VS-87HF(R), VS-88HF(R) Series/VS-85HF(R), VS-86HF(R), VS-87HF(R), VS-88HF(R) Series.pdf;None
VS-85HF(R), VS-86HF(R), VS-87HF(R), VS-88HF(R) Series;Enlarge;85 at 110;1700;1800;600;;-65 to +150;1.4;DO-5 (DO-203AB);Single;image/diodes/95802.png;Datasheet/diodes/med-high-diodes/VS-85HF(R), VS-86HF(R), VS-87HF(R), VS-88HF(R) Series/VS-85HF(R), VS-86HF(R), VS-87HF(R), VS-88HF(R) Series.pdf;None
VS-85HF(R), VS-86HF(R), VS-87HF(R), VS-88HF(R) Series;Enlarge;85 at 140;1700;1800;800;;-65 to +180;1.2;DO-5 (DO-203AB);Single;image/diodes/95802.png;Datasheet/diodes/med-high-diodes/VS-85HF(R), VS-86HF(R), VS-87HF(R), VS-88HF(R) Series/VS-85HF(R), VS-86HF(R), VS-87HF(R), VS-88HF(R) Series.pdf;None
VS-85HF(R), VS-86HF(R), VS-87HF(R), VS-88HF(R) Series;Enlarge;85 at 110;1700;1800;800;;-65 to +150;1.4;DO-5 (DO-203AB);Single;image/diodes/95802.png;Datasheet/diodes/med-high-diodes/VS-85HF(R), VS-86HF(R), VS-87HF(R), VS-88HF(R) Series/VS-85HF(R), VS-86HF(R), VS-87HF(R), VS-88HF(R) Series.pdf;None
VS-85HF(R), VS-86HF(R), VS-87HF(R), VS-88HF(R) Series;Enlarge;85 at 140;1700;1800;1000;;-65 to +180;1.2;DO-5 (DO-203AB);Single;image/diodes/95802.png;Datasheet/diodes/med-high-diodes/VS-85HF(R), VS-86HF(R), VS-87HF(R), VS-88HF(R) Series/VS-85HF(R), VS-86HF(R), VS-87HF(R), VS-88HF(R) Series.pdf;None
VS-85HF(R), VS-86HF(R), VS-87HF(R), VS-88HF(R) Series;Enlarge;85 at 110;1700;1800;1000;;-65 to +150;1.4;DO-5 (DO-203AB);Single;image/diodes/95802.png;Datasheet/diodes/med-high-diodes/VS-85HF(R), VS-86HF(R), VS-87HF(R), VS-88HF(R) Series/VS-85HF(R), VS-86HF(R), VS-87HF(R), VS-88HF(R) Series.pdf;None
VS-85HF(R), VS-86HF(R), VS-87HF(R), VS-88HF(R) Series;Enlarge;85 at 140;1700;1800;1200;;-65 to +180;1.2;DO-5 (DO-203AB);Single;image/diodes/95802.png;Datasheet/diodes/med-high-diodes/VS-85HF(R), VS-86HF(R), VS-87HF(R), VS-88HF(R) Series/VS-85HF(R), VS-86HF(R), VS-87HF(R), VS-88HF(R) Series.pdf;None
VS-85HF(R), VS-86HF(R), VS-87HF(R), VS-88HF(R) Series;Enlarge;85 at 110;1700;1800;1200;;-65 to +150;1.4;DO-5 (DO-203AB);Single;image/diodes/95802.png;Datasheet/diodes/med-high-diodes/VS-85HF(R), VS-86HF(R), VS-87HF(R), VS-88HF(R) Series/VS-85HF(R), VS-86HF(R), VS-87HF(R), VS-88HF(R) Series.pdf;None
VS-85HF(R), VS-86HF(R), VS-87HF(R), VS-88HF(R) Series;Enlarge;85 at 140;1700;1800;1400;;-65 to +180;1.2;DO-5 (DO-203AB);Single;image/diodes/95802.png;Datasheet/diodes/med-high-diodes/VS-85HF(R), VS-86HF(R), VS-87HF(R), VS-88HF(R) Series/VS-85HF(R), VS-86HF(R), VS-87HF(R), VS-88HF(R) Series.pdf;None
VS-85HF(R), VS-86HF(R), VS-87HF(R), VS-88HF(R) Series;Enlarge;85 at 110;1700;1800;1400;;-65 to +150;1.4;DO-5 (DO-203AB);Single;image/diodes/95802.png;Datasheet/diodes/med-high-diodes/VS-85HF(R), VS-86HF(R), VS-87HF(R), VS-88HF(R) Series/VS-85HF(R), VS-86HF(R), VS-87HF(R), VS-88HF(R) Series.pdf;None
VS-85HF(R), VS-86HF(R), VS-87HF(R), VS-88HF(R) Series;Enlarge;85 at 140;1700;1800;1600;;-65 to +180;1.2;DO-5 (DO-203AB);Single;image/diodes/95802.png;Datasheet/diodes/med-high-diodes/VS-85HF(R), VS-86HF(R), VS-87HF(R), VS-88HF(R) Series/VS-85HF(R), VS-86HF(R), VS-87HF(R), VS-88HF(R) Series.pdf;None
VS-85HF(R), VS-86HF(R), VS-87HF(R), VS-88HF(R) Series;Enlarge;85 at 110;1700;1800;1600;;-65 to +150;1.4;DO-5 (DO-203AB);Single;image/diodes/95802.png;Datasheet/diodes/med-high-diodes/VS-85HF(R), VS-86HF(R), VS-87HF(R), VS-88HF(R) Series/VS-85HF(R), VS-86HF(R), VS-87HF(R), VS-88HF(R) Series.pdf;None
VS-95PF(R)...(W) High Voltage Series;Enlarge;95 at 128;1700;1800;1600;;-55 to +150;1.40;DO-5 (DO-203AB);Single;image/diodes/93533.png;Datasheet/diodes/med-high-diodes/VS-95PF(R)...(W) High Voltage Series/VS-95PF(R)...(W) High Voltage Series.pdf;None
VS-95PF(R)...(W) High Voltage Series;Enlarge;95 at 128;1700;1800;1400;;-55 to +150;1.40;DO-5 (DO-203AB);Single;image/diodes/93533.png;Datasheet/diodes/med-high-diodes/VS-95PF(R)...(W) High Voltage Series/VS-95PF(R)...(W) High Voltage Series.pdf;None
VS-95PF(R)...(W) Series;Enlarge;95 at 140;2000;2090;1200;;-55 to +180;1.40;DO-5 (DO-203AB);Single;image/diodes/93532.png;Datasheet/diodes/med-high-diodes/VS-95PF(R)...(W) Series/VS-95PF(R)...(W) Series.pdf;None
VS-95PF(R)...(W) Series;Enlarge;95 at 140;2000;2090;800;;-55 to +180;1.40;DO-5 (DO-203AB);Single;image/diodes/93532.png;Datasheet/diodes/med-high-diodes/VS-95PF(R)...(W) Series/VS-95PF(R)...(W) Series.pdf;None
VS-95PF(R)...(W) Series;Enlarge;95 at 140;2000;2090;400;;-55 to +180;1.40;DO-5 (DO-203AB);Single;image/diodes/93532.png;Datasheet/diodes/med-high-diodes/VS-95PF(R)...(W) Series/VS-95PF(R)...(W) Series.pdf;None
VS-SD1100C..C Series;Enlarge;1400 at 55;13000;13600;400;;-40 to +180;1.31;B-43;Single;image/diodes/93535.png;Datasheet/diodes/med-high-diodes/VS-SD1100C..C Series/VS-SD1100C..C Series.pdf;None
VS-SD1100C..C Series;Enlarge;1100 at 55;10500;11000;400;;-40 to +150;1.44;B-43;Single;image/diodes/93535.png;Datasheet/diodes/med-high-diodes/VS-SD1100C..C Series/VS-SD1100C..C Series.pdf;None
VS-SD1100C..C Series;Enlarge;1400 at 55;13000;13600;800;;-40 to +180;1.31;B-43;Single;image/diodes/93535.png;Datasheet/diodes/med-high-diodes/VS-SD1100C..C Series/VS-SD1100C..C Series.pdf;None
VS-SD1100C..C Series;Enlarge;1100 at 55;10500;11000;800;;-40 to +150;1.44;B-43;Single;image/diodes/93535.png;Datasheet/diodes/med-high-diodes/VS-SD1100C..C Series/VS-SD1100C..C Series.pdf;None
VS-SD1100C..C Series;Enlarge;1400 at 55;13000;13600;1200;;-40 to +180;1.31;B-43;Single;image/diodes/93535.png;Datasheet/diodes/med-high-diodes/VS-SD1100C..C Series/VS-SD1100C..C Series.pdf;None
VS-SD1100C..C Series;Enlarge;1100 at 55;10500;11000;1200;;-40 to +150;1.44;B-43;Single;image/diodes/93535.png;Datasheet/diodes/med-high-diodes/VS-SD1100C..C Series/VS-SD1100C..C Series.pdf;None
VS-SD1100C..C Series;Enlarge;1400 at 55;13000;13600;1600;;-40 to +180;1.31;B-43;Single;image/diodes/93535.png;Datasheet/diodes/med-high-diodes/VS-SD1100C..C Series/VS-SD1100C..C Series.pdf;None
VS-SD1100C..C Series;Enlarge;1100 at 55;10500;11000;1600;;-40 to +150;1.44;B-43;Single;image/diodes/93535.png;Datasheet/diodes/med-high-diodes/VS-SD1100C..C Series/VS-SD1100C..C Series.pdf;None
VS-SD1100C..C Series;Enlarge;1400 at 55;13000;13600;2000;;-40 to +180;1.31;B-43;Single;image/diodes/93535.png;Datasheet/diodes/med-high-diodes/VS-SD1100C..C Series/VS-SD1100C..C Series.pdf;None
VS-SD1100C..C Series;Enlarge;1100 at 55;10500;11000;2000;;-40 to +150;1.44;B-43;Single;image/diodes/93535.png;Datasheet/diodes/med-high-diodes/VS-SD1100C..C Series/VS-SD1100C..C Series.pdf;None
VS-SD1100C..C Series;Enlarge;1400 at 55;13000;13600;2200;;-40 to +180;1.31;B-43;Single;image/diodes/93535.png;Datasheet/diodes/med-high-diodes/VS-SD1100C..C Series/VS-SD1100C..C Series.pdf;None
VS-SD1100C..C Series;Enlarge;1100 at 55;10500;11000;2200;;-40 to +150;1.44;B-43;Single;image/diodes/93535.png;Datasheet/diodes/med-high-diodes/VS-SD1100C..C Series/VS-SD1100C..C Series.pdf;None
VS-SD1100C..C Series;Enlarge;1400 at 55;13000;13600;2500;;-40 to +180;1.31;B-43;Single;image/diodes/93535.png;Datasheet/diodes/med-high-diodes/VS-SD1100C..C Series/VS-SD1100C..C Series.pdf;None
VS-SD1100C..C Series;Enlarge;1100 at 55;10500;11000;2500;;-40 to +150;1.44;B-43;Single;image/diodes/93535.png;Datasheet/diodes/med-high-diodes/VS-SD1100C..C Series/VS-SD1100C..C Series.pdf;None
VS-SD1100C..C Series;Enlarge;1400 at 55;13000;13600;3000;;-40 to +180;1.31;B-43;Single;image/diodes/93535.png;Datasheet/diodes/med-high-diodes/VS-SD1100C..C Series/VS-SD1100C..C Series.pdf;None
VS-SD1100C..C Series;Enlarge;1100 at 55;10500;11000;3000;;-40 to +150;1.44;B-43;Single;image/diodes/93535.png;Datasheet/diodes/med-high-diodes/VS-SD1100C..C Series/VS-SD1100C..C Series.pdf;None
VS-SD1100C..C Series;Enlarge;1400 at 55;13000;13600;3200;;-40 to +180;1.31;B-43;Single;image/diodes/93535.png;Datasheet/diodes/med-high-diodes/VS-SD1100C..C Series/VS-SD1100C..C Series.pdf;None
VS-SD1100C..C Series;Enlarge;1100 at 55;10500;11000;3200;;-40 to +150;1.44;B-43;Single;image/diodes/93535.png;Datasheet/diodes/med-high-diodes/VS-SD1100C..C Series/VS-SD1100C..C Series.pdf;None
VS-SD1500C..L Series;Enlarge;1600 at 55;16600;17400;400;;-40 to +180;1.64;B-PUK (DO-200AB);Single;image/diodes/93537.png;Datasheet/diodes/med-high-diodes/VS-SD1500C..L Series/VS-SD1500C..L Series.pdf;None
VS-SD1500C..L Series;Enlarge;1600 at 55;16600;17400;800;;-40 to +180;1.64;B-PUK (DO-200AB);Single;image/diodes/93537.png;Datasheet/diodes/med-high-diodes/VS-SD1500C..L Series/VS-SD1500C..L Series.pdf;None
VS-SD1500C..L Series;Enlarge;1600 at 55;16600;17400;1200;;-40 to +180;1.64;B-PUK (DO-200AB);Single;image/diodes/93537.png;Datasheet/diodes/med-high-diodes/VS-SD1500C..L Series/VS-SD1500C..L Series.pdf;None
VS-SD1500C..L Series;Enlarge;1600 at 55;16600;17400;1600;;-40 to +180;1.64;B-PUK (DO-200AB);Single;image/diodes/93537.png;Datasheet/diodes/med-high-diodes/VS-SD1500C..L Series/VS-SD1500C..L Series.pdf;None
VS-SD1500C..L Series;Enlarge;1600 at 55;16600;17400;2000;;-40 to +180;1.64;B-PUK (DO-200AB);Single;image/diodes/93537.png;Datasheet/diodes/med-high-diodes/VS-SD1500C..L Series/VS-SD1500C..L Series.pdf;None
VS-SD1500C..L Series;Enlarge;1600 at 55;16600;17400;2500;;-40 to +180;1.64;B-PUK (DO-200AB);Single;image/diodes/93537.png;Datasheet/diodes/med-high-diodes/VS-SD1500C..L Series/VS-SD1500C..L Series.pdf;None
VS-SD1500C..L Series;Enlarge;1600 at 55;16600;17400;3000;;-40 to +180;1.64;B-PUK (DO-200AB);Single;image/diodes/93537.png;Datasheet/diodes/med-high-diodes/VS-SD1500C..L Series/VS-SD1500C..L Series.pdf;None
VS-SD2000C..L Series;Enlarge;2100 at 55;23900;25000;400;;-40 to +180;1.55;B-PUK (DO-200AB);Single;image/diodes/93540.png;Datasheet/diodes/med-high-diodes/VS-SD2000C..L Series/VS-SD2000C..L Series.pdf;None
VS-SD2000C..L Series;Enlarge;2100 at 55;23900;25000;800;;-40 to +180;1.55;B-PUK (DO-200AB);Single;image/diodes/93540.png;Datasheet/diodes/med-high-diodes/VS-SD2000C..L Series/VS-SD2000C..L Series.pdf;None
VS-SD2000C..L Series;Enlarge;2100 at 55;23900;25000;1000;;-40 to +180;1.55;B-PUK (DO-200AB);Single;image/diodes/93540.png;Datasheet/diodes/med-high-diodes/VS-SD2000C..L Series/VS-SD2000C..L Series.pdf;None
VS-SD200N/R Series;Enlarge;200 at 110;4700;4920;2400;;+150;1.40;DO-30 (DO-205AC);Single;image/diodes/93541.png;Datasheet/diodes/med-high-diodes/VS-SD200N/R Series/VS-SD200N/R Series.pdf;None
VS-SD200N/R Series;Enlarge;200 at 110;4700;4920;2400;;-40 to +180;1.40;DO-30 (DO-205AC);Single;image/diodes/93541.png;Datasheet/diodes/med-high-diodes/VS-SD200N/R Series/VS-SD200N/R Series.pdf;None
VS-SD200N/R Series;Enlarge;200 at 110;4700;4920;2000;;+150;1.40;DO-30 (DO-205AC);Single;image/diodes/93541.png;Datasheet/diodes/med-high-diodes/VS-SD200N/R Series/VS-SD200N/R Series.pdf;None
VS-SD200N/R Series;Enlarge;200 at 110;4700;4920;2000;;-40 to +180;1.40;DO-30 (DO-205AC);Single;image/diodes/93541.png;Datasheet/diodes/med-high-diodes/VS-SD200N/R Series/VS-SD200N/R Series.pdf;None
VS-SD200N/R Series;Enlarge;200 at 110;4700;4920;1600;;-40 to +180;1.40;DO-30 (DO-205AC);Single;image/diodes/93541.png;Datasheet/diodes/med-high-diodes/VS-SD200N/R Series/VS-SD200N/R Series.pdf;None
VS-SD200N/R Series;Enlarge;200 at 110;4700;4920;1600;;+150;1.40;DO-30 (DO-205AC);Single;image/diodes/93541.png;Datasheet/diodes/med-high-diodes/VS-SD200N/R Series/VS-SD200N/R Series.pdf;None
VS-SD2500C..K Series;Enlarge;3000 at 55;31000;32460;1200;;-40 to +180;1.41;K-PUK (DO-200AC);Single;image/diodes/93542.png;Datasheet/diodes/med-high-diodes/VS-SD2500C..K Series/VS-SD2500C..K Series.pdf;None
VS-SD2500C..K Series;Enlarge;3000 at 55;31000;32460;1600;;-40 to +180;1.41;K-PUK (DO-200AC);Single;image/diodes/93542.png;Datasheet/diodes/med-high-diodes/VS-SD2500C..K Series/VS-SD2500C..K Series.pdf;None
VS-SD2500C..K Series;Enlarge;3000 at 55;31000;32460;2000;;-40 to +180;1.41;K-PUK (DO-200AC);Single;image/diodes/93542.png;Datasheet/diodes/med-high-diodes/VS-SD2500C..K Series/VS-SD2500C..K Series.pdf;None
VS-SD2500C..K Series;Enlarge;3000 at 55;31000;32460;2400;;-40 to +180;1.41;K-PUK (DO-200AC);Single;image/diodes/93542.png;Datasheet/diodes/med-high-diodes/VS-SD2500C..K Series/VS-SD2500C..K Series.pdf;None
VS-SD2500C..K Series;Enlarge;3000 at 55;31000;32460;2500;;-40 to +180;1.41;K-PUK (DO-200AC);Single;image/diodes/93542.png;Datasheet/diodes/med-high-diodes/VS-SD2500C..K Series/VS-SD2500C..K Series.pdf;None
VS-SD3000C..K Series;Enlarge;3800 at 55;35800;37500;400;;-40 to +180;1.22;K-PUK (DO-200AC);Single;image/diodes/93543.png;Datasheet/diodes/med-high-diodes/VS-SD3000C..K Series/VS-SD3000C..K Series.pdf;None
VS-SD3000C..K Series;Enlarge;3800 at 55;35800;37500;800;;-40 to +180;1.22;K-PUK (DO-200AC);Single;image/diodes/93543.png;Datasheet/diodes/med-high-diodes/VS-SD3000C..K Series/VS-SD3000C..K Series.pdf;None
VS-SD3000C..K Series;Enlarge;3800 at 55;35800;37500;1000;;-40 to +180;1.22;K-PUK (DO-200AC);Single;image/diodes/93543.png;Datasheet/diodes/med-high-diodes/VS-SD3000C..K Series/VS-SD3000C..K Series.pdf;None
VS-SD300C..C Series;Enlarge;650 at 55;6050;6335;3200;;-40 to +180;2.08;A-PUK (DO-200AA);Single;image/diodes/93544.png;Datasheet/diodes/med-high-diodes/VS-SD300C..C Series/VS-SD300C..C Series.pdf;None
VS-SD300C..C Series;Enlarge;540 at 55;6050;6335;3200;;-40 to +150;2.08;A-PUK (DO-200AA);Single;image/diodes/93544.png;Datasheet/diodes/med-high-diodes/VS-SD300C..C Series/VS-SD300C..C Series.pdf;None
VS-SD300C..C Series;Enlarge;650 at 55;6050;6335;2800;;-40 to +180;2.08;A-PUK (DO-200AA);Single;image/diodes/93544.png;Datasheet/diodes/med-high-diodes/VS-SD300C..C Series/VS-SD300C..C Series.pdf;None
VS-SD300C..C Series;Enlarge;540 at 55;6050;6335;2800;;-40 to +150;2.08;A-PUK (DO-200AA);Single;image/diodes/93544.png;Datasheet/diodes/med-high-diodes/VS-SD300C..C Series/VS-SD300C..C Series.pdf;None
VS-SD300C..C Series;Enlarge;540 at 55;6050;6335;2500;;-40 to +150;2.08;A-PUK (DO-200AA);Single;image/diodes/93544.png;Datasheet/diodes/med-high-diodes/VS-SD300C..C Series/VS-SD300C..C Series.pdf;None
VS-SD300C..C Series;Enlarge;650 at 55;6050;6335;2500;;-40 to +180;2.08;A-PUK (DO-200AA);Single;image/diodes/93544.png;Datasheet/diodes/med-high-diodes/VS-SD300C..C Series/VS-SD300C..C Series.pdf;None
VS-SD300C..C Series;Enlarge;540 at 55;6050;6335;2000;;-40 to +150;2.08;A-PUK (DO-200AA);Single;image/diodes/93544.png;Datasheet/diodes/med-high-diodes/VS-SD300C..C Series/VS-SD300C..C Series.pdf;None
VS-SD300C..C Series;Enlarge;650 at 55;6050;6335;2000;;-40 to +180;2.08;A-PUK (DO-200AA);Single;image/diodes/93544.png;Datasheet/diodes/med-high-diodes/VS-SD300C..C Series/VS-SD300C..C Series.pdf;None
VS-SD300C..C Series;Enlarge;540 at 55;6050;6335;1600;;-40 to +150;2.08;A-PUK (DO-200AA);Single;image/diodes/93544.png;Datasheet/diodes/med-high-diodes/VS-SD300C..C Series/VS-SD300C..C Series.pdf;None
VS-SD300C..C Series;Enlarge;650 at 55;6050;6335;1600;;-40 to +180;2.08;A-PUK (DO-200AA);Single;image/diodes/93544.png;Datasheet/diodes/med-high-diodes/VS-SD300C..C Series/VS-SD300C..C Series.pdf;None
VS-SD300C..C Series;Enlarge;540 at 55;6050;6335;1200;;-40 to +150;2.08;A-PUK (DO-200AA);Single;image/diodes/93544.png;Datasheet/diodes/med-high-diodes/VS-SD300C..C Series/VS-SD300C..C Series.pdf;None
VS-SD300C..C Series;Enlarge;540 at 55;6050;6335;800;;-40 to +150;2.08;A-PUK (DO-200AA);Single;image/diodes/93544.png;Datasheet/diodes/med-high-diodes/VS-SD300C..C Series/VS-SD300C..C Series.pdf;None
VS-SD300C..C Series;Enlarge;650 at 55;6050;6335;1200;;-40 to +180;2.08;A-PUK (DO-200AA);Single;image/diodes/93544.png;Datasheet/diodes/med-high-diodes/VS-SD300C..C Series/VS-SD300C..C Series.pdf;None
VS-SD300C..C Series;Enlarge;540 at 55;6050;6335;400;;-40 to +150;2.08;A-PUK (DO-200AA);Single;image/diodes/93544.png;Datasheet/diodes/med-high-diodes/VS-SD300C..C Series/VS-SD300C..C Series.pdf;None
VS-SD300C..C Series;Enlarge;650 at 55;6050;6335;800;;-40 to +180;2.08;A-PUK (DO-200AA);Single;image/diodes/93544.png;Datasheet/diodes/med-high-diodes/VS-SD300C..C Series/VS-SD300C..C Series.pdf;None
VS-SD300C..C Series;Enlarge;650 at 55;6050;6335;400;;-40 to +180;2.08;A-PUK (DO-200AA);Single;image/diodes/93544.png;Datasheet/diodes/med-high-diodes/VS-SD300C..C Series/VS-SD300C..C Series.pdf;None
VS-SD300N/R Series;Enlarge;380 at 100;6050;6335;1600;;-40 to +180;1.83;DO-9 (DO-205AB);Single;image/diodes/93545.png;Datasheet/diodes/med-high-diodes/VS-SD300N/R Series/VS-SD300N/R Series.pdf;None
VS-SD300N/R Series;Enlarge;380 at 70;6050;6335;1600;;-40 to +150;1.83;DO-9 (DO-205AB);Single;image/diodes/93545.png;Datasheet/diodes/med-high-diodes/VS-SD300N/R Series/VS-SD300N/R Series.pdf;None
VS-SD300N/R Series;Enlarge;380 at 100;6050;6335;2000;;-40 to +180;1.83;DO-9 (DO-205AB);Single;image/diodes/93545.png;Datasheet/diodes/med-high-diodes/VS-SD300N/R Series/VS-SD300N/R Series.pdf;None
VS-SD300N/R Series;Enlarge;380 at 70;6050;6335;2000;;-40 to +150;1.83;DO-9 (DO-205AB);Single;image/diodes/93545.png;Datasheet/diodes/med-high-diodes/VS-SD300N/R Series/VS-SD300N/R Series.pdf;None
VS-SD300N/R Series;Enlarge;380 at 100;6050;6335;2500;;-40 to +180;1.83;DO-9 (DO-205AB);Single;image/diodes/93545.png;Datasheet/diodes/med-high-diodes/VS-SD300N/R Series/VS-SD300N/R Series.pdf;None
VS-SD300N/R Series;Enlarge;380 at 70;6050;6335;2500;;-40 to +150;1.83;DO-9 (DO-205AB);Single;image/diodes/93545.png;Datasheet/diodes/med-high-diodes/VS-SD300N/R Series/VS-SD300N/R Series.pdf;None
VS-SD300N/R Series;Enlarge;380 at 100;6050;6335;2800;;-40 to +180;1.83;DO-9 (DO-205AB);Single;image/diodes/93545.png;Datasheet/diodes/med-high-diodes/VS-SD300N/R Series/VS-SD300N/R Series.pdf;None
VS-SD300N/R Series;Enlarge;380 at 70;6050;6335;2800;;-40 to +150;1.83;DO-9 (DO-205AB);Single;image/diodes/93545.png;Datasheet/diodes/med-high-diodes/VS-SD300N/R Series/VS-SD300N/R Series.pdf;None
VS-SD300N/R Series;Enlarge;380 at 100;6050;6335;3200;;-40 to +180;1.83;DO-9 (DO-205AB);Single;image/diodes/93545.png;Datasheet/diodes/med-high-diodes/VS-SD300N/R Series/VS-SD300N/R Series.pdf;None
VS-SD300N/R Series;Enlarge;380 at 70;6050;6335;3200;;-40 to +150;1.83;DO-9 (DO-205AB);Single;image/diodes/93545.png;Datasheet/diodes/med-high-diodes/VS-SD300N/R Series/VS-SD300N/R Series.pdf;None
VS-SD400C..C Series;Enlarge;800 at 55;8250;8640;2400;;-40 to +190;1.86;A-PUK (DO-200AA);Single;image/diodes/93547.png;Datasheet/diodes/med-high-diodes/VS-SD400C..C Series/VS-SD400C..C Series.pdf;None
VS-SD400C..C Series;Enlarge;800 at 55;8250;8640;2000;;-40 to +190;1.86;A-PUK (DO-200AA);Single;image/diodes/93547.png;Datasheet/diodes/med-high-diodes/VS-SD400C..C Series/VS-SD400C..C Series.pdf;None
VS-SD400C..C Series;Enlarge;800 at 55;8250;8640;1600;;-40 to +190;1.86;A-PUK (DO-200AA);Single;image/diodes/93547.png;Datasheet/diodes/med-high-diodes/VS-SD400C..C Series/VS-SD400C..C Series.pdf;None
VS-SD400C..C Series;Enlarge;800 at 55;8250;8640;1200;;-40 to +190;1.86;A-PUK (DO-200AA);Single;image/diodes/93547.png;Datasheet/diodes/med-high-diodes/VS-SD400C..C Series/VS-SD400C..C Series.pdf;None
VS-SD400C..C Series;Enlarge;800 at 55;8250;8640;400;;-40 to +190;1.86;A-PUK (DO-200AA);Single;image/diodes/93547.png;Datasheet/diodes/med-high-diodes/VS-SD400C..C Series/VS-SD400C..C Series.pdf;None
VS-SD400C..C Series;Enlarge;800 at 55;8250;8640;800;;-40 to +190;1.86;A-PUK (DO-200AA);Single;image/diodes/93547.png;Datasheet/diodes/med-high-diodes/VS-SD400C..C Series/VS-SD400C..C Series.pdf;None
VS-SD400N/R Series;Enlarge;480 at 120;8250;8640;1600;;-40 to +190;1.62;DO-9 (DO-205AB);Single;image/diodes/93548.png;Datasheet/diodes/med-high-diodes/VS-SD400N/R Series/VS-SD400N/R Series.pdf;None
VS-SD400N/R Series;Enlarge;480 at 120;8250;8640;2000;;-40 to +190;1.62;DO-9 (DO-205AB);Single;image/diodes/93548.png;Datasheet/diodes/med-high-diodes/VS-SD400N/R Series/VS-SD400N/R Series.pdf;None
VS-SD400N/R Series;Enlarge;480 at 120;8250;8640;2400;;-40 to +190;1.62;DO-9 (DO-205AB);Single;image/diodes/93548.png;Datasheet/diodes/med-high-diodes/VS-SD400N/R Series/VS-SD400N/R Series.pdf;None
VS-SD600N/R Series;Enlarge;600 at 92;13000;13600;400;;-40 to +180;1.31;B-8;Single;image/diodes/93551.png;Datasheet/diodes/med-high-diodes/VS-SD600N/R Series/VS-SD600N/R Series.pdf;None
VS-SD600N/R Series;Enlarge;600 at 54;10500;11000;400;;-40 to +150;1.44;B-8;Single;image/diodes/93551.png;Datasheet/diodes/med-high-diodes/VS-SD600N/R Series/VS-SD600N/R Series.pdf;None
VS-SD600N/R Series;Enlarge;600 at 92;13000;13600;800;;-40 to +180;1.31;B-8;Single;image/diodes/93551.png;Datasheet/diodes/med-high-diodes/VS-SD600N/R Series/VS-SD600N/R Series.pdf;None
VS-SD600N/R Series;Enlarge;600 at 54;10500;11000;800;;-40 to +150;1.44;B-8;Single;image/diodes/93551.png;Datasheet/diodes/med-high-diodes/VS-SD600N/R Series/VS-SD600N/R Series.pdf;None
VS-SD600N/R Series;Enlarge;600 at 92;13000;13600;1200;;-40 to +180;1.31;B-8;Single;image/diodes/93551.png;Datasheet/diodes/med-high-diodes/VS-SD600N/R Series/VS-SD600N/R Series.pdf;None
VS-SD600N/R Series;Enlarge;600 at 54;10500;11000;1200;;-40 to +150;1.44;B-8;Single;image/diodes/93551.png;Datasheet/diodes/med-high-diodes/VS-SD600N/R Series/VS-SD600N/R Series.pdf;None
VS-SD600N/R Series;Enlarge;600 at 92;13000;13600;1600;;-40 to +180;1.31;B-8;Single;image/diodes/93551.png;Datasheet/diodes/med-high-diodes/VS-SD600N/R Series/VS-SD600N/R Series.pdf;None
VS-SD600N/R Series;Enlarge;600 at 54;10500;11000;1600;;-40 to +150;1.44;B-8;Single;image/diodes/93551.png;Datasheet/diodes/med-high-diodes/VS-SD600N/R Series/VS-SD600N/R Series.pdf;None
VS-SD600N/R Series;Enlarge;600 at 92;13000;13600;2000;;-40 to +180;1.31;B-8;Single;image/diodes/93551.png;Datasheet/diodes/med-high-diodes/VS-SD600N/R Series/VS-SD600N/R Series.pdf;None
VS-SD600N/R Series;Enlarge;600 at 54;10500;11000;2000;;-40 to +150;1.44;B-8;Single;image/diodes/93551.png;Datasheet/diodes/med-high-diodes/VS-SD600N/R Series/VS-SD600N/R Series.pdf;None
VS-SD600N/R Series;Enlarge;600 at 92;13000;13600;2200;;-40 to +180;1.31;B-8;Single;image/diodes/93551.png;Datasheet/diodes/med-high-diodes/VS-SD600N/R Series/VS-SD600N/R Series.pdf;None
VS-SD600N/R Series;Enlarge;600 at 54;10500;11000;2200;;-40 to +150;1.44;B-8;Single;image/diodes/93551.png;Datasheet/diodes/med-high-diodes/VS-SD600N/R Series/VS-SD600N/R Series.pdf;None
VS-SD600N/R Series;Enlarge;600 at 92;13000;13600;2800;;-40 to +180;1.31;B-8;Single;image/diodes/93551.png;Datasheet/diodes/med-high-diodes/VS-SD600N/R Series/VS-SD600N/R Series.pdf;None
VS-SD600N/R Series;Enlarge;600 at 54;10500;11000;2800;;-40 to +150;1.44;B-8;Single;image/diodes/93551.png;Datasheet/diodes/med-high-diodes/VS-SD600N/R Series/VS-SD600N/R Series.pdf;None
VS-SD600N/R Series;Enlarge;600 at 92;13000;13600;3200;;-40 to +180;1.31;B-8;Single;image/diodes/93551.png;Datasheet/diodes/med-high-diodes/VS-SD600N/R Series/VS-SD600N/R Series.pdf;None
VS-SD600N/R Series;Enlarge;600 at 54;10500;11000;3200;;-40 to +150;1.44;B-8;Single;image/diodes/93551.png;Datasheet/diodes/med-high-diodes/VS-SD600N/R Series/VS-SD600N/R Series.pdf;None
VS-SD603C..C Series;Enlarge;600 at 55;8320;8715;2200;2;-40 to +125;2.97;B-43;Single;image/diodes/93178.png;Datasheet/diodes/med-high-diodes/VS-SD603C..C Series/VS-SD603C..C Series.pdf;None
VS-SD603C..C Series;Enlarge;600 at 55;8320;8715;2200;1.5;-40 to +125;2.97;B-43;Single;image/diodes/93178.png;Datasheet/diodes/med-high-diodes/VS-SD603C..C Series/VS-SD603C..C Series.pdf;None
VS-SD603C..C Series;Enlarge;600 at 55;8320;8715;2200;1;-40 to +125;2.97;B-43;Single;image/diodes/93178.png;Datasheet/diodes/med-high-diodes/VS-SD603C..C Series/VS-SD603C..C Series.pdf;None
VS-SD603C..C Series;Enlarge;600 at 55;8320;8715;2000;2;-40 to +125;2.97;B-43;Single;image/diodes/93178.png;Datasheet/diodes/med-high-diodes/VS-SD603C..C Series/VS-SD603C..C Series.pdf;None
VS-SD603C..C Series;Enlarge;600 at 55;8320;8715;2000;1;-40 to +125;2.97;B-43;Single;image/diodes/93178.png;Datasheet/diodes/med-high-diodes/VS-SD603C..C Series/VS-SD603C..C Series.pdf;None
VS-SD603C..C Series;Enlarge;600 at 55;8320;8715;2000;1.5;-40 to +125;2.97;B-43;Single;image/diodes/93178.png;Datasheet/diodes/med-high-diodes/VS-SD603C..C Series/VS-SD603C..C Series.pdf;None
VS-SD603C..C Series;Enlarge;600 at 55;8320;8715;1600;2;-40 to +125;2.97;B-43;Single;image/diodes/93178.png;Datasheet/diodes/med-high-diodes/VS-SD603C..C Series/VS-SD603C..C Series.pdf;None
VS-SD603C..C Series;Enlarge;600 at 55;8320;8715;1600;1.5;-40 to +125;2.97;B-43;Single;image/diodes/93178.png;Datasheet/diodes/med-high-diodes/VS-SD603C..C Series/VS-SD603C..C Series.pdf;None
VS-SD603C..C Series;Enlarge;600 at 55;8320;8715;1600;1;-40 to +125;2.97;B-43;Single;image/diodes/93178.png;Datasheet/diodes/med-high-diodes/VS-SD603C..C Series/VS-SD603C..C Series.pdf;None
VS-SD603C..C Series;Enlarge;600 at 55;8320;8715;1400;2;-40 to +125;2.97;B-43;Single;image/diodes/93178.png;Datasheet/diodes/med-high-diodes/VS-SD603C..C Series/VS-SD603C..C Series.pdf;None
VS-SD603C..C Series;Enlarge;600 at 55;8320;8715;1400;1.5;-40 to +125;2.97;B-43;Single;image/diodes/93178.png;Datasheet/diodes/med-high-diodes/VS-SD603C..C Series/VS-SD603C..C Series.pdf;None
VS-SD603C..C Series;Enlarge;600 at 55;8320;8715;1400;1;-40 to +125;2.97;B-43;Single;image/diodes/93178.png;Datasheet/diodes/med-high-diodes/VS-SD603C..C Series/VS-SD603C..C Series.pdf;None
VS-SD603C..C Series;Enlarge;600 at 55;8320;8715;1200;2;-40 to +125;2.97;B-43;Single;image/diodes/93178.png;Datasheet/diodes/med-high-diodes/VS-SD603C..C Series/VS-SD603C..C Series.pdf;None
VS-SD603C..C Series;Enlarge;600 at 55;8320;8715;1200;1.5;-40 to +125;2.97;B-43;Single;image/diodes/93178.png;Datasheet/diodes/med-high-diodes/VS-SD603C..C Series/VS-SD603C..C Series.pdf;None
VS-SD603C..C Series;Enlarge;600 at 55;8320;8715;1200;1;-40 to +125;2.97;B-43;Single;image/diodes/93178.png;Datasheet/diodes/med-high-diodes/VS-SD603C..C Series/VS-SD603C..C Series.pdf;None
VS-SD603C..C Series;Enlarge;600 at 55;8320;8715;1000;2;-40 to +125;2.97;B-43;Single;image/diodes/93178.png;Datasheet/diodes/med-high-diodes/VS-SD603C..C Series/VS-SD603C..C Series.pdf;None
VS-SD603C..C Series;Enlarge;600 at 55;8320;8715;1000;1.5;-40 to +125;2.97;B-43;Single;image/diodes/93178.png;Datasheet/diodes/med-high-diodes/VS-SD603C..C Series/VS-SD603C..C Series.pdf;None
VS-SD603C..C Series;Enlarge;600 at 55;8320;8715;1000;1;-40 to +125;2.97;B-43;Single;image/diodes/93178.png;Datasheet/diodes/med-high-diodes/VS-SD603C..C Series/VS-SD603C..C Series.pdf;None
VS-SD603C..C Series;Enlarge;600 at 55;8320;8715;800;2;-40 to +125;2.97;B-43;Single;image/diodes/93178.png;Datasheet/diodes/med-high-diodes/VS-SD603C..C Series/VS-SD603C..C Series.pdf;None
VS-SD603C..C Series;Enlarge;600 at 55;8320;8715;800;1.5;-40 to +125;2.97;B-43;Single;image/diodes/93178.png;Datasheet/diodes/med-high-diodes/VS-SD603C..C Series/VS-SD603C..C Series.pdf;None
VS-SD603C..C Series;Enlarge;600 at 55;8320;8715;800;1;-40 to +125;2.97;B-43;Single;image/diodes/93178.png;Datasheet/diodes/med-high-diodes/VS-SD603C..C Series/VS-SD603C..C Series.pdf;None
VS-SD603C..C Series;Enlarge;600 at 55;8320;8715;400;2;-40 to +125;2.97;B-43;Single;image/diodes/93178.png;Datasheet/diodes/med-high-diodes/VS-SD603C..C Series/VS-SD603C..C Series.pdf;None
VS-SD603C..C Series;Enlarge;600 at 55;8320;8715;400;1.5;-40 to +125;2.97;B-43;Single;image/diodes/93178.png;Datasheet/diodes/med-high-diodes/VS-SD603C..C Series/VS-SD603C..C Series.pdf;None
VS-SD603C..C Series;Enlarge;600 at 55;8320;8715;400;1;-40 to +125;2.97;B-43;Single;image/diodes/93178.png;Datasheet/diodes/med-high-diodes/VS-SD603C..C Series/VS-SD603C..C Series.pdf;None
VS-SD700C30L;Enlarge;700 at 55;7500;7850;3000;;-40 to +150;1.66;B-PUK (DO-200AB);Single;image/diodes/93552.png;Datasheet/diodes/med-high-diodes/VS-SD700C30L/VS-SD700C30L.pdf;None
