Series;Product Image;Product Group;VRmax. / VRRM(V);IFmax.(mA);VFmax. at IF(mV at mA);AEC-Q101 Qualified;Package (JEDEC®) Code;Circuit Configuration;Image path;Datasheet part;3d model part
BAS170WS;Enlarge;Small Signal Schottky Diode;70;70;1000 at 15;Yes;SOD-323;Single;image/diodes/85653.png;Datasheet/diodes/ss-schottky/BAS170WS/BAS170WS.pdf;Datasheet/diodes/ss-schottky/BAS170WS/BAS170WS.zip
BAS170WS-G;Enlarge;Small Signal Schottky Diode;70;70;1000 at 15;Yes;SOD-323;Single;image/diodes/85236.png;Datasheet/diodes/ss-schottky/BAS170WS-G/BAS170WS-G.pdf;Datasheet/diodes/ss-schottky/BAS170WS-G/BAS170WS-G.zip
BAS281, BAS282, BAS283;Enlarge;Small Signal Schottky Diodes;40;30;1000 at 15;No;QuadroMELF (SOD-80);Single;image/diodes/85500.png;Datasheet/diodes/ss-schottky/BAS281, BAS282, BAS283/BAS281, BAS282, BAS283.pdf;Datasheet/diodes/ss-schottky/BAS281, BAS282, BAS283/BAS281, BAS282, BAS283.zip
BAS281, BAS282, BAS283;Enlarge;Small Signal Schottky Diodes;50;30;1000 at 15;No;QuadroMELF (SOD-80);Single;image/diodes/85500.png;Datasheet/diodes/ss-schottky/BAS281, BAS282, BAS283/BAS281, BAS282, BAS283.pdf;Datasheet/diodes/ss-schottky/BAS281, BAS282, BAS283/BAS281, BAS282, BAS283.zip
BAS281, BAS282, BAS283;Enlarge;Small Signal Schottky Diodes;60;30;1000 at 15;No;QuadroMELF (SOD-80);Single;image/diodes/85500.png;Datasheet/diodes/ss-schottky/BAS281, BAS282, BAS283/BAS281, BAS282, BAS283.pdf;Datasheet/diodes/ss-schottky/BAS281, BAS282, BAS283/BAS281, BAS282, BAS283.zip
BAS285;Enlarge;Small Signal Schottky Diode;30;200;800 at 100;No;QuadroMELF (SOD-80);Single;image/diodes/85501.png;Datasheet/diodes/ss-schottky/BAS285/BAS285.pdf;Datasheet/diodes/ss-schottky/BAS285/BAS285.zip
BAS286;Enlarge;Small Signal Schottky Diode;50;200;900 at 100;No;QuadroMELF (SOD-80);Single;image/diodes/85502.png;Datasheet/diodes/ss-schottky/BAS286/BAS286.pdf;Datasheet/diodes/ss-schottky/BAS286/BAS286.zip
BAS381, BAS382, BAS383;Enlarge;Small Signal Schottky Diodes;40;30;1000 at 15;No;MicroMELF;Single;image/diodes/85503.png;Datasheet/diodes/ss-schottky/BAS381, BAS382, BAS383/BAS381, BAS382, BAS383.pdf;Datasheet/diodes/ss-schottky/BAS381, BAS382, BAS383/BAS381, BAS382, BAS383.zip
BAS381, BAS382, BAS383;Enlarge;Small Signal Schottky Diodes;50;30;1000 at 15;No;MicroMELF;Single;image/diodes/85503.png;Datasheet/diodes/ss-schottky/BAS381, BAS382, BAS383/BAS381, BAS382, BAS383.pdf;Datasheet/diodes/ss-schottky/BAS381, BAS382, BAS383/BAS381, BAS382, BAS383.zip
BAS381, BAS382, BAS383;Enlarge;Small Signal Schottky Diodes;60;30;1000 at 15;No;MicroMELF;Single;image/diodes/85503.png;Datasheet/diodes/ss-schottky/BAS381, BAS382, BAS383/BAS381, BAS382, BAS383.pdf;Datasheet/diodes/ss-schottky/BAS381, BAS382, BAS383/BAS381, BAS382, BAS383.zip
BAS385;Enlarge;Small Signal Schottky Diode;30;200;800 at 100;No;MicroMELF;Single;image/diodes/85504.png;Datasheet/diodes/ss-schottky/BAS385/BAS385.pdf;Datasheet/diodes/ss-schottky/BAS385/BAS385.zip
BAS386;Enlarge;Small Signal Schottky Diode;50;200;900 at 100;No;MicroMELF;Single;image/diodes/85505.png;Datasheet/diodes/ss-schottky/BAS386/BAS386.pdf;Datasheet/diodes/ss-schottky/BAS386/BAS386.zip
BAS40-00 to BAS40-06;Enlarge;Small Signal Schottky Diodes, Single and Dual;40;200;380 at 50;Yes;SOT-23;Single;image/diodes/86400.png;Datasheet/diodes/ss-schottky/BAS40-00 to BAS40-06/BAS40-00 to BAS40-06.pdf;Datasheet/diodes/ss-schottky/BAS40-00 to BAS40-06/BAS40-00 to BAS40-06.zip
BAS40-00 to BAS40-06;Enlarge;Small Signal Schottky Diodes, Single and Dual;40;200;380 at 50;Yes;SOT-23;Dual serial;image/diodes/86400.png;Datasheet/diodes/ss-schottky/BAS40-00 to BAS40-06/BAS40-00 to BAS40-06.pdf;Datasheet/diodes/ss-schottky/BAS40-00 to BAS40-06/BAS40-00 to BAS40-06.zip
BAS40-00 to BAS40-06;Enlarge;Small Signal Schottky Diodes, Single and Dual;40;200;380 at 50;Yes;SOT-23;Common cathode;image/diodes/86400.png;Datasheet/diodes/ss-schottky/BAS40-00 to BAS40-06/BAS40-00 to BAS40-06.pdf;Datasheet/diodes/ss-schottky/BAS40-00 to BAS40-06/BAS40-00 to BAS40-06.zip
BAS40-00 to BAS40-06;Enlarge;Small Signal Schottky Diodes, Single and Dual;40;200;380 at 50;Yes;SOT-23;Common anode;image/diodes/86400.png;Datasheet/diodes/ss-schottky/BAS40-00 to BAS40-06/BAS40-00 to BAS40-06.pdf;Datasheet/diodes/ss-schottky/BAS40-00 to BAS40-06/BAS40-00 to BAS40-06.zip
BAS40-00-G to BAS40-06-G;Enlarge;Small Signal Schottky Diodes, Single and Dual;40;200;380 at 50;Yes;SOT-23;Single;image/diodes/86401.png;Datasheet/diodes/ss-schottky/BAS40-00-G to BAS40-06-G/BAS40-00-G to BAS40-06-G.pdf;Datasheet/diodes/ss-schottky/BAS40-00-G to BAS40-06-G/BAS40-00-G to BAS40-06-G.zip
BAS40-00-G to BAS40-06-G;Enlarge;Small Signal Schottky Diodes, Single and Dual;40;200;380 at 50;Yes;SOT-23;Dual serial;image/diodes/86401.png;Datasheet/diodes/ss-schottky/BAS40-00-G to BAS40-06-G/BAS40-00-G to BAS40-06-G.pdf;Datasheet/diodes/ss-schottky/BAS40-00-G to BAS40-06-G/BAS40-00-G to BAS40-06-G.zip
BAS40-00-G to BAS40-06-G;Enlarge;Small Signal Schottky Diodes, Single and Dual;40;200;380 at 50;Yes;SOT-23;Common cathode;image/diodes/86401.png;Datasheet/diodes/ss-schottky/BAS40-00-G to BAS40-06-G/BAS40-00-G to BAS40-06-G.pdf;Datasheet/diodes/ss-schottky/BAS40-00-G to BAS40-06-G/BAS40-00-G to BAS40-06-G.zip
BAS40-00-G to BAS40-06-G;Enlarge;Small Signal Schottky Diodes, Single and Dual;40;200;380 at 50;Yes;SOT-23;Common anode;image/diodes/86401.png;Datasheet/diodes/ss-schottky/BAS40-00-G to BAS40-06-G/BAS40-00-G to BAS40-06-G.pdf;Datasheet/diodes/ss-schottky/BAS40-00-G to BAS40-06-G/BAS40-00-G to BAS40-06-G.zip
BAS40-02V;Enlarge;Small Signal Schottky Diode;40;120;1000 at 40;Yes;SOD-523;Single;image/diodes/85651.png;Datasheet/diodes/ss-schottky/BAS40-02V/BAS40-02V.pdf;None
BAS40L;Enlarge;Small Signal Schottky Diode;40;200;400 at 40;Yes;DFN1006-2A;Single;image/diodes/86189.png;Datasheet/diodes/ss-schottky/BAS40L/BAS40L.pdf;None
BAS40LTH;Enlarge;"Small Signal Schottky Diode with TJ max. = 175 &#176;C";40;200;400 at 40;Yes;DFN1006-2A;Single;image/diodes/86328.png;Datasheet/diodes/ss-schottky/BAS40LTH/BAS40LTH.pdf;None
BAS581-02V;Enlarge;Small Signal Schottky Diode;40;30;370 at 1;Yes;SOD-523;Single;image/diodes/85516.png;Datasheet/diodes/ss-schottky/BAS581-02V/BAS581-02V.pdf;None
BAS70-00 to BAS70-06;Enlarge;Small Signal Schottky Diodes, Single and Dual;70;200;410 at 50;Yes;SOT-23;Single;image/diodes/86402.png;Datasheet/diodes/ss-schottky/BAS70-00 to BAS70-06/BAS70-00 to BAS70-06.pdf;Datasheet/diodes/ss-schottky/BAS70-00 to BAS70-06/BAS70-00 to BAS70-06.zip
BAS70-00 to BAS70-06;Enlarge;Small Signal Schottky Diodes, Single and Dual;70;200;410 at 50;Yes;SOT-23;Dual serial;image/diodes/86402.png;Datasheet/diodes/ss-schottky/BAS70-00 to BAS70-06/BAS70-00 to BAS70-06.pdf;Datasheet/diodes/ss-schottky/BAS70-00 to BAS70-06/BAS70-00 to BAS70-06.zip
BAS70-00 to BAS70-06;Enlarge;Small Signal Schottky Diodes, Single and Dual;70;200;410 at 50;Yes;SOT-23;Common cathode;image/diodes/86402.png;Datasheet/diodes/ss-schottky/BAS70-00 to BAS70-06/BAS70-00 to BAS70-06.pdf;Datasheet/diodes/ss-schottky/BAS70-00 to BAS70-06/BAS70-00 to BAS70-06.zip
BAS70-00 to BAS70-06;Enlarge;Small Signal Schottky Diodes, Single and Dual;70;200;410 at 50;Yes;SOT-23;Common anode;image/diodes/86402.png;Datasheet/diodes/ss-schottky/BAS70-00 to BAS70-06/BAS70-00 to BAS70-06.pdf;Datasheet/diodes/ss-schottky/BAS70-00 to BAS70-06/BAS70-00 to BAS70-06.zip
BAS70-00-G to BAS70-06-G;Enlarge;Small Signal Schottky Diodes, Single and Dual;70;200;410 at 50;Yes;SOT-23;Single;image/diodes/86403.png;Datasheet/diodes/ss-schottky/BAS70-00-G to BAS70-06-G/BAS70-00-G to BAS70-06-G.pdf;Datasheet/diodes/ss-schottky/BAS70-00-G to BAS70-06-G/BAS70-00-G to BAS70-06-G.zip
BAS70-00-G to BAS70-06-G;Enlarge;Small Signal Schottky Diodes, Single and Dual;70;200;410 at 50;Yes;SOT-23;Dual serial;image/diodes/86403.png;Datasheet/diodes/ss-schottky/BAS70-00-G to BAS70-06-G/BAS70-00-G to BAS70-06-G.pdf;Datasheet/diodes/ss-schottky/BAS70-00-G to BAS70-06-G/BAS70-00-G to BAS70-06-G.zip
BAS70-00-G to BAS70-06-G;Enlarge;Small Signal Schottky Diodes, Single and Dual;70;200;410 at 50;Yes;SOT-23;Common cathode;image/diodes/86403.png;Datasheet/diodes/ss-schottky/BAS70-00-G to BAS70-06-G/BAS70-00-G to BAS70-06-G.pdf;Datasheet/diodes/ss-schottky/BAS70-00-G to BAS70-06-G/BAS70-00-G to BAS70-06-G.zip
BAS70-00-G to BAS70-06-G;Enlarge;Small Signal Schottky Diodes, Single and Dual;70;200;410 at 50;Yes;SOT-23;Common anode;image/diodes/86403.png;Datasheet/diodes/ss-schottky/BAS70-00-G to BAS70-06-G/BAS70-00-G to BAS70-06-G.pdf;Datasheet/diodes/ss-schottky/BAS70-00-G to BAS70-06-G/BAS70-00-G to BAS70-06-G.zip
BAS70-02V;Enlarge;Small Signal Schottky Diode;70;100;1000 at 15;Yes;SOD-523;Single;image/diodes/85652.png;Datasheet/diodes/ss-schottky/BAS70-02V/BAS70-02V.pdf;None
BAS81, BAS82, BAS83;Enlarge;Small Signal Schottky Diodes;40;30;1000 at 15;No;MiniMELF (SOD-80);Single;image/diodes/85509.png;Datasheet/diodes/ss-schottky/BAS81, BAS82, BAS83/BAS81, BAS82, BAS83.pdf;Datasheet/diodes/ss-schottky/BAS81, BAS82, BAS83/BAS81, BAS82, BAS83.zip
BAS81, BAS82, BAS83;Enlarge;Small Signal Schottky Diodes;50;30;1000 at 15;No;MiniMELF (SOD-80);Single;image/diodes/85509.png;Datasheet/diodes/ss-schottky/BAS81, BAS82, BAS83/BAS81, BAS82, BAS83.pdf;Datasheet/diodes/ss-schottky/BAS81, BAS82, BAS83/BAS81, BAS82, BAS83.zip
BAS81, BAS82, BAS83;Enlarge;Small Signal Schottky Diodes;60;30;1000 at 15;No;MiniMELF (SOD-80);Single;image/diodes/85509.png;Datasheet/diodes/ss-schottky/BAS81, BAS82, BAS83/BAS81, BAS82, BAS83.pdf;Datasheet/diodes/ss-schottky/BAS81, BAS82, BAS83/BAS81, BAS82, BAS83.zip
BAS85;Enlarge;Small Signal Schottky Diode;30;200;800 at 100;No;MiniMELF (SOD-80);Single;image/diodes/85510.png;Datasheet/diodes/ss-schottky/BAS85/BAS85.pdf;Datasheet/diodes/ss-schottky/BAS85/BAS85.zip
BAS85-M;Enlarge;Small Signal Schottky Diode;30;200;800 at 100;No;MiniMELF (SOD-80);Single;image/diodes/83403.png;Datasheet/diodes/ss-schottky/BAS85-M/BAS85-M.pdf;Datasheet/diodes/ss-schottky/BAS85-M/BAS85-M.zip
BAS86;Enlarge;Small Signal Schottky Diode;;;;;;;image/diodes/85511.png;Datasheet/diodes/ss-schottky/BAS86/BAS86.pdf;Datasheet/diodes/ss-schottky/BAS86/BAS86.zip
BAS86-M;Enlarge;Small Signal Schottky Diode;50;200;900 at 100;No;MiniMELF (SOD-80);Single;image/diodes/83402.png;Datasheet/diodes/ss-schottky/BAS86-M/BAS86-M.pdf;Datasheet/diodes/ss-schottky/BAS86-M/BAS86-M.zip
BAT165;Enlarge;Small Signal Schottky Diode;40;750;740 at 750;Yes;MicroSMF (DO-219AC);Single;image/diodes/86134.png;Datasheet/diodes/ss-schottky/BAT165/BAT165.pdf;None
BAT41;Enlarge;Small Signal Schottky Diode;100;100;1000 at 200;No;DO-35 (DO-204AH);Single;image/diodes/85659.png;Datasheet/diodes/ss-schottky/BAT41/BAT41.pdf;Datasheet/diodes/ss-schottky/BAT41/BAT41.zip
BAT42, BAT43;Enlarge;Small Signal Schottky Diode;30;200;650 at 200;No;DO-35 (DO-204AH);Single;image/diodes/85660.png;Datasheet/diodes/ss-schottky/BAT42, BAT43/BAT42, BAT43.pdf;Datasheet/diodes/ss-schottky/BAT42, BAT43/BAT42, BAT43.zip
BAT42, BAT43;Enlarge;Small Signal Schottky Diode;30;200;450 at 200;No;DO-35 (DO-204AH);Single;image/diodes/85660.png;Datasheet/diodes/ss-schottky/BAT42, BAT43/BAT42, BAT43.pdf;Datasheet/diodes/ss-schottky/BAT42, BAT43/BAT42, BAT43.zip
BAT42W, BAT43W;Enlarge;Small Signal Schottky Diode;30;300;650 at 200;Yes;SOD-123;Single;image/diodes/86404.png;Datasheet/diodes/ss-schottky/BAT42W, BAT43W/BAT42W, BAT43W.pdf;Datasheet/diodes/ss-schottky/BAT42W, BAT43W/BAT42W, BAT43W.zip
BAT42W, BAT43W;Enlarge;Small Signal Schottky Diode;30;300;450 at 200;Yes;SOD-123;Single;image/diodes/86404.png;Datasheet/diodes/ss-schottky/BAT42W, BAT43W/BAT42W, BAT43W.pdf;Datasheet/diodes/ss-schottky/BAT42W, BAT43W/BAT42W, BAT43W.zip
BAT42W-G, BAT43W-G;Enlarge;Small Signal Schottky Diode;30;300;1000 at 200;Yes;SOD-123;Single;image/diodes/86405.png;Datasheet/diodes/ss-schottky/BAT42W-G, BAT43W-G/BAT42W-G, BAT43W-G.pdf;Datasheet/diodes/ss-schottky/BAT42W-G, BAT43W-G/BAT42W-G, BAT43W-G.zip
BAT42WS, BAT43WS;Enlarge;Small Signal Schottky Diode;30;200;650 at 200;Yes;SOD-323;Single;image/diodes/81813.png;Datasheet/diodes/ss-schottky/BAT42WS, BAT43WS/BAT42WS, BAT43WS.pdf;Datasheet/diodes/ss-schottky/BAT42WS, BAT43WS/BAT42WS, BAT43WS.zip
BAT42WS, BAT43WS;Enlarge;Small Signal Schottky Diode;30;200;450 at 200;Yes;SOD-323;Single;image/diodes/81813.png;Datasheet/diodes/ss-schottky/BAT42WS, BAT43WS/BAT42WS, BAT43WS.pdf;Datasheet/diodes/ss-schottky/BAT42WS, BAT43WS/BAT42WS, BAT43WS.zip
BAT42WS-G, BAT43WS-G;Enlarge;Small Signal Schottky Diode;30;200;650 at 200;Yes;SOD-323;Single;image/diodes/85238.png;Datasheet/diodes/ss-schottky/BAT42WS-G, BAT43WS-G/BAT42WS-G, BAT43WS-G.pdf;Datasheet/diodes/ss-schottky/BAT42WS-G, BAT43WS-G/BAT42WS-G, BAT43WS-G.zip
BAT42WS-G, BAT43WS-G;Enlarge;Small Signal Schottky Diode;30;200;450 at 200;Yes;SOD-323;Single;image/diodes/85238.png;Datasheet/diodes/ss-schottky/BAT42WS-G, BAT43WS-G/BAT42WS-G, BAT43WS-G.pdf;Datasheet/diodes/ss-schottky/BAT42WS-G, BAT43WS-G/BAT42WS-G, BAT43WS-G.zip
BAT46;Enlarge;Small Signal Schottky Diode;100;150;1000 at 250;No;DO-35 (DO-204AH);Single;image/diodes/85662.png;Datasheet/diodes/ss-schottky/BAT46/BAT46.pdf;Datasheet/diodes/ss-schottky/BAT46/BAT46.zip
BAT46W;Enlarge;Small Signal Schottky Diode;100;200;1000 at 250;Yes;SOD-123;Single;image/diodes/86406.png;Datasheet/diodes/ss-schottky/BAT46W/BAT46W.pdf;Datasheet/diodes/ss-schottky/BAT46W/BAT46W.zip
BAT46W-G;Enlarge;Small Signal Schottky Diode;100;200;1000 at 250;Yes;SOD-123;Single;image/diodes/86407.png;Datasheet/diodes/ss-schottky/BAT46W-G/BAT46W-G.pdf;Datasheet/diodes/ss-schottky/BAT46W-G/BAT46W-G.zip
BAT54, BAT54A, BAT54C, BAT54S;Enlarge;Small Signal Schottky Diodes, Single and Dual;30;200;800 at 100;Yes;SOT-23;Single;image/diodes/86410.png;Datasheet/diodes/ss-schottky/BAT54, BAT54A, BAT54C, BAT54S/BAT54, BAT54A, BAT54C, BAT54S.pdf;Datasheet/diodes/ss-schottky/BAT54, BAT54A, BAT54C, BAT54S/BAT54, BAT54A, BAT54C, BAT54S.zip
BAT54, BAT54A, BAT54C, BAT54S;Enlarge;Small Signal Schottky Diodes, Single and Dual;30;200;800 at 100;Yes;SOT-23;Common anode;image/diodes/86410.png;Datasheet/diodes/ss-schottky/BAT54, BAT54A, BAT54C, BAT54S/BAT54, BAT54A, BAT54C, BAT54S.pdf;Datasheet/diodes/ss-schottky/BAT54, BAT54A, BAT54C, BAT54S/BAT54, BAT54A, BAT54C, BAT54S.zip
BAT54, BAT54A, BAT54C, BAT54S;Enlarge;Small Signal Schottky Diodes, Single and Dual;30;200;800 at 100;Yes;SOT-23;Common cathode;image/diodes/86410.png;Datasheet/diodes/ss-schottky/BAT54, BAT54A, BAT54C, BAT54S/BAT54, BAT54A, BAT54C, BAT54S.pdf;Datasheet/diodes/ss-schottky/BAT54, BAT54A, BAT54C, BAT54S/BAT54, BAT54A, BAT54C, BAT54S.zip
BAT54, BAT54A, BAT54C, BAT54S;Enlarge;Small Signal Schottky Diodes, Single and Dual;30;200;800 at 100;Yes;SOT-23;Dual serial;image/diodes/86410.png;Datasheet/diodes/ss-schottky/BAT54, BAT54A, BAT54C, BAT54S/BAT54, BAT54A, BAT54C, BAT54S.pdf;Datasheet/diodes/ss-schottky/BAT54, BAT54A, BAT54C, BAT54S/BAT54, BAT54A, BAT54C, BAT54S.zip
BAT54-02V;Enlarge;Small Signal Schottky Diode;30;200;800 at 100;Yes;SOD-523;Single;image/diodes/85633.png;Datasheet/diodes/ss-schottky/BAT54-02V/BAT54-02V.pdf;None
BAT54-G, BAT54A-G, BAT54C-G, BAT54S-G;Enlarge;Small Signal Schottky Diodes, Single and Dual;30;200;800 at 100;Yes;SOT-23;Single;image/diodes/86411.png;Datasheet/diodes/ss-schottky/BAT54-G, BAT54A-G, BAT54C-G, BAT54S-G/BAT54-G, BAT54A-G, BAT54C-G, BAT54S-G.pdf;Datasheet/diodes/ss-schottky/BAT54-G, BAT54A-G, BAT54C-G, BAT54S-G/BAT54-G, BAT54A-G, BAT54C-G, BAT54S-G.zip
BAT54-G, BAT54A-G, BAT54C-G, BAT54S-G;Enlarge;Small Signal Schottky Diodes, Single and Dual;30;200;800 at 100;Yes;SOT-23;Common anode;image/diodes/86411.png;Datasheet/diodes/ss-schottky/BAT54-G, BAT54A-G, BAT54C-G, BAT54S-G/BAT54-G, BAT54A-G, BAT54C-G, BAT54S-G.pdf;Datasheet/diodes/ss-schottky/BAT54-G, BAT54A-G, BAT54C-G, BAT54S-G/BAT54-G, BAT54A-G, BAT54C-G, BAT54S-G.zip
BAT54-G, BAT54A-G, BAT54C-G, BAT54S-G;Enlarge;Small Signal Schottky Diodes, Single and Dual;30;200;800 at 100;Yes;SOT-23;Common cathode;image/diodes/86411.png;Datasheet/diodes/ss-schottky/BAT54-G, BAT54A-G, BAT54C-G, BAT54S-G/BAT54-G, BAT54A-G, BAT54C-G, BAT54S-G.pdf;Datasheet/diodes/ss-schottky/BAT54-G, BAT54A-G, BAT54C-G, BAT54S-G/BAT54-G, BAT54A-G, BAT54C-G, BAT54S-G.zip
BAT54-G, BAT54A-G, BAT54C-G, BAT54S-G;Enlarge;Small Signal Schottky Diodes, Single and Dual;30;200;800 at 100;Yes;SOT-23;Dual serial;image/diodes/86411.png;Datasheet/diodes/ss-schottky/BAT54-G, BAT54A-G, BAT54C-G, BAT54S-G/BAT54-G, BAT54A-G, BAT54C-G, BAT54S-G.pdf;Datasheet/diodes/ss-schottky/BAT54-G, BAT54A-G, BAT54C-G, BAT54S-G/BAT54-G, BAT54A-G, BAT54C-G, BAT54S-G.zip
BAT54W;Enlarge;Small Signal Schottky Diode;30;200;800 at 100;Yes;SOD-123;Single;image/diodes/86408.png;Datasheet/diodes/ss-schottky/BAT54W/BAT54W.pdf;Datasheet/diodes/ss-schottky/BAT54W/BAT54W.zip
BAT54W-G;Enlarge;Small Signal Schottky Diode;30;200;800 at 100;Yes;SOD-123;Single;image/diodes/86409.png;Datasheet/diodes/ss-schottky/BAT54W-G/BAT54W-G.pdf;Datasheet/diodes/ss-schottky/BAT54W-G/BAT54W-G.zip
BAT54WS;Enlarge;Small Signal Schottky Diode;30;200;800 at 100;Yes;SOD-323;Single;image/diodes/85667.png;Datasheet/diodes/ss-schottky/BAT54WS/BAT54WS.pdf;Datasheet/diodes/ss-schottky/BAT54WS/BAT54WS.zip
BAT54WS-G;Enlarge;Small Signal Schottky Diode;30;200;800 at 100;Yes;SOD-323;Single;image/diodes/85241.png;Datasheet/diodes/ss-schottky/BAT54WS-G/BAT54WS-G.pdf;Datasheet/diodes/ss-schottky/BAT54WS-G/BAT54WS-G.zip
BAT81S, BAT82S, BAT83S;Enlarge;Small Signal Schottky Diode;40;30;1000 at 15;No;DO-35 (DO-204AH);Single;image/diodes/85512.png;Datasheet/diodes/ss-schottky/BAT81S, BAT82S, BAT83S/BAT81S, BAT82S, BAT83S.pdf;Datasheet/diodes/ss-schottky/BAT81S, BAT82S, BAT83S/BAT81S, BAT82S, BAT83S.zip
BAT81S, BAT82S, BAT83S;Enlarge;Small Signal Schottky Diode;50;30;1000 at 15;No;DO-35 (DO-204AH);Single;image/diodes/85512.png;Datasheet/diodes/ss-schottky/BAT81S, BAT82S, BAT83S/BAT81S, BAT82S, BAT83S.pdf;Datasheet/diodes/ss-schottky/BAT81S, BAT82S, BAT83S/BAT81S, BAT82S, BAT83S.zip
BAT81S, BAT82S, BAT83S;Enlarge;Small Signal Schottky Diode;60;30;1000 at 15;No;DO-35 (DO-204AH);Single;image/diodes/85512.png;Datasheet/diodes/ss-schottky/BAT81S, BAT82S, BAT83S/BAT81S, BAT82S, BAT83S.pdf;Datasheet/diodes/ss-schottky/BAT81S, BAT82S, BAT83S/BAT81S, BAT82S, BAT83S.zip
BAT85S;Enlarge;Small Signal Schottky Diode;30;200;800 at 100;No;DO-35 (DO-204AH);Single;image/diodes/85513.png;Datasheet/diodes/ss-schottky/BAT85S/BAT85S.pdf;Datasheet/diodes/ss-schottky/BAT85S/BAT85S.zip
BAT86S;Enlarge;Small Signal Schottky Diode;50;200;900 at 100;No;DO-35 (DO-204AH);Single;image/diodes/85514.png;Datasheet/diodes/ss-schottky/BAT86S/BAT86S.pdf;Datasheet/diodes/ss-schottky/BAT86S/BAT86S.zip
LL101A, LL101B, LL101C;Enlarge;Small Signal Schottky Diode;60;30;1000 at 15;No;MiniMELF (SOD-80);Single;image/diodes/85626.png;Datasheet/diodes/ss-schottky/LL101A, LL101B, LL101C/LL101A, LL101B, LL101C.pdf;Datasheet/diodes/ss-schottky/LL101A, LL101B, LL101C/LL101A, LL101B, LL101C.zip
LL101A, LL101B, LL101C;Enlarge;Small Signal Schottky Diode;50;30;950 at 15;No;MiniMELF (SOD-80);Single;image/diodes/85626.png;Datasheet/diodes/ss-schottky/LL101A, LL101B, LL101C/LL101A, LL101B, LL101C.pdf;Datasheet/diodes/ss-schottky/LL101A, LL101B, LL101C/LL101A, LL101B, LL101C.zip
LL101A, LL101B, LL101C;Enlarge;Small Signal Schottky Diode;40;30;900 at 15;No;MiniMELF (SOD-80);Single;image/diodes/85626.png;Datasheet/diodes/ss-schottky/LL101A, LL101B, LL101C/LL101A, LL101B, LL101C.pdf;Datasheet/diodes/ss-schottky/LL101A, LL101B, LL101C/LL101A, LL101B, LL101C.zip
LL103A, LL103B, LL103C;Enlarge;Small Signal Schottky Diode;40;200;600 at 200;No;MiniMELF (SOD-80);Single;image/diodes/85630.png;Datasheet/diodes/ss-schottky/LL103A, LL103B, LL103C/LL103A, LL103B, LL103C.pdf;Datasheet/diodes/ss-schottky/LL103A, LL103B, LL103C/LL103A, LL103B, LL103C.zip
LL103A, LL103B, LL103C;Enlarge;Small Signal Schottky Diode;30;200;600 at 200;No;MiniMELF (SOD-80);Single;image/diodes/85630.png;Datasheet/diodes/ss-schottky/LL103A, LL103B, LL103C/LL103A, LL103B, LL103C.pdf;Datasheet/diodes/ss-schottky/LL103A, LL103B, LL103C/LL103A, LL103B, LL103C.zip
LL103A, LL103B, LL103C;Enlarge;Small Signal Schottky Diode;20;200;600 at 200;No;MiniMELF (SOD-80);Single;image/diodes/85630.png;Datasheet/diodes/ss-schottky/LL103A, LL103B, LL103C/LL103A, LL103B, LL103C.pdf;Datasheet/diodes/ss-schottky/LL103A, LL103B, LL103C/LL103A, LL103B, LL103C.zip
LL41;Enlarge;Small Signal Schottky Diode;100;100;1000 at 200;No;MiniMELF (SOD-80);Single;image/diodes/85671.png;Datasheet/diodes/ss-schottky/LL41/LL41.pdf;Datasheet/diodes/ss-schottky/LL41/LL41.zip
LL42, LL43;Enlarge;Small Signal Schottky Diode;30;200;650 at 200;No;MiniMELF (SOD-80);Single;image/diodes/85672.png;Datasheet/diodes/ss-schottky/LL42, LL43/LL42, LL43.pdf;Datasheet/diodes/ss-schottky/LL42, LL43/LL42, LL43.zip
LL42, LL43;Enlarge;Small Signal Schottky Diode;30;200;450 at 200;No;MiniMELF (SOD-80);Single;image/diodes/85672.png;Datasheet/diodes/ss-schottky/LL42, LL43/LL42, LL43.pdf;Datasheet/diodes/ss-schottky/LL42, LL43/LL42, LL43.zip
LL46;Enlarge;Small Signal Schottky Diode;100;150;1000 at 250;No;MiniMELF (SOD-80);Single;image/diodes/85673.png;Datasheet/diodes/ss-schottky/LL46/LL46.pdf;Datasheet/diodes/ss-schottky/LL46/LL46.zip
LS101A, LS101B, LS101C;Enlarge;Small Signal Schottky Diodes;60;30;1000 at 15;No;QuadroMELF (SOD-80);Single;image/diodes/85628.png;Datasheet/diodes/ss-schottky/LS101A, LS101B, LS101C/LS101A, LS101B, LS101C.pdf;Datasheet/diodes/ss-schottky/LS101A, LS101B, LS101C/LS101A, LS101B, LS101C.zip
LS101A, LS101B, LS101C;Enlarge;Small Signal Schottky Diodes;50;30;1000 at 15;No;QuadroMELF (SOD-80);Single;image/diodes/85628.png;Datasheet/diodes/ss-schottky/LS101A, LS101B, LS101C/LS101A, LS101B, LS101C.pdf;Datasheet/diodes/ss-schottky/LS101A, LS101B, LS101C/LS101A, LS101B, LS101C.zip
LS101A, LS101B, LS101C;Enlarge;Small Signal Schottky Diodes;40;30;1000 at 15;No;QuadroMELF (SOD-80);Single;image/diodes/85628.png;Datasheet/diodes/ss-schottky/LS101A, LS101B, LS101C/LS101A, LS101B, LS101C.pdf;Datasheet/diodes/ss-schottky/LS101A, LS101B, LS101C/LS101A, LS101B, LS101C.zip
LS103A, LS103B, LS103C;Enlarge;Small Signal Schottky Diodes;40;30;600 at 200;No;QuadroMELF (SOD-80);Single;image/diodes/85631.png;Datasheet/diodes/ss-schottky/LS103A, LS103B, LS103C/LS103A, LS103B, LS103C.pdf;Datasheet/diodes/ss-schottky/LS103A, LS103B, LS103C/LS103A, LS103B, LS103C.zip
LS103A, LS103B, LS103C;Enlarge;Small Signal Schottky Diodes;30;30;600 at 200;No;QuadroMELF (SOD-80);Single;image/diodes/85631.png;Datasheet/diodes/ss-schottky/LS103A, LS103B, LS103C/LS103A, LS103B, LS103C.pdf;Datasheet/diodes/ss-schottky/LS103A, LS103B, LS103C/LS103A, LS103B, LS103C.zip
LS103A, LS103B, LS103C;Enlarge;Small Signal Schottky Diodes;20;30;600 at 200;No;QuadroMELF (SOD-80);Single;image/diodes/85631.png;Datasheet/diodes/ss-schottky/LS103A, LS103B, LS103C/LS103A, LS103B, LS103C.pdf;Datasheet/diodes/ss-schottky/LS103A, LS103B, LS103C/LS103A, LS103B, LS103C.zip
MCL101A, MCL101B, MCL101C;Enlarge;Small Signal Schottky Diodes;60;30;1000 at 15;No;MicroMELF;Single;image/diodes/85627.png;Datasheet/diodes/ss-schottky/MCL101A, MCL101B, MCL101C/MCL101A, MCL101B, MCL101C.pdf;Datasheet/diodes/ss-schottky/MCL101A, MCL101B, MCL101C/MCL101A, MCL101B, MCL101C.zip
MCL101A, MCL101B, MCL101C;Enlarge;Small Signal Schottky Diodes;50;30;1000 at 15;No;MicroMELF;Single;image/diodes/85627.png;Datasheet/diodes/ss-schottky/MCL101A, MCL101B, MCL101C/MCL101A, MCL101B, MCL101C.pdf;Datasheet/diodes/ss-schottky/MCL101A, MCL101B, MCL101C/MCL101A, MCL101B, MCL101C.zip
MCL101A, MCL101B, MCL101C;Enlarge;Small Signal Schottky Diodes;40;30;1000 at 15;No;MicroMELF;Single;image/diodes/85627.png;Datasheet/diodes/ss-schottky/MCL101A, MCL101B, MCL101C/MCL101A, MCL101B, MCL101C.pdf;Datasheet/diodes/ss-schottky/MCL101A, MCL101B, MCL101C/MCL101A, MCL101B, MCL101C.zip
MCL103A, MCL103B, MCL103C;Enlarge;Small Signal Schottky Diodes;40;200;600 at 200;No;MicroMELF;Single;image/diodes/85632.png;Datasheet/diodes/ss-schottky/MCL103A, MCL103B, MCL103C/MCL103A, MCL103B, MCL103C.pdf;Datasheet/diodes/ss-schottky/MCL103A, MCL103B, MCL103C/MCL103A, MCL103B, MCL103C.zip
MCL103A, MCL103B, MCL103C;Enlarge;Small Signal Schottky Diodes;30;200;600 at 200;No;MicroMELF;Single;image/diodes/85632.png;Datasheet/diodes/ss-schottky/MCL103A, MCL103B, MCL103C/MCL103A, MCL103B, MCL103C.pdf;Datasheet/diodes/ss-schottky/MCL103A, MCL103B, MCL103C/MCL103A, MCL103B, MCL103C.zip
MCL103A, MCL103B, MCL103C;Enlarge;Small Signal Schottky Diodes;20;200;600 at 200;No;MicroMELF;Single;image/diodes/85632.png;Datasheet/diodes/ss-schottky/MCL103A, MCL103B, MCL103C/MCL103A, MCL103B, MCL103C.pdf;Datasheet/diodes/ss-schottky/MCL103A, MCL103B, MCL103C/MCL103A, MCL103B, MCL103C.zip
SD101A, SD101B, SD101C;Enlarge;Small Signal Schottky Diodes;60;30;1000 at 15;No;DO-35 (DO-204AH);Single;image/diodes/85629.png;Datasheet/diodes/ss-schottky/SD101A, SD101B, SD101C/SD101A, SD101B, SD101C.pdf;Datasheet/diodes/ss-schottky/SD101A, SD101B, SD101C/SD101A, SD101B, SD101C.zip
SD101A, SD101B, SD101C;Enlarge;Small Signal Schottky Diodes;50;30;1000 at 15;No;DO-35 (DO-204AH);Single;image/diodes/85629.png;Datasheet/diodes/ss-schottky/SD101A, SD101B, SD101C/SD101A, SD101B, SD101C.pdf;Datasheet/diodes/ss-schottky/SD101A, SD101B, SD101C/SD101A, SD101B, SD101C.zip
SD101A, SD101B, SD101C;Enlarge;Small Signal Schottky Diodes;40;30;1000 at 15;No;DO-35 (DO-204AH);Single;image/diodes/85629.png;Datasheet/diodes/ss-schottky/SD101A, SD101B, SD101C/SD101A, SD101B, SD101C.pdf;Datasheet/diodes/ss-schottky/SD101A, SD101B, SD101C/SD101A, SD101B, SD101C.zip
SD101AW, SD101BW, SD101CW;Enlarge;Small Signal Schottky Diodes;60;100;1000 at 15;No;SOD-123;Single;image/diodes/86412.png;Datasheet/diodes/ss-schottky/SD101AW, SD101BW, SD101CW/SD101AW, SD101BW, SD101CW.pdf;Datasheet/diodes/ss-schottky/SD101AW, SD101BW, SD101CW/SD101AW, SD101BW, SD101CW.zip
SD101AW, SD101BW, SD101CW;Enlarge;Small Signal Schottky Diodes;50;100;1000 at 15;No;SOD-123;Single;image/diodes/86412.png;Datasheet/diodes/ss-schottky/SD101AW, SD101BW, SD101CW/SD101AW, SD101BW, SD101CW.pdf;Datasheet/diodes/ss-schottky/SD101AW, SD101BW, SD101CW/SD101AW, SD101BW, SD101CW.zip
SD101AW, SD101BW, SD101CW;Enlarge;Small Signal Schottky Diodes;40;100;1000 at 15;No;SOD-123;Single;image/diodes/86412.png;Datasheet/diodes/ss-schottky/SD101AW, SD101BW, SD101CW/SD101AW, SD101BW, SD101CW.pdf;Datasheet/diodes/ss-schottky/SD101AW, SD101BW, SD101CW/SD101AW, SD101BW, SD101CW.zip
SD101AW-G, SD101BW-G, SD101CW-G;Enlarge;Small Signal Schottky Diodes;60;100;1000 at 15;No;SOD-123;Single;image/diodes/86413.png;Datasheet/diodes/ss-schottky/SD101AW-G, SD101BW-G, SD101CW-G/SD101AW-G, SD101BW-G, SD101CW-G.pdf;Datasheet/diodes/ss-schottky/SD101AW-G, SD101BW-G, SD101CW-G/SD101AW-G, SD101BW-G, SD101CW-G.zip
SD101AW-G, SD101BW-G, SD101CW-G;Enlarge;Small Signal Schottky Diodes;50;100;1000 at 15;No;SOD-123;Single;image/diodes/86413.png;Datasheet/diodes/ss-schottky/SD101AW-G, SD101BW-G, SD101CW-G/SD101AW-G, SD101BW-G, SD101CW-G.pdf;Datasheet/diodes/ss-schottky/SD101AW-G, SD101BW-G, SD101CW-G/SD101AW-G, SD101BW-G, SD101CW-G.zip
SD101AW-G, SD101BW-G, SD101CW-G;Enlarge;Small Signal Schottky Diodes;40;100;1000 at 15;No;SOD-123;Single;image/diodes/86413.png;Datasheet/diodes/ss-schottky/SD101AW-G, SD101BW-G, SD101CW-G/SD101AW-G, SD101BW-G, SD101CW-G.pdf;Datasheet/diodes/ss-schottky/SD101AW-G, SD101BW-G, SD101CW-G/SD101AW-G, SD101BW-G, SD101CW-G.zip
SD101AWS, SD101BWS, SD101CWS;Enlarge;Small Signal Schottky Diodes;60;30;1000 at 15;Yes;SOD-323;Single;image/diodes/85680.png;Datasheet/diodes/ss-schottky/SD101AWS, SD101BWS, SD101CWS/SD101AWS, SD101BWS, SD101CWS.pdf;Datasheet/diodes/ss-schottky/SD101AWS, SD101BWS, SD101CWS/SD101AWS, SD101BWS, SD101CWS.zip
SD101AWS, SD101BWS, SD101CWS;Enlarge;Small Signal Schottky Diodes;50;30;1000 at 15;Yes;SOD-323;Single;image/diodes/85680.png;Datasheet/diodes/ss-schottky/SD101AWS, SD101BWS, SD101CWS/SD101AWS, SD101BWS, SD101CWS.pdf;Datasheet/diodes/ss-schottky/SD101AWS, SD101BWS, SD101CWS/SD101AWS, SD101BWS, SD101CWS.zip
SD101AWS, SD101BWS, SD101CWS;Enlarge;Small Signal Schottky Diodes;40;30;1000 at 15;Yes;SOD-323;Single;image/diodes/85680.png;Datasheet/diodes/ss-schottky/SD101AWS, SD101BWS, SD101CWS/SD101AWS, SD101BWS, SD101CWS.pdf;Datasheet/diodes/ss-schottky/SD101AWS, SD101BWS, SD101CWS/SD101AWS, SD101BWS, SD101CWS.zip
SD101AWS-G, SD101BWS-G, SD101CWS-G;Enlarge;Small Signal Schottky Diodes;60;30;1000 at 15;Yes;SOD-323;Single;image/diodes/85162.png;Datasheet/diodes/ss-schottky/SD101AWS-G, SD101BWS-G, SD101CWS-G/SD101AWS-G, SD101BWS-G, SD101CWS-G.pdf;Datasheet/diodes/ss-schottky/SD101AWS-G, SD101BWS-G, SD101CWS-G/SD101AWS-G, SD101BWS-G, SD101CWS-G.zip
SD101AWS-G, SD101BWS-G, SD101CWS-G;Enlarge;Small Signal Schottky Diodes;50;30;1000 at 15;Yes;SOD-323;Single;image/diodes/85162.png;Datasheet/diodes/ss-schottky/SD101AWS-G, SD101BWS-G, SD101CWS-G/SD101AWS-G, SD101BWS-G, SD101CWS-G.pdf;Datasheet/diodes/ss-schottky/SD101AWS-G, SD101BWS-G, SD101CWS-G/SD101AWS-G, SD101BWS-G, SD101CWS-G.zip
SD101AWS-G, SD101BWS-G, SD101CWS-G;Enlarge;Small Signal Schottky Diodes;40;30;1000 at 15;Yes;SOD-323;Single;image/diodes/85162.png;Datasheet/diodes/ss-schottky/SD101AWS-G, SD101BWS-G, SD101CWS-G/SD101AWS-G, SD101BWS-G, SD101CWS-G.pdf;Datasheet/diodes/ss-schottky/SD101AWS-G, SD101BWS-G, SD101CWS-G/SD101AWS-G, SD101BWS-G, SD101CWS-G.zip
SD103A, SD103B, SD103C;Enlarge;Small Signal Schottky Diodes;40;30;600 at 200;No;DO-35 (DO-204AH);Single;image/diodes/85754.png;Datasheet/diodes/ss-schottky/SD103A, SD103B, SD103C/SD103A, SD103B, SD103C.pdf;Datasheet/diodes/ss-schottky/SD103A, SD103B, SD103C/SD103A, SD103B, SD103C.zip
SD103A, SD103B, SD103C;Enlarge;Small Signal Schottky Diodes;30;30;600 at 200;No;DO-35 (DO-204AH);Single;image/diodes/85754.png;Datasheet/diodes/ss-schottky/SD103A, SD103B, SD103C/SD103A, SD103B, SD103C.pdf;Datasheet/diodes/ss-schottky/SD103A, SD103B, SD103C/SD103A, SD103B, SD103C.zip
SD103A, SD103B, SD103C;Enlarge;Small Signal Schottky Diodes;20;30;600 at 200;No;DO-35 (DO-204AH);Single;image/diodes/85754.png;Datasheet/diodes/ss-schottky/SD103A, SD103B, SD103C/SD103A, SD103B, SD103C.pdf;Datasheet/diodes/ss-schottky/SD103A, SD103B, SD103C/SD103A, SD103B, SD103C.zip
SD103AW, SD103BW, SD103CW;Enlarge;Small Signal Schottky Diodes;40;350;600 at 200;Yes;SOD-123;Single;image/diodes/86414.png;Datasheet/diodes/ss-schottky/SD103AW, SD103BW, SD103CW/SD103AW, SD103BW, SD103CW.pdf;Datasheet/diodes/ss-schottky/SD103AW, SD103BW, SD103CW/SD103AW, SD103BW, SD103CW.zip
SD103AW, SD103BW, SD103CW;Enlarge;Small Signal Schottky Diodes;30;350;600 at 200;Yes;SOD-123;Single;image/diodes/86414.png;Datasheet/diodes/ss-schottky/SD103AW, SD103BW, SD103CW/SD103AW, SD103BW, SD103CW.pdf;Datasheet/diodes/ss-schottky/SD103AW, SD103BW, SD103CW/SD103AW, SD103BW, SD103CW.zip
SD103AW, SD103BW, SD103CW;Enlarge;Small Signal Schottky Diodes;20;350;600 at 200;Yes;SOD-123;Single;image/diodes/86414.png;Datasheet/diodes/ss-schottky/SD103AW, SD103BW, SD103CW/SD103AW, SD103BW, SD103CW.pdf;Datasheet/diodes/ss-schottky/SD103AW, SD103BW, SD103CW/SD103AW, SD103BW, SD103CW.zip
SD103AW-G, SD103BW-G, SD103CW-G;Enlarge;Small Signal Schottky Diodes;40;350;600 at 200;Yes;SOD-123;Single;image/diodes/86415.png;Datasheet/diodes/ss-schottky/SD103AW-G, SD103BW-G, SD103CW-G/SD103AW-G, SD103BW-G, SD103CW-G.pdf;Datasheet/diodes/ss-schottky/SD103AW-G, SD103BW-G, SD103CW-G/SD103AW-G, SD103BW-G, SD103CW-G.zip
SD103AWS, SD103BWS, SD103CWS;Enlarge;Small Signal Schottky Diodes;40;350;600 at 200;Yes;SOD-323;Single;image/diodes/85682.png;Datasheet/diodes/ss-schottky/SD103AWS, SD103BWS, SD103CWS/SD103AWS, SD103BWS, SD103CWS.pdf;Datasheet/diodes/ss-schottky/SD103AWS, SD103BWS, SD103CWS/SD103AWS, SD103BWS, SD103CWS.zip
SD103AWS, SD103BWS, SD103CWS;Enlarge;Small Signal Schottky Diodes;30;350;600 at 200;Yes;SOD-323;Single;image/diodes/85682.png;Datasheet/diodes/ss-schottky/SD103AWS, SD103BWS, SD103CWS/SD103AWS, SD103BWS, SD103CWS.pdf;Datasheet/diodes/ss-schottky/SD103AWS, SD103BWS, SD103CWS/SD103AWS, SD103BWS, SD103CWS.zip
SD103AWS, SD103BWS, SD103CWS;Enlarge;Small Signal Schottky Diodes;20;350;600 at 200;Yes;SOD-323;Single;image/diodes/85682.png;Datasheet/diodes/ss-schottky/SD103AWS, SD103BWS, SD103CWS/SD103AWS, SD103BWS, SD103CWS.pdf;Datasheet/diodes/ss-schottky/SD103AWS, SD103BWS, SD103CWS/SD103AWS, SD103BWS, SD103CWS.zip
SD103AWS-G, SD103BWS-G, SD103CWS-G;Enlarge;Small Signal Schottky Diodes;40;350;600 at 200;Yes;SOD-323;Single;image/diodes/81142.png;Datasheet/diodes/ss-schottky/SD103AWS-G, SD103BWS-G, SD103CWS-G/SD103AWS-G, SD103BWS-G, SD103CWS-G.pdf;Datasheet/diodes/ss-schottky/SD103AWS-G, SD103BWS-G, SD103CWS-G/SD103AWS-G, SD103BWS-G, SD103CWS-G.zip
SD103AWS-G, SD103BWS-G, SD103CWS-G;Enlarge;Small Signal Schottky Diodes;30;350;600 at 200;Yes;SOD-323;Single;image/diodes/81142.png;Datasheet/diodes/ss-schottky/SD103AWS-G, SD103BWS-G, SD103CWS-G/SD103AWS-G, SD103BWS-G, SD103CWS-G.pdf;Datasheet/diodes/ss-schottky/SD103AWS-G, SD103BWS-G, SD103CWS-G/SD103AWS-G, SD103BWS-G, SD103CWS-G.zip
SD103AWS-G, SD103BWS-G, SD103CWS-G;Enlarge;Small Signal Schottky Diodes;20;350;600 at 200;Yes;SOD-323;Single;image/diodes/81142.png;Datasheet/diodes/ss-schottky/SD103AWS-G, SD103BWS-G, SD103CWS-G/SD103AWS-G, SD103BWS-G, SD103CWS-G.pdf;Datasheet/diodes/ss-schottky/SD103AWS-G, SD103BWS-G, SD103CWS-G/SD103AWS-G, SD103BWS-G, SD103CWS-G.zip
VSKY02300603;Enlarge;"Small Signal Schottky Diode FlipKY&#174; Gen 2";30;200;500 at 200;No;CLP0603-2M;;image/diodes/85910.png;Datasheet/diodes/ss-schottky/VSKY02300603/VSKY02300603.pdf;Datasheet/diodes/ss-schottky/VSKY02300603/VSKY02300603.zip
VSKY02400603;Enlarge;"Small Signal Schottky Diode FlipKY&#174; Gen 2";40;200;540 at 200;No;CLP0603-2M;;image/diodes/85911.png;Datasheet/diodes/ss-schottky/VSKY02400603/VSKY02400603.pdf;Datasheet/diodes/ss-schottky/VSKY02400603/VSKY02400603.zip
