Part Number;Status;Description;Slew Rate Time(µs);VINMin.(V);VINMax.(V);RDS(on)at VINMin.(mΩ);RDS(on)at VINMax.(mΩ);Reverse Blocking(Y / N);Cont. Current(A);Current Limit  Min.(A);Current Limit Max.(A);Abs. Max. Input Voltage(V);Package;Package Size(W, L, H)(mm);Image path;Datasheet part;3d model part
SiP32419;Active;6 V to 28 V, 56 mΩ, programmable current limit and slew rate, latch-off on fault;Adjustable;6;28;56;56;No;4.5;0.75;3.5;30;DFN33-10L;3.0 x 3.0 x 0.9;63939;Datasheet/power-ics/current-limiter/SiP32419/SiP32419.pdf;None
SiP32429;Active;6 V to 28 V, 56 mΩ, programmable current limit and slew rate, auto-retry on fault;Adjustable;6;28;56;56;No;4.5;0.75;3.5;30;DFN33-10L;3.0 x 3.0 x 0.9;63939;Datasheet/power-ics/current-limiter/SiP32429/SiP32429.pdf;None
SiP32430;Active;6 V to 28 V, 99 mΩ, programmable current limit and slew rate, auto retry on fault;Adjustable;6;28;99;99;No;3.2;0.1;1.0;30;DFN33-10L;3.0 x 3.0 x 0.9;65223;Datasheet/power-ics/current-limiter/SiP32430/SiP32430.pdf;None
SiP32433A;Active;3.5 A, 78 mΩ, 2.8 V to 23 V, programmable OVP and current limit, active reverse blocking, latch-off on fault;Adjustable;2.8;28;78;78;Y;3.5;;;;DFN33-10L;3.0 x 3.0 x 0.9;63175;Datasheet/power-ics/current-limiter/SiP32433A/SiP32433A.pdf;None
SiP32433B;Active;3.5 A, 78 mΩ, 2.8 V to 23 V, programmable OVP and current limit, active reverse blocking, auto retry on fault;Adjustable;2.8;28;78;78;"3.5 A, 78 mΩ, 2.8 V to 23 V,
progra";3.5;;;;DFN33-10L;3.0 x 3.0 x 0.9;63175;Datasheet/power-ics/current-limiter/SiP32433B/SiP32433B.pdf;None
SIP32434A;Active;6 A, 33 mΩ, 2.8 V to 23 V, programmable OVP and current limit, latch-off on fault;Adjustable;2.8;28;33;33;N;6;;;;DFN33-10L;3.0 x 3.0 x 0.9;63147;Datasheet/power-ics/current-limiter/SIP32434A/SIP32434A.pdf;None
SIP32434B;Active;6 A, 33 mΩ, 2.8 V to 23 V,programmable OVP and current limit, auto retry on fault;Adjustable;2.8;28;33;33;N;6;;;;DFN33-10L;3.0 x 3.0 x 0.9;63147;Datasheet/power-ics/current-limiter/SIP32434B/SIP32434B.pdf;None
SiPQ32433A;New;3.5 A, 78 mΩ, 2.8 V to 22 V eFuse with accurate current limit, OVP, and active reverse current blocking;Adjustable;2.8;28;78;78;Active Reverse Current Blocking;3.5;;;;DFN33 10L wettable flank;3.0 x 3.0 x 0.9;62096;Datasheet/power-ics/current-limiter/SiPQ32433A/SiPQ32433A.pdf;None
SiPQ32433B;New;3.5 A, 78 mΩ, 2.8 V to 22 V eFuse with accurate current limit, OVP, and active reverse current blocking;Adjustable;2.8;28;78;78;Active Reverse Current Blocking;3.5;;;;DFN33 10L wettable flank;3.0 x 3.0 x 0.9;62096;Datasheet/power-ics/current-limiter/SiPQ32433B/SiPQ32433B.pdf;None
