Part Number;Status;Description;VinMin.(V);VinMax.(V);Continuous Current Rating Max.(A);Switch Freq Max.(kHz);Enable (Y/N);Monitoring Features;Protection;Light Load Mode;PWM (V);Package;PackageSize(W,L,H)(mm);Image path;Datasheet part;3d model part
SiC533;Active;35 A power stage, 4.5 VINto 24 VIN, 5 V PWM with ZCD, PS4 mode;4.5;24;35;2000;No;-;UVLO, THDN;ZCD, PS4;5;PowerPAK MLP4535-22L;4.5 x 3.5 x 0.75;75010;Datasheet/power-ics/integrated-drmos/SiC533/SiC533.pdf;None
SiC534;Active;30 A power stage, 4.5 VINto 24 VIN, 5 V PWM with ZCD, PS4 mode;4.5;24;30;2000;No;-;UVLO, THDN;ZCD, PS4;5;PowerPAK MLP4535-22L;4.5 x 3.5 x 0.75;76433;Datasheet/power-ics/integrated-drmos/SiC534/SiC534.pdf;None
SiC544;Active;40 A power stage, 4.5 VINto 24 VIN, 5 V PWM with ZCD, PS4 mode;4.5;24;40;2000;No;-;UVLO;ZCD, PS4;5;PowerPAK MLP4535-22L;4.5 x 3.5 x 0.75;63010;Datasheet/power-ics/integrated-drmos/SiC544/SiC544.pdf;None
SiC545;Active;30 A power stage, 4.5 VINto 24 VIN, 5 V PWM with ZCD, PS4 mode;4.5;24;30;2000;No;-;UVLO;ZCD, PS4;5;PowerPAK MLP4535-22L;4.5 x 3.5 x 0.75;63011;Datasheet/power-ics/integrated-drmos/SiC545/SiC545.pdf;None
SiC546;New;40 A power stage, 4.5 VINto 24 VIN, 5 V PWM with ZCD, PS4 mode;4.5;24;40;2000;No;-;UVLO;ZCD, PS4;5;PowerPAK MLP4535-22L;4.5 x 3.5 x 0.75;77468;Datasheet/power-ics/integrated-drmos/SiC546/SiC546.pdf;None
SiC547;New;35 A power stage, 4.5 VINto 24 VIN, 5 V PWM with ZCD, PS4 mode;4.5;24;35;2000;No;-;UVLO;ZCD, PS4;5;PowerPAK MLP4535-22L;4.5 x 3.5 x 0.75;77471;Datasheet/power-ics/integrated-drmos/SiC547/SiC547.pdf;None
SiC550;New;"40 A smart power stage, 4.5 VINto 18 VIN,
5 V PWM";4.5;18;40;2000;No;IMON, TMON;UVLO, OTP, THDN, OCP, HSSC;No;5;PowerPAK MLP24-54;4.0 x 5.0 x 0.75;62087;Datasheet/power-ics/integrated-drmos/SiC550/SiC550.pdf;None
SiC550A;New;"40 A smart power stage, 4.5 VINto 18 VIN,
3.3 V PWM";4.5;18;40;2000;No;IMON, TMON;UVLO, OTP, THDN, OCP, HSSC;No;3.3;PowerPAK MLP24-54;4.0 x 5.0 x 0.75;62087;Datasheet/power-ics/integrated-drmos/SiC550A/SiC550A.pdf;None
SiC575A;Active;60 A smart power stage, 4.5 VINto 18 VIN, 3.3 V PWM with diode emulation mode;4.5;18;40;2000;No;IMON, TMON;UVLO, OCP, OTP, HS-short;Diode emulation;3.3;PowerPAK MLP24-45L;4.0 x 5.0 x 0.60;62090;Datasheet/power-ics/integrated-drmos/SiC575A/SiC575A.pdf;None
SiC620;Active;60 A power stage, 4.5 VINto 18 VIN, 5 V PWM with ZCD mode;4.5;18;60;1500;Yes;-;UVLO, THDN;ZCD;5;PowerPAK MLP55-31L;5.0 x 5.0 x 0.75;62922;Datasheet/power-ics/integrated-drmos/SiC620/SiC620.pdf;None
SiC620A;Active;60 A power stage, 4.5 VINto 18 VIN, 3.3 V PWM with ZCD mode;4.5;18;60;1500;Yes;-;UVLO, THDN;ZCD;3.3;PowerPAK MLP55-31L;5.0 x 5.0 x 0.75;62922;Datasheet/power-ics/integrated-drmos/SiC620A/SiC620A.pdf;None
SiC620AR;Active;60 A power stage, 4.5 VINto 18 VIN, 3.3 V PWM with ZCD mode, dual side cooling;4.5;18;60;1500;Yes;-;UVLO, THDN;ZCD;3.3;PowerPAK MLP55-31L double cooling;5.0 x 5.0 x 0.60;63589;Datasheet/power-ics/integrated-drmos/SiC620AR/SiC620AR.pdf;None
SiC620R;Active;60 A power stage, 4.5 VINto 18 VIN, 5 V PWM with ZCD mode, dual side cooling;4.5;18;60;1500;Yes;-;UVLO, THDN;ZCD;5;PowerPAK MLP55-31L double cooling;5.0 x 5.0 x 0.60;63589;Datasheet/power-ics/integrated-drmos/SiC620R/SiC620R.pdf;None
SiC621;Active;60 A power stage, 4.5 VINto 18 VIN, 5 V PWM with ZCD, PS4 mode;4.5;18;60;2000;No;-;UVLO, THDN;ZCD, PS4;5;PowerPAK MLP55-31L;5.0 x 5.0 x 0.75;67173;Datasheet/power-ics/integrated-drmos/SiC621/SiC621.pdf;None
SiC631;Active;50A, 4.5V - 24V,  5.0V PWM, VRPower with ZCD, with PS4 mode;4.5;24;50;2000;Y;;UVLO, THDN;ZCD;5;PowerPAK MLP55-31L;5.0 x 5.0 x 0.70;67104;Datasheet/power-ics/integrated-drmos/SiC631/SiC631.pdf;None
SiC632;Active;50 A power stage, 4.5 VINto 24 VIN, 5 V PWM with ZCD mode;4.5;24;50;1500;Yes;-;UVLO, THDN;ZCD;5;PowerPAK MLP55-31L;5.0 x 5.0 x 0.75;62992;Datasheet/power-ics/integrated-drmos/SiC632/SiC632.pdf;None
SiC632A;Active;50 A power stage, 4.5 VINto 24 VIN, 3.3 V PWM with ZCD mode;4.5;24;50;1500;Yes;-;UVLO, THDN;ZCD;3.3;PowerPAK MLP55-31L;5.0 x 5.0 x 0.75;62992;Datasheet/power-ics/integrated-drmos/SiC632A/SiC632A.pdf;None
SiC634;Active;50 A power stage, 4.5 VINto 24 VIN, 5 V PWM with ZCD, PS4 mode;4.5;24;50;2000;No;-;UVLO, THDN;ZCD, PS4;5;PowerPAK MLP55-31L;5.0 x 5.0 x 0.75;76784;Datasheet/power-ics/integrated-drmos/SiC634/SiC634.pdf;None
SiC638;Active;50 A power stage, 2.7 VINto 24 VIN, 5 V PWM with ZCD mode;2.7;24;50;1500;Yes;-;UVLO, THDN;ZCD;5;PowerPAK MLP55-31L;5.0 x 5.0 x 0.75;76582;Datasheet/power-ics/integrated-drmos/SiC638/SiC638.pdf;None
SiC638A;Active;50 A power stage, 2.7 VINto 24 VIN, 3.3 V PWM with ZCD mode;2.7;24;50;1500;Yes;-;UVLO, THDN;ZCD;3.3;PowerPAK MLP55-31L;5.0 x 5.0 x 0.75;76582;Datasheet/power-ics/integrated-drmos/SiC638A/SiC638A.pdf;None
SiC639;Active;50 A power stage, 2.7 VINto 24 VIN, 5 V PWM with ZCD mode;2.7;24;50;1500;Yes;-;UVLO, THDN;ZCD;5;PowerPAK MLP55-31L;5.0 x 5.0 x 0.75;76585;Datasheet/power-ics/integrated-drmos/SiC639/SiC639.pdf;None
SiC639A;Active;50 A power stage, 2.7 VINto 24 VIN, 3.3 V PWM with ZCD mode;2.7;24;50;1500;Yes;-;UVLO, THDN;ZCD;3.3;PowerPAK MLP55-31L;5.0 x 5.0 x 0.75;76585;Datasheet/power-ics/integrated-drmos/SiC639A/SiC639A.pdf;None
SiC642;New;50 A power stage plus, 2.5 VINto 16 VIN, 5 V PWM with ZCD, PS4 mode;2.5;16;50;2000;Yes;;UVLO, OCP, OTP, HS-short;ZCD, PS4;5;PowerPAK MLP55-31L;5.0 x 5.0 x 0.75;77483;Datasheet/power-ics/integrated-drmos/SiC642/SiC642.pdf;None
SiC642A;New;50 A power stage plus, 2.5 VINto 16 VIN, 3.3 V PWM with ZCD, PS4 mode;2.5;16;50;2000;Yes;;UVLO, OCP, OTP, HS-short;ZCD, PS4;3.3;PowerPAK MLP55-31L;5.0 x 5.0 x 0.75;77483;Datasheet/power-ics/integrated-drmos/SiC642A/SiC642A.pdf;None
SiC645;Active;60 A smart power stage, 4.5 VINto 18 VIN, 5 V PWM with diode emulation mode;4.5;18;60;2000;No;IMON, TMON;UVLO, OCP, OTP, HS-short;Diode emulation;5;PowerPAK MLP55-32L double cooling;5.0 x 5.0 x 0.60;65424;Datasheet/power-ics/integrated-drmos/SiC645/SiC645.pdf;None
SiC645A;Active;60 A smart power stage, 4.5 VINto 18 VIN, 3.3 V PWM with diode emulation mode;4.5;18;60;2000;No;IMON, TMON;UVLO, OCP, OTP, HS-short;Diode emulation;3.3;PowerPAK MLP55-32L double cooling;5.0 x 5.0 x 0.60;65424;Datasheet/power-ics/integrated-drmos/SiC645A/SiC645A.pdf;None
SiC647;New;50 A power stage, 4.5 VINto 16 VIN, 5 V PWM with ZCD, PS4 mode;4.5;16;50;2000;no;-;UVLO;ZCD, PS4;5;PowerPAK MLP55-31L;5.0 x 5.0 x 0.75;77489;Datasheet/power-ics/integrated-drmos/SiC647/SiC647.pdf;None
SiC648;New;"60 A smart power stage, 4.5 VINto 18 VIN,
 5 V PWM";4.5;18;60;2000;no;TMON, IMON;UVLO, OCP, OTP, HS-short;yes;5;PowerPAK MLP55-32L;5.0 x 5.0 x 0.75;63049;Datasheet/power-ics/integrated-drmos/SiC648/SiC648.pdf;None
SiC648A;New;"60 A smart ower stage, 4.5 VINto 18 VIN,
 3.3 V PWM";4.5;18;60;2000;no;TMON, IMON;UVLO, OCP, OTP, HS-short;yes;3.3;PowerPAK MLP55-32L;5.0 x 5.0 x 0.75;63049;Datasheet/power-ics/integrated-drmos/SiC648A/SiC648A.pdf;None
SiC651;New;50 A power stage plus, 2.5 VINto 24 VIN, 5 V PWM with ZCD, PS4 mode;2.5;24;50;2000;Yes;;UVLO, OCP, OTP, HS-short;ZCD, PS4;5;PowerPAK MLP55-31L;5.0 x 5.0 x 0.75;77108;Datasheet/power-ics/integrated-drmos/SiC651/SiC651.pdf;None
SiC651A;New;50 A power stage plus, 2.5 VINto 24 VIN, 3.3 V PWM with ZCD, PS4 mode;2.5;24;50;2000;Yes;;UVLO, OCP, OTP, HS-short;ZCD, PS4;3.3;PowerPAK MLP55-31L;5.0 x 5.0 x 0.75;77108;Datasheet/power-ics/integrated-drmos/SiC651A/SiC651A.pdf;None
SiC652;New;55 A power stage plus, 4.5 VINto 24 VIN, 5 V PWM with ZCD, PS4 mode;4.5;24;55;2000;Yes;;UVLO, OCP, OTP, HS-short;ZCD, PS4;5;PowerPAK MLP55-31L;5.0 x 5.0 x 0.75;71576;Datasheet/power-ics/integrated-drmos/SiC652/SiC652.pdf;None
SiC652A;New;55 A power stage plus, 4.5 VINto 24 VIN, 3.3 V PWM with ZCD, PS4 mode;4.5;24;55;2000;Yes;;UVLO, OCP, OTP, HS-short;ZCD, PS4;3.3;PowerPAK MLP55-31L;5.0 x 5.0 x 0.75;71576;Datasheet/power-ics/integrated-drmos/SiC652A/SiC652A.pdf;None
SiC654;New;50 A Power stage plus, 2.5 VINto 24 VIN, 5 V PWM with ZCD mode;2.5;24;;2000;Yes;;OCP, OTP, UVLO;ZCD;5;PowerPAK MLP55-31L;5 x 5 x 0.75;77110;Datasheet/power-ics/integrated-drmos/SiC654/SiC654.pdf;None
SiC654A;New;50 A Power stage plus, 2.5 VINto 24 VIN, 3.3 V PWM with ZCD mode;2.5;24;;2000;Yes;;OCP, OTP, UVLO;ZCD;3.3;PowerPAK MLP55-31L;5 x 5 x 0.75;77110;Datasheet/power-ics/integrated-drmos/SiC654A/SiC654A.pdf;None
SiC657;New;50 A power stage, 4.5 VINto 24 VIN, 5 V PWM with ZCD, PS4 mode;4.5;24;50;2000;No;-;UVLO, THDN;ZCD, PS4;5;PowerPAK MLP55-31L;5.0 x 5.0 x 0.75;71580;Datasheet/power-ics/integrated-drmos/SiC657/SiC657.pdf;None
SiC657A;New;50 A power stage, 4.5 VINto 24 VIN, 3.3 V PWM with ZCD, PS4 mode;4.5;24;50;2000;No;-;UVLO, THDN;ZCD, PS4;3.3;PowerPAK MLP55-31L;5.0 x 5.0 x 0.75;71580;Datasheet/power-ics/integrated-drmos/SiC657A/SiC657A.pdf;None
SiC660;New;60 A power stage plus, 2.5 VINto 16 VIN, 5 V PWM with ZCD, PS4 mode;2.5;16;;2000;Yes;;OCP, OTP, UVLO;ZCD;5;PowerPAK MLP55-31L;5 x 5 x 0.75;63014;Datasheet/power-ics/integrated-drmos/SiC660/SiC660.pdf;None
SiC660A;New;60 A power stage plus, 2.5 VINto 16 VIN, 3.3 V PWM with ZCD, PS4 mode;2.5;16;;2000;Yes;;OCP, OTP, UVLO;ZCD;3.3;PowerPAK LP55-31L;5 x 5 x 0.75;63014;Datasheet/power-ics/integrated-drmos/SiC660A/SiC660A.pdf;None
SiC673;Active;50 A, 4.5 V to 24 V, 5 V PWM, Power stage with ZCD, with PS4 mode;4.5;24;;2000;Yes;None;UVLO;ZCD, PS4;5;PowerPAK MLP55-31L;5 x 5 x 0.7;63070;Datasheet/power-ics/integrated-drmos/SiC673/SiC673.pdf;None
SiC675A;Active;60 A smart power stage, 4.5 VINto 18 VIN, 3.3 V PWM with diode emulation mode;4.5;18;60;2000;No;IMON, TMON;UVLO, OCP, OTP, HS-short;Diode emulation;3.3;PowerPAK MLP55-30L;5.0 x 5.0 x 0.60;62089;Datasheet/power-ics/integrated-drmos/SiC675A/SiC675A.pdf;None
SiC788;Active;50 A power stage, 4.5 VINto 18 VIN, 5 V PWM with diode emulation mode;4.5;18;50;1000;Yes;-;UVLO, THDN;Diode emulation;5;PowerPAK MLP66-40L;6.0 x 6.0 x 0.75;62985;Datasheet/power-ics/integrated-drmos/SiC788/SiC788.pdf;None
SiC788A;Active;50 A power stage, 4.5 VINto 18 VIN, 3.3 V PWM with diode emulation mode;4.5;18;50;1000;Yes;-;UVLO, THDN;Diode emulation;3.3;PowerPAK MLP66-40L;6.0 x 6.0 x 0.75;62985;Datasheet/power-ics/integrated-drmos/SiC788A/SiC788A.pdf;None
SiC789;Active;60 A power stage, 4.5 VINto 18 VIN, 5 V PWM with diode emulation mode;4.5;18;60;1000;Yes;-;UVLO, THDN;Diode emulation;5;PowerPAK MLP66-40L;6.0 x 6.0 x 0.75;62972;Datasheet/power-ics/integrated-drmos/SiC789/SiC789.pdf;None
SiC789A;Active;60 A power stage, 4.5 VINto 18 VIN, 3.3 V PWM with diode emulation mode;4.5;18;60;1000;Yes;-;UVLO, THDN;Diode emulation;3.3;PowerPAK MLP66-40L;6.0 x 6.0 x 0.75;62972;Datasheet/power-ics/integrated-drmos/SiC789A/SiC789A.pdf;None
SiC820;New;"80 A smart power stage, 4.5 VINto 16 VIN, 
5 V PWM with diode emulation mode";4.5;16;80;2000;No;TMON, IMON;UVLO, OTP, OC flag;SMOD;5;PowerPAK MLP39-65;5.0 x 6.0 x 0.75;77084;Datasheet/power-ics/integrated-drmos/SiC820/SiC820.pdf;None
SiC820A;New;"80 A smart power stage, 4.5 VINto 16 VIN, 
3.3 V PWM with diode emulation mode";4.5;16;80;2000;No;TMON, IMON;UVLO, OTP, OC flag;SMOD;3.3;PowerPAK MLP39-65;5.0 x 6.0 x 0.75;77084;Datasheet/power-ics/integrated-drmos/SiC820A/SiC820A.pdf;None
SiC822;New;"70 A smart power stage, 4.5 VINto 16 VIN, 
5 V PWM with diode emulation mode";4.5;16;70;2000;No;TMON, IMON;UVLO, OTP, OC flag;SMOD;5;PowerPAK MLP39-65;5.0 x 6.0 x 0.75;74588;Datasheet/power-ics/integrated-drmos/SiC822/SiC822.pdf;None
SiC822A;New;"70 A smart power stage, 4.5 VINto 16 VIN, 
3.3 V PWM with diode emulation mode";4.5;16;70;2000;No;TMON, IMON;UVLO, OTP, OC flag;SMOD;3.3;PowerPAK MLP39-65;5.0 x 6.0 x 0.75;74588;Datasheet/power-ics/integrated-drmos/SiC822A/SiC822A.pdf;None
SiC825;New;80 A smart power stage, 4.5 VINto 16 VIN, 5 V PWM with diode emulation mode;3;16;;2000;Yes;TMON, IMON;UVLO, OTP, OC flag, OCP, HS-short;SMOD;5;PowerPAK® MLP39-65;5.0 x 6.0 x 0.75;63016;Datasheet/power-ics/integrated-drmos/SiC825/SiC825.pdf;None
SiC825A;New;80 A smart power stage, 4.5 VINto 16 VIN, 3.3 V PWM with diode emulation mode;3;16;;2000;Yes;TMON, IMON;UVLO, OTP, OC flag, OCP, HS-short;SMOD;3.3;PowerPAK® MLP39-65;5.0 x 6.0 x 0.75;63016;Datasheet/power-ics/integrated-drmos/SiC825A/SiC825A.pdf;None
SiC830;New;"80 A smart power stage, 4.5 VINto 19 VIN, 
5 V PWM with diode emulation mode";4.5;19;80;2000;No;TMON, IMON;UVLO, OTP, OC flag;SMOD;5;PowerPAK MLP39-65;5.0 x 6.0 x 0.75;77047;Datasheet/power-ics/integrated-drmos/SiC830/SiC830.pdf;None
SiC830A;New;"80 A smart power stage, 4.5 VINto 19 VIN, 
3.3 V PWM with diode emulation mode";4.5;19;80;2000;No;TMON, IMON;UVLO, OTP, OC flag;SMOD;3.3;PowerPAK MLP39-65;5.0 x 6.0 x 0.75;77047;Datasheet/power-ics/integrated-drmos/SiC830A/SiC830A.pdf;None
SiC832;New;"70 A smart power stage, 4.5 VINto 21 VIN, 
5 V PWM with diode emulation";4.5;21;70;2000;No;TMON, IMON;UVLO, OTP, OC flag;SMOD;5;PowerPAK MLP39-65;5.0 x 6.0 x 0.75;66846;Datasheet/power-ics/integrated-drmos/SiC832/SiC832.pdf;None
SiC832A;New;"70 A smart power stage, 4.5 VINto 21 VIN, 
3.3 V PWM with diode emulation";4.5;21;70;2000;No;TMON, IMON;UVLO, OTP, OC flag;SMOD;3.3;PowerPAK MLP39-65;5.0 x 6.0 x 0.75;66846;Datasheet/power-ics/integrated-drmos/SiC832A/SiC832A.pdf;None
SiC840;New;"100 A smart power stage, 4.5 VINto 16 VIN, 
5 V PWM with diode emulation mode";4.5;16;100;2000;No;TMON, IMON;UVLO, OTP, OC flag;SMOD;5;PowerPAK MLP39-65;5.0 x 6.0 x 0.75;63041;Datasheet/power-ics/integrated-drmos/SiC840/SiC840.pdf;None
SiC840A;New;"100 A smart power stage, 4.5 VINto 16 VIN, 
3.3 V PWM with diode emulation mode";4.5;16;100;2000;No;TMON, IMON;UVLO, OTP, OC flag;SMOD;3.3;PowerPAK MLP39-65;5.0 x 6.0 x 0.75;63041;Datasheet/power-ics/integrated-drmos/SiC840A/SiC840A.pdf;None
SiCQ670;New;into 24 Vin, 5 V PWMwith ZCD mode;2.5;24;;2000;Yes;;OCP, OTP, UVLO, HSS;ZCD;5;PowerPAK® MLP55-31L;5 x 5 x 0.75;70101;Datasheet/power-ics/integrated-drmos/SiCQ670/SiCQ670.pdf;None
SiP2204;Active;0.5 A power stage, 10 VINto 24 VIN, 3.3 V and 5.5 V PWM with - mode;10;24;0.5;5000;YES;-;UVLO;-;3.3 and 5;QFN32-55;5.0 x 5.0 x 0.85;62619;Datasheet/power-ics/integrated-drmos/SiP2204/SiP2204.pdf;None
