Part Number;Status;Description;Product Type;VINMin.(V);VINMax.(V);Package;Package Size(W, L, H)(mm);Image path;Datasheet part;3d model part
SiP32205;Active;Precision Threshold Logic Gate Switch;Precision Logic Switch;2;5;WCSP6;0.8 x 1.2 x 0.5;75414;Datasheet/power-ics/portables/SiP32205/SiP32205.pdf;None
SiP31001;Active;Battery Monitor and Protective Discharge IC;Battery and Protection;2.3;5.5;WCSP9;1.25 x 1.25 x 0.6;75408;Datasheet/power-ics/portables/SiP31001/SiP31001.pdf;None
SiP32510;Active;1.2 V to 5.5 V, 44 mΩ, 1.6 ms rise time with bidirectional off isolation, output discharge;Slew rate;1.2;5.5;TSOT23-6;3.0 x 2.9 x 1.0;63577;Datasheet/power-ics/portables/SiP32510/SiP32510.pdf;None
SiP32430;Active;6 V to 28 V, 99 mΩ, programmable current limit and slew rate, auto retry on fault;Slew rate, current limit;6;28;DFN33-10L;3.0 x 3.0 x 0.9;65223;Datasheet/power-ics/portables/SiP32430/SiP32430.pdf;None
SiP4282;Active;1.8 V to 5.5 V, 105 mΩ, 100 µs rise time, with UVLO;Slew rate;1.8;5.5;TDFN4;1.2 x 1.6 x 0.5;65740;Datasheet/power-ics/portables/SiP4282/SiP4282.pdf;None
SiP4282;Active;1.8 V to 5.5 V, 105 mΩ, 100 µs rise time, with UVLO;Slew rate;1.8;5.5;PowerPAK SC-75-6;0.75 x 1.6 x 0.5;65740;Datasheet/power-ics/portables/SiP4282/SiP4282.pdf;None
SiP4282A;Active;1.5 V to 5.5 V, 105 mΩ, 100 µs rise time;Slew rate;1.5;5.5;TDFN4;1.2 x 1.6 x 0.5;65740;Datasheet/power-ics/portables/SiP4282A/SiP4282A.pdf;None
SiP4282A;Active;1.5 V to 5.5 V, 105 mΩ, 100 µs rise time;Slew rate;1.5;5.5;PowerPAK SC-75-6;0.75 x 1.6 x 0.5;65740;Datasheet/power-ics/portables/SiP4282A/SiP4282A.pdf;None
SiP32411;Active;1.1 V to 5 V, 62 mΩ, 150 μs rise time, output discharge;Slew rate;1.1;5.5;TDFN4;1.2 x 1.6 x 0.5;66710;Datasheet/power-ics/portables/SiP32411/SiP32411.pdf;None
SiP32411;Active;1.1 V to 5 V, 101 mΩ, 150 μs rise time, output discharge;Slew rate;1.1;5.5;SC-70-6;2.0 x 2.0 x 0.5;66710;Datasheet/power-ics/portables/SiP32411/SiP32411.pdf;None
SiP32408;Active;1.1 V to 5.5 V, 42 mΩ, 2.5 ms rise time, bidirectional off isolation;Slew rate;1.1;5.5;TDFN4;1.2 x 1.6 x 0.5;63717;Datasheet/power-ics/portables/SiP32408/SiP32408.pdf;None
SiP32409;Active;1.1 V to 5.5 V, 42 mΩ, 2.5 ms rise time, bidirectional off isolation, output discharge;Slew rate;1.1;5.5;TDFN4;1.2 x 1.6 x 0.5;63717;Datasheet/power-ics/portables/SiP32409/SiP32409.pdf;None
SiP32413;Active;Dual switch, 1.1 V to 5.5 V, 150 μs rise time, reversed EN logic;Slew rate;1.1;5.5;TDFN8;2.0 x 2.0 x 0.5;71437;Datasheet/power-ics/portables/SiP32413/SiP32413.pdf;None
SiP32414;Active;1.1 V to 5.5 V, 150 μs rise time, output discharge;Slew rate;1.1;5.5;TDFN8;2.0 x 2.0 x 0.5;71437;Datasheet/power-ics/portables/SiP32414/SiP32414.pdf;None
SiP32416;Active;1.1 V to 5.5 V, 2.5 ms rise time, output discharge;Slew rate;1.1;5.5;TDFN8;2.0 x 2.0 x 0.5;71437;Datasheet/power-ics/portables/SiP32416/SiP32416.pdf;None
SiP32508;Active;1.1 V to 5.5 V, 44 mΩ, 2.5 ms rise time, bidirectional off isolation;Slew rate;1.1;5.5;TSOT23-6;3.0 x 2.9 x 1.0;62754;Datasheet/power-ics/portables/SiP32508/SiP32508.pdf;None
SiP32509;Active;1.1 V to 5.5 V, 44 mΩ, 2.5 ms rise time, bidirectional off isolation, output discharge;Slew rate;1.1;5.5;TSOT23-6;3.0 x 2.9 x 1.0;62754;Datasheet/power-ics/portables/SiP32509/SiP32509.pdf;None
SiP32431DN;Active;1.5 V to 5.5 V, 105 mΩ, 10 pA IQ, bidirectional off isolation, EN active high;Slew rate;1.5;5.5;TDFN4;1.2 x 1.6 x 0.5;66597;Datasheet/power-ics/portables/SiP32431DN/SiP32431DN.pdf;None
SiP32431DR;Active;1.5 V to 5.5 V, 147 mΩ, 10 pA IQ, bidirectional off isolation, EN active high;Slew rate;1.5;5.5;SC-70-6;2.0 x 2.0 x 0.5;66597;Datasheet/power-ics/portables/SiP32431DR/SiP32431DR.pdf;None
SiP32432DN;Active;1.5 V to 5.5 V, 105 mΩ, 10 pA IQ, bidirectional off isolation, EN active low;Slew rate;1.5;5.5;TDFN4;1.2 x 1.6 x 0.5;66597;Datasheet/power-ics/portables/SiP32432DN/SiP32432DN.pdf;None
SiP32432DR;Active;1.5 V to 5.5 V, 147 mΩ, 10 pA IQ, bidirectional off isolation, EN active low;Slew rate;1.5;5.5;SC-70-6;2.0 x 2.0 x 0.5;66597;Datasheet/power-ics/portables/SiP32432DR/SiP32432DR.pdf;None
SiP32501;Active;0.9 V to 2.5 V, 66 mΩ, 9.8 µs rise time, load switch;Slew rate;0.9;2.5;TDFN4;1.2 x 1.6 x 0.5;75595;Datasheet/power-ics/portables/SiP32501/SiP32501.pdf;None
SiP32451;Active;0.9 V to 2.5 V, 55 mΩ, bidirectional off isolation, fast turn on / off, output discharge;Slew rate;0.9;2.5;WCSP4;0.8 x 0.8 x 0.5;63315;Datasheet/power-ics/portables/SiP32451/SiP32451.pdf;None
SiP32452;Active;0.9 V to 2.5 V, 55 mΩ, bidirectional off isolation, fast turn on / off;Slew rate;0.9;2.5;WCSP4;0.8 x 0.8 x 0.5;63315;Datasheet/power-ics/portables/SiP32452/SiP32452.pdf;None
SiP32453;Active;0.9 V to 2.5 V, 55 mΩ, bidirectional off isolation, fast turn on and 98 µs turn off delay;Slew rate;0.9;2.5;WCSP4;0.8 x 0.8 x 0.5;63315;Datasheet/power-ics/portables/SiP32453/SiP32453.pdf;None
SiP32475;Active;1.2 V to 5.5 V, 47 mΩ, 200 µs rise time, bidirectional off isolation, output discharge;Slew rate;1.2;5.5;µDFN-4L;1.0 x 1.0 x 0.35;75792;Datasheet/power-ics/portables/SiP32475/SiP32475.pdf;None
SiP32458;Active;1.5 V to 5.5 V, 20 mΩ, bidirectional off isolation;Slew rate;1.5;5.5;WCSP6;1.0 x 1.5 x 0.5;63999;Datasheet/power-ics/portables/SiP32458/SiP32458.pdf;None
SiP32459;Active;1.5 V to 5.5 V, 20 mΩ, output discharge;Slew rate;1.5;5.5;WCSP6;1.0 x 1.5 x 0.5;63999;Datasheet/power-ics/portables/SiP32459/SiP32459.pdf;None
SiP32460;Active;1.2 V to 5.5 V, 50 mΩ, 200 µs rise time, bidirectional off isolation;Slew rate;1.2;5.5;WCSP4;0.8 x 0.8 x 0.5;67754;Datasheet/power-ics/portables/SiP32460/SiP32460.pdf;None
SiP32461;Active;1.2 V to 5.5 V, 50 mΩ, 200 µs rise time, bidirectional off isolation, output discharge;Slew rate;1.2;5.5;WCSP4;0.8 x 0.8 x 0.5;67754;Datasheet/power-ics/portables/SiP32461/SiP32461.pdf;None
SiP32462;Active;1.2 V to 5.5 V, 50 mΩ, 7.5 µs rise time, bidirectional off isolation;Slew rate;1.2;5.5;WCSP4;0.8 x 0.8 x 0.5;67754;Datasheet/power-ics/portables/SiP32462/SiP32462.pdf;None
SiP32467;Active;1.2 V to 5.5 V, 50 mΩ, EN active low, bidirectional off isolation;Slew rate;1.2;5.5;WCSP4;0.8 x 0.8 x 0.5;67757;Datasheet/power-ics/portables/SiP32467/SiP32467.pdf;None
SiP32468;Active;1.2 V to 5.5 V, 50 mΩ, EN active low, bidirectional off isolation, output discharge;Slew rate;1.2;5.5;WCSP4;0.8 x 0.8 x 0.5;67757;Datasheet/power-ics/portables/SiP32468/SiP32468.pdf;None
SiP32454;Active;0.8 V to 2.5 V, 28 mΩ, 1.5 ms rise time, output discharge;Slew rate;0.8;2.5;WCSP4;0.8 x 0.8 x 0.5;62531;Datasheet/power-ics/portables/SiP32454/SiP32454.pdf;None
SiP32455;Active;0.8 V to 2.5 V, 28 mΩ, 1.5 ms rise time;Slew rate;0.8;2.5;WCSP4;0.8 x 0.8 x 0.5;62531;Datasheet/power-ics/portables/SiP32455/SiP32455.pdf;None
SiP32419;Active;6 V to 28 V, 56 mΩ, programmable current limit and slew rate, latch-off on fault;Slew rate, current limit;6;28;DFN33-10L;3.0 x 3.0 x 0.9;63939;Datasheet/power-ics/portables/SiP32419/SiP32419.pdf;None
SiP32429;Active;6 V to 28 V, 56 mΩ, programmable current limit and slew rate, auto-retry on fault;Slew rate, current limit;6;28;DFN33-10L;3.0 x 3.0 x 0.9;63939;Datasheet/power-ics/portables/SiP32429/SiP32429.pdf;None
SIP32434A;Active;6 A, 33 mΩ, 2.8 V to 23 V, programmable OVP and current limit, latch-off on fault;Slew rate, current limit;2.8;28;DFN33-10L;3.0 x 3.0 x 0.9;63147;Datasheet/power-ics/portables/SIP32434A/SIP32434A.pdf;None
SIP32434B;Active;6 A, 33 mΩ, 2.8 V to 23 V,programmable OVP and current limit, auto retry on fault;Slew rate, current limit;2.8;28;DFN33-10L;3.0 x 3.0 x 0.9;63147;Datasheet/power-ics/portables/SIP32434B/SIP32434B.pdf;None
SiP32481DB;;7 V (D-S), N-Channel Switch in WCSP3;Slew Rate;0.8;6;WCSP;0.96 x 0.96 x 0.27;75939;Datasheet/power-ics/portables/SiP32481DB/SiP32481DB.pdf;None
SiP32101;Active;2.3 V to 5.5 V, 6.5 mΩ, 7 A, bidirectional switch, EN active low with internal pull-down resistor;Slew rate, true bidirectional;2.3;5.5;WCSP12;1.3 x 1.7 x 0.5;78628;Datasheet/power-ics/portables/SiP32101/SiP32101.pdf;None
SiP32102;Active;2.3 V to 5.5 V, 6.5 mΩ, 7 A, bidirectional switch, EN active high with internal pull-down resistor;Slew rate, true bidirectional;2.3;5.5;WCSP12;1.3 x 1.7 x 0.5;78628;Datasheet/power-ics/portables/SiP32102/SiP32102.pdf;None
SiP32103;Active;2.3 V to 5.5 V, 6.5 mΩ, 7 A, bidirectional switch, EN active low with internal pull-up resistor;Slew rate, true bidirectional;2.3;5.5;WCSP12;1.3 x 1.7 x 0.5;78628;Datasheet/power-ics/portables/SiP32103/SiP32103.pdf;None
SiP32104;Active;2.3 V to 5.5 V, 6.5 mΩ, 7 A, bidirectional switch, EN active low;Slew rate, true bidirectional;2.3;5.5;WCSP12;1.3 x 1.7 x 0.5;78628;Datasheet/power-ics/portables/SiP32104/SiP32104.pdf;None
SiP32433A;Active;3.5 A, 78 mΩ, 2.8 V to 23 V, programmable OVP and current limit, active reverse blocking, latch-off on fault;Slew rate, current limit;2.8;28;DFN33-10L;3.0 x 3.0 x 0.9;63175;Datasheet/power-ics/portables/SiP32433A/SiP32433A.pdf;None
SiP32433B;Active;3.5 A, 78 mΩ, 2.8 V to 23 V, programmable OVP and current limit, active reverse blocking, auto retry on fault;Slew rate, current limit;2.8;28;DFN33-10L;3.0 x 3.0 x 0.9;63175;Datasheet/power-ics/portables/SiP32433B/SiP32433B.pdf;None
