Series▲▼;Product Image;Type▲▼;Description▲▼;Technology▲▼;Resistance (min)(Ω)▲▼;Resistance (max)(Ω)▲▼;TCR Absolute(ppm/°C)▲▼;TCR Tracking(ppm/°C)▲▼;Absolute Tolerance(%)▲▼;Ratio Tolerance(%)▲▼;Power(W)▲▼;Package Type▲▼;Case (EIA & Mil)▲▼;Image path;0;1;2;3;4;5;6;0_datasheet;1_datasheet;2_datasheet
100-267;Enlarge;Resistor Networks;Decade Divider, Single In-Line, Thin Film Divider, Through Hole Resistor Network;Thin Film;100;1 M;25;5;0.1;0.01;0.100;SIP;n/a;image/networks-and-arrays/60044.png;;networks-and-arrays;100-267\100-267.pdf;;;;;None;;
ACAS 0606 AT, ACAS 0612 AT - Precision;Enlarge;Resistor Arrays;Precision Thin Film Chip Resistor Array Superior Moisture Resistivity;Thin Film;47;150 K;10;5;0.1;0.05;0.125;Arrays / leadless;0606;image/networks-and-arrays/28770.png;;networks-and-arrays;ACAS 0606 AT, ACAS 0612 AT - Precision\ACAS 0606 AT, ACAS 0612 AT - Precision.pdf;;;;;;networks-and-arrays;ACAS 0606 AT, ACAS 0612 AT - Precision\ACAS 0606 AT, ACAS 0612 AT - Precision.zip
ACAS 0612 - Precision;Enlarge;Resistor Arrays;Precision Thin Film Chip Resistor Array;Thin Film;47;221 K;10;5;0.1;0.05;0.1;Arrays / leadless;0612;image/networks-and-arrays/28751.png;;networks-and-arrays;ACAS 0612 - Precision\ACAS 0612 - Precision.pdf;;;;;;networks-and-arrays;ACAS 0612 - Precision\ACAS 0612 - Precision.zip
ACAS 0612 - Professional;Enlarge;Resistor Arrays;Professional Thin Film Chip Resistor Array;Thin Film;47;221 K;25;n/a;0.5;n/a;0.1;Arrays / leadless;0612;image/networks-and-arrays/28754.png;;networks-and-arrays;ACAS 0612 - Professional\ACAS 0612 - Professional.pdf;;;;;;networks-and-arrays;ACAS 0612 - Professional\ACAS 0612 - Professional.zip
AORN;Enlarge;Resistor Networks;Molded, 50 mil Pitch, Dual-In-Line Thin Film Resistor, Precision Automotive, AEC-Q200 Qualified, Surface Mount Network;Thin Film;1 K;100 K;25;5;0.1;0.05;0.1;SOIC (molded);n/a;image/networks-and-arrays/60127.png;;networks-and-arrays;AORN\AORN.pdf;;;;;None;;
CC7, CCB;Enlarge;Resistor Networks;Thin Film Resistor Divider Network on Alumina, User Trimmable;Thin Film;100;50 K;10;n/a;0.1;n/a;0.1;n/a;0505;image/networks-and-arrays/61012.png;;networks-and-arrays;CC7, CCB\CC7, CCB.pdf;;;;;None;;
CCC;Enlarge;Resistor Networks;Thin Film, 1010 Center-Tapped Resistor Divider Network on Alumina;Thin Film;100;1 M;10;n/a;0.1;n/a;0.4;n/a;1010;image/networks-and-arrays/61010.png;;networks-and-arrays;CCC\CCC.pdf;;;;;None;;
CLA, CLB;Enlarge;Resistor Arrays;Wire Bondable Thin Film Resistor Arrays;Thin Film;20;1 M;25;n/a;0.1;n/a;0.050;Arrays / leadless;n/a;image/networks-and-arrays/61009.png;;networks-and-arrays;CLA, CLB\CLA, CLB.pdf;;;;;None;;
CNS 471;Enlarge;Resistor Networks;Decade Divider, Single-In-Line Through Hole Thin Film Resistor Networks (Standard);Thin Film;100;10 M;25;2.5;0.03;0.1;0.1;SIP;n/a;image/networks-and-arrays/60043.png;;networks-and-arrays;CNS 471\CNS 471.pdf;;;;;;networks-and-arrays;CNS 471\CNS 471.zip
CS;Enlarge;Resistor Networks;Ceramic Sandwich, Single-In-Line Thin Film Resistor, Through Hole Network (Low Profile 0.20 Custom);Thin Film;20;500 K;50;5;0.05;0.02;0.1;Ceramic sandwich;n/a;image/networks-and-arrays/60081.png;;networks-and-arrays;CS\CS.pdf;;;;;None;;
CS 33;Enlarge;Resistor Networks;Wirebondable Dual Value Thin Film Chip Resistor Networks, Center Tap (High Ohmic Value);Thin Film;10 K;10 M;50;5;0.5;0.5;0.125;Wirebondable;0303;image/networks-and-arrays/60067.png;;networks-and-arrays;CS 33\CS 33.pdf;;;;;;networks-and-arrays;CS 33\CS 33.zip
CSC;Enlarge;Resistor Networks;Thick Film Resistor Networks, Single-In-Line, Conformal Coated SIP;Thick Film;1;2.2 M;250;50;1;n/a;0.20;SIP;n/a;image/networks-and-arrays/31509.png;;networks-and-arrays;CSC\CSC.pdf;;;;;None;;
CSC;Enlarge;Resistor Networks;Thick Film Resistor Networks, Single-In-Line, Conformal Coated SIP;Thick Film;10;50;250;n/a;;n/a;0.25;SIP;n/a;image/networks-and-arrays/31509.png;;networks-and-arrays;CSC\CSC.pdf;;;;;None;;
CSC;Enlarge;Resistor Networks;Thick Film Resistor Networks, Single-In-Line, Conformal Coated SIP;Thick Film;10;50;250;50;1;n/a;0.30;SIP;n/a;image/networks-and-arrays/31509.png;;networks-and-arrays;CSC\CSC.pdf;;;;;None;;
CSC;Enlarge;Resistor Networks;Thick Film Resistor Networks, Single-In-Line, Conformal Coated SIP;Thick Film;10;50;250;n/a;;n/a;0.40;SIP;n/a;image/networks-and-arrays/31509.png;;networks-and-arrays;CSC\CSC.pdf;;;;;None;;
CSD;Enlarge;Resistor Networks;Ceramic Sandwich, Dual-In-Line Thin Film Resistor, Through Hole Network (Custom);Thin Film;100;5 M;10;2;0.1;0.01;0.1;Ceramic sandwich;n/a;image/networks-and-arrays/60046.png;;networks-and-arrays;CSD\CSD.pdf;;;;;None;;
CSO;Enlarge;Resistor Networks;Sandwich, 50 mil Pitch, Dual In-Line Thin Film Resistor, Surface Mount Network;Thin Film;100;1.5 M;25;5;0.05;0.02;0.1;Ceramic sandwich;n/a;image/networks-and-arrays/60011.png;;networks-and-arrays;CSO\CSO.pdf;;;;;None;;
CSOM;Enlarge;Resistor Networks;Sandwich, 25 mil Pitch, Dual In-Line Thin Film Resistor, Surface Mount Network;Thin Film;100;500 K;25;5;0.05;0.02;0.1;Ceramic sandwich;n/a;image/networks-and-arrays/60121.png;;networks-and-arrays;CSOM\CSOM.pdf;;;;;None;;
CTA;Enlarge;Resistor Networks;Thin Film, Center-Tapped Resistor Divider Network;Thin Film;25;35 K;10;2;0.1;n/a;0.125;n/a;0303;image/networks-and-arrays/61015.png;;networks-and-arrays;CTA\CTA.pdf;;;;;None;;
CTM;Enlarge;Resistor Networks;Thin Film Megohm Center-Tap Chip Resistor Divider Network;Thin Film;200 K;10 M;50;5;0.1;n/a;0.02;n/a;0404;image/networks-and-arrays/61034.png;;networks-and-arrays;CTM\CTM.pdf;;;;;None;;
CTN;Enlarge;Resistor Networks;Nichrome Thin Film, Center Tapped Resistor Divider Network;Thin Film;10;1 M;10;2;0.1;n/a;0.25;n/a;0303;image/networks-and-arrays/61024.png;;networks-and-arrays;CTN\CTN.pdf;;;;;None;;
CTQ;Enlarge;Resistor Networks;Thin Film, Center-Tapped Resistor Divider Network;Thin Film;10;1 M;25;2;0.1;n/a;0.06;n/a;0303;image/networks-and-arrays/61030.png;;networks-and-arrays;CTQ\CTQ.pdf;;;;;None;;
CTR;Enlarge;Resistor Networks;Thin Film, Center-Tapped Resistor Divider Network;Thin Film;10;1 M;25;2;0.1;n/a;0.25;n/a;0303;image/networks-and-arrays/61020.png;;networks-and-arrays;CTR\CTR.pdf;;;;;;networks-and-arrays;CTR\CTR.zip
CTR (Low Ohms);Enlarge;Resistor Networks;Thin Film Low Ohmic Value Resistor Divider Network;Thin Film;1;9.9;100;200;1;n/a;0.25;n/a;0303;image/networks-and-arrays/61028.png;;networks-and-arrays;CTR (Low Ohms)\CTR (Low Ohms).pdf;;;;;;networks-and-arrays;CTR (Low Ohms)\CTR (Low Ohms).zip
CTSP;Enlarge;Resistor Networks;Molded, Commercial, Single In-Line Thin Film Resistor, Through Hole Network (Custom);Thin Film;20;500 K;10;1;0.05;0.025;0.1;SIP;n/a;image/networks-and-arrays/60036.png;;networks-and-arrays;CTSP\CTSP.pdf;;;;;None;;
CTT;Enlarge;Resistor Networks;Thin Film Center-Tapped Resistor Divider Network;Thin Film;10;35 K;25;2;0.5;n/a;0.125;n/a;0303;image/networks-and-arrays/61016.png;;networks-and-arrays;CTT\CTT.pdf;;;;;None;;
Custom Networks;;Resistor Networks;Custom Thick Film Networks, Quadpack, Surface Mount;Thick Film;;;;;;;;;;image/networks-and-arrays/68009.png;;networks-and-arrays;Custom Networks\Custom Networks.pdf;;;;;None;;
Custom Networks;Enlarge;Resistor Networks;Custom Thick Film Resistor Networks, Single-In-Line (Molded or Conformal Coated SIPs) and Dual-In-Line (Molded DIPs);Thick Film;1;50 M;100;n/a;0.5;n/a;0.125;SIP;n/a;image/networks-and-arrays/31517.png;;networks-and-arrays;Custom Networks\Custom Networks.pdf;;;;;None;;
DFM (Military M83401/03);Enlarge;Resistor Networks;Thick Film Resistor Networks, Military, MIL-PRF-83401 Qualified, Type RZ030, Flat Pack;Thick Film;see datasheet;see datasheet;100;n/a;1;n/a;0.015;Flatpack;n/a;image/networks-and-arrays/31517.png;;networks-and-arrays;DFM (Military M83401;03)\DFM (Military M83401;03).pdf;;;None;;
DFM (Military M83401/03);Enlarge;Resistor Networks;Thick Film Resistor Networks, Military, MIL-PRF-83401 Qualified, Type RZ030, Flat Pack;Thick Film;10;1 M;100;n/a;1;n/a;0.025;Flatpack;n/a;image/networks-and-arrays/31517.png;;networks-and-arrays;DFM (Military M83401;03)\DFM (Military M83401;03).pdf;;;None;;
DFM (Military M83401/03);Enlarge;Resistor Networks;Thick Film Resistor Networks, Military, MIL-PRF-83401 Qualified, Type RZ030, Flat Pack;Thick Film;10;1 M;100;n/a;1;n/a;0.050;Flatpack;n/a;image/networks-and-arrays/60109.png;;networks-and-arrays;DFM (Military M83401;03)\DFM (Military M83401;03).pdf;;;None;;
DFN;Enlarge;Resistor Networks;Dual Flat No Lead Molded Precision Thin Film Resistor Surface Mount Network;Thin Film;100;100 K;25;3;0.05;0.025;0.1;Arrays / leadless;n/a;image/networks-and-arrays/60110.png;;networks-and-arrays;DFN\DFN.pdf;;;;;None;;
DFN (Divider);Enlarge;Resistor Networks;Dual Flat No Lead Molded Precision Thin Film Divider, Surface Mount Resistor Network;Thin Film;1 K;100;25;5;0.1;0.05;0.1;Arrays / leadless;n/a;image/networks-and-arrays/31513.png;;networks-and-arrays;DFN (Divider)\DFN (Divider).pdf;;;;;None;;
DFP;Enlarge;Resistor Networks;Thick Film Resistor Networks, Flat Pack;Thick Film;10;1 M;100;50;1;n/a;0.15;Flatpack;n/a;image/networks-and-arrays/31513.png;;networks-and-arrays;DFP\DFP.pdf;;;;;None;;
DFP;Enlarge;Resistor Networks;Thick Film Resistor Networks, Flat Pack;Thick Film;10;1 M;100;50;1;n/a;0.25;Flatpack;n/a;image/networks-and-arrays/61073.png;;networks-and-arrays;DFP\DFP.pdf;;;;;None;;
FP200, FP201, FP202;Enlarge;Resistor Networks;Hermetic Flat Pack Thin Film Resistor, Surface Mount Network;Thin Film;10;1 M;10;5;0.05;0.01;0.1;Hermetic;n/a;image/networks-and-arrays/60047.png;;networks-and-arrays;FP200, FP201, FP202\FP200, FP201, FP202.pdf;;;;;None;;
HD;Enlarge;Resistor Networks;Hermetic, Dual-In-Line Thin Film Resistor, Through Hole Network (Custom);Thin Film;50;300 K;10;1;0.02;0.01;0.1;Hermetic;n/a;image/networks-and-arrays/60111.png;;networks-and-arrays;HD\HD.pdf;;;;;None;;
HTRN;Enlarge;Resistor Networks;"Molded, 50 mil Pitch, High Temperature (215 &#176;C); Thin Film Surface Mount, Dual-In-Line Resistor NetworkNetwork";Thin Film;1 K;100 K;25;5;0.1;0.05;0.1;SOIC (molded);n/a;image/networks-and-arrays/60091.png;;networks-and-arrays;HTRN\HTRN.pdf;;;;;None;;
HVPS;Enlarge;Resistor Networks;High Value, High Voltage Precision SIP Thin Film Resistor, Through Hole Network;Thin Film;50 K;5 M;5;;0.01;n/a;0.125;SIP;n/a;image/networks-and-arrays/60012.png;;networks-and-arrays;HVPS\HVPS.pdf;;;;;None;;
LCC, TLCC;Enlarge;Resistor Networks;Hermetic, 50 mil Pitch, Leadless Thin Film Chip Resistor, Surface Mount Network;Thin Film;10;250 K;25;5;0.1;n/a;0.05;Hermetic;n/a;image/networks-and-arrays/60116.png;;networks-and-arrays;LCC, TLCC\LCC, TLCC.pdf;;;;;None;;
M83401, C83401;Enlarge;Resistor Networks;Thin Film Resistor Network Military, MIL-PRF-83401 Qualified, Type RZ070, RZ080, RZ090, RZ220, RZ221, RZ223, Single-In-Line SIP;Thin Film;100;200 K;25;5;0.1;0.1;0.00006;SIP;n/a;image/networks-and-arrays/31516.png;;networks-and-arrays;M83401, C83401\M83401, C83401.pdf;;;;;None;;
MDM (Military M83401/01 and /02);Enlarge;Resistor Networks;Thick Film Resistor Networks, Military, MIL-PRF-83401 Qualified, Type RZ010 and RZ020 Dual-In-Line, Molded DIP;Thick Film;see datasheet;see datasheet;100;n/a;1;n/a;0.05;n/a;n/a;image/networks-and-arrays/31516.png;;networks-and-arrays;MDM (Military M83401;01 and ;02)\MDM (Military M83401;01 and ;02).pdf;None;;
MDM (Military M83401/01 and /02);Enlarge;Resistor Networks;Thick Film Resistor Networks, Military, MIL-PRF-83401 Qualified, Type RZ010 and RZ020 Dual-In-Line, Molded DIP;Thick Film;10;1 M;100;n/a;1;n/a;0.10;n/a;n/a;image/networks-and-arrays/31516.png;;networks-and-arrays;MDM (Military M83401;01 and ;02)\MDM (Military M83401;01 and ;02).pdf;None;;
MDM (Military M83401/01 and /02);Enlarge;Resistor Networks;Thick Film Resistor Networks, Military, MIL-PRF-83401 Qualified, Type RZ010 and RZ020 Dual-In-Line, Molded DIP;Thick Film;10;1 M;100;n/a;1;n/a;0.20;n/a;n/a;image/networks-and-arrays/31511.png;;networks-and-arrays;MDM (Military M83401;01 and ;02)\MDM (Military M83401;01 and ;02).pdf;None;;
MDP 01, 03, 05;Enlarge;Resistor Networks;Thick Film Resistor Networks, Dual-In-Line, Molded DIP;Thick Film;10;2.2 M;100;50;1;n/a;0.125;n/a;n/a;image/networks-and-arrays/31511.png;;networks-and-arrays;MDP 01, 03, 05\MDP 01, 03, 05.pdf;;;;;None;;
MDP 01, 03, 05;Enlarge;Resistor Networks;Thick Film Resistor Networks, Dual-In-Line, Molded DIP;Thick Film;10;2.2 M;100;50;1;n/a;0.250;n/a;n/a;image/networks-and-arrays/31512.png;;networks-and-arrays;MDP 01, 03, 05\MDP 01, 03, 05.pdf;;;;;None;;
MDP 45, 46;Enlarge;Resistor Networks;Thick Film Resistor Networks, Dual-In-Line, Molded DIP;Thick Film;180;820;100;150;2;n/a;0.125;n/a;n/a;image/networks-and-arrays/60129.png;;networks-and-arrays;MDP 45, 46\MDP 45, 46.pdf;;;;;None;;
MORN;Enlarge;Resistor Networks;"Molded, Compact, 0.65 mm Pitch, Dual-In-Line Thin Film Resistor, Surface Mount Network 0.01 % Ratio Tolerance and 1 ppm/&#176;C TCR Tracking";Thin Film;400;100 K;25;1;0.05;0.01;0.05;SOIC;n/a;image/networks-and-arrays/60092.png;;networks-and-arrays;MORN\MORN.pdf;;;;;None;;
MP;Enlarge;Resistor Networks;Molded, SC-70 Thin Film Resistor, Surface Mount Network;Thin Film;100;50 K;25;2;0.1;0.05;0.075;SC-70;n/a;image/networks-and-arrays/60016.png;;networks-and-arrays;MP\MP.pdf;;;;;None;;
MPD, MPDA;Enlarge;Resistor Networks;Molded, SOT-143 Thin Film Resistor, Surface Mount Network;Thin Film;1 K;100 K;25;2;0.1;0.05;0.1;SOT-143;n/a;image/networks-and-arrays/60013.png;;networks-and-arrays;MPD, MPDA\MPD, MPDA.pdf;;;;;None;;
MPH;Enlarge;Resistor Networks;Hermetic, 50 mil Pitch, Leadless Thin Film Chip Resistor, Surface Mount Network;Thin Film;100;100 K;25;1;0.1;0.05;0.25;Hermetic;n/a;image/networks-and-arrays/60001.png;;networks-and-arrays;MPH\MPH.pdf;;;;;None;;
MPM (Divider);Enlarge;Resistor Networks;Molded, SOT-23 Thin Film Resistor, Surface Mount Divider Network;Thin Film;250;100 K;25;2;0.05;0.01;0.1;SOT-23;n/a;image/networks-and-arrays/60113.png;;networks-and-arrays;MPM (Divider)\MPM (Divider).pdf;;;;;None;;
MPMA (Divider);Enlarge;Resistor Networks;Matched Pair, Molded, Automotive, Thin Film, SOT-23, Resistor, Surface Mount Network, AEC-Q200 Qualified;Thin Film;250;50 K;25;2;0.1;0.05;0.1;SOT-23;n/a;image/networks-and-arrays/52018.png;;networks-and-arrays;MPMA (Divider)\MPMA (Divider).pdf;;;;;None;;
MR;Enlarge;Resistor Networks;Resistor Networks Metal Film Technology;Thin Film;0.1;10 M;5;1;0.01;0.1;0.1;n/a;n/a;image/networks-and-arrays/31514.png;;networks-and-arrays;MR\MR.pdf;;;;;None;;
MSM (Military M83401/04 to /09);Enlarge;Resistor Networks;Thick Film Resistor Networks, Military, MIL-PRF-83401 Qualified, Type RZ040 to RZ090, Single-In-Line, Molded SIP;Thick Film;see datasheet;see datasheet;100;n/a;1;n/a;0.07;SIP;n/a;image/networks-and-arrays/31514.png;;networks-and-arrays;MSM (Military M83401;04 to ;09)\MSM (Military M83401;04 to ;09).pdf;None;;
MSM (Military M83401/04 to /09);Enlarge;Resistor Networks;Thick Film Resistor Networks, Military, MIL-PRF-83401 Qualified, Type RZ040 to RZ090, Single-In-Line, Molded SIP;Thick Film;see datasheet;see datasheet;100;n/a;1;n/a;0.11;SIP;n/a;image/networks-and-arrays/31514.png;;networks-and-arrays;MSM (Military M83401;04 to ;09)\MSM (Military M83401;04 to ;09).pdf;None;;
MSM (Military M83401/04 to /09);Enlarge;Resistor Networks;Thick Film Resistor Networks, Military, MIL-PRF-83401 Qualified, Type RZ040 to RZ090, Single-In-Line, Molded SIP;Thick Film;10;1 M;100;n/a;1;n/a;0.12;SIP;n/a;image/networks-and-arrays/31514.png;;networks-and-arrays;MSM (Military M83401;04 to ;09)\MSM (Military M83401;04 to ;09).pdf;None;;
MSM (Military M83401/04 to /09);Enlarge;Resistor Networks;Thick Film Resistor Networks, Military, MIL-PRF-83401 Qualified, Type RZ040 to RZ090, Single-In-Line, Molded SIP;Thick Film;10;1 M;100;n/a;1;n/a;0.20;SIP;n/a;image/networks-and-arrays/31531.png;;networks-and-arrays;MSM (Military M83401;04 to ;09)\MSM (Military M83401;04 to ;09).pdf;None;;
MSM Long Lead (Military M83401/24);Enlarge;Resistor Networks;Thick Film Resistor Networks, Military, MIL-PRF-83401 Qualified, Type RZ240, Single-In-Line, Molded SIP;Thick Film;see datasheet;see datasheet;100;n/a;1;n/a;0.07;SIP;n/a;image/networks-and-arrays/31531.png;;networks-and-arrays;MSM Long Lead (Military M83401;24)\MSM Long Lead (Military M83401;24).pdf;;;None;;
MSM Long Lead (Military M83401/24);Enlarge;Resistor Networks;Thick Film Resistor Networks, Military, MIL-PRF-83401 Qualified, Type RZ240, Single-In-Line, Molded SIP;Thick Film;10;1 M;100;n/a;1;n/a;0.12;SIP;n/a;image/networks-and-arrays/31510.png;;networks-and-arrays;MSM Long Lead (Military M83401;24)\MSM Long Lead (Military M83401;24).pdf;;;None;;
MSP;Enlarge;Resistor Networks;Thick Film Resistor Networks, Single-In-Line, Molded SIP;Thick Film;10;2.2 M;100;n/a;1;n/a;0.20;SIP;n/a;image/networks-and-arrays/31510.png;;networks-and-arrays;MSP\MSP.pdf;;;;;None;;
MSP;Enlarge;Resistor Networks;Thick Film Resistor Networks, Single-In-Line, Molded SIP;Thick Film;10;2.2 M;100;n/a;1;n/a;0.25;SIP;n/a;image/networks-and-arrays/31510.png;;networks-and-arrays;MSP\MSP.pdf;;;;;None;;
MSP;Enlarge;Resistor Networks;Thick Film Resistor Networks, Single-In-Line, Molded SIP;Thick Film;10;2.2 M;100;n/a;1;n/a;0.30;SIP;n/a;image/networks-and-arrays/31510.png;;networks-and-arrays;MSP\MSP.pdf;;;;;None;;
MSP;Enlarge;Resistor Networks;Thick Film Resistor Networks, Single-In-Line, Molded SIP;Thick Film;10;2.2 M;100;n/a;1;n/a;0.40;SIP;n/a;image/networks-and-arrays/61097.png;;networks-and-arrays;MSP\MSP.pdf;;;;;None;;
MTLP;Enlarge;Resistor Arrays;Wire Bondable Thin Film Micro-Strip Transmission Line Resistor Arrays;Thin Film;50;50;n/a;n/a;n/a;n/a;n/a;Arrays / leadless;n/a;image/networks-and-arrays/61045.png;;networks-and-arrays;MTLP\MTLP.pdf;;;;;None;;
MTR;Enlarge;Resistor Arrays;Wire Bondable Thin Film Multi-Tap Resistor Arrays;Thin Film;100;240 K;100;5;10;n/a;0.250;Arrays / leadless;0303;image/networks-and-arrays/61046.png;;networks-and-arrays;MTR\MTR.pdf;;;;;None;;
MTT;Enlarge;Resistor Arrays;Wire Bondable Thin Film Multi-Tap Resistor Arrays;Thin Film;1.1 K;275 K;250;n/a;1;n/a;0.250;Arrays / leadless;0404;image/networks-and-arrays/60117.png;;networks-and-arrays;MTT\MTT.pdf;;;;;None;;
NOMCA;Enlarge;Resistor Networks;Molded, 50 mil Pitch, Dual-In-Line Thin Film Resistor, Narrow Body, Surface Mount Network;Thin Film;1 K;50;25;5;0.1;0.05;0.05;SOIC (molded);n/a;image/networks-and-arrays/60006.png;;networks-and-arrays;NOMCA\NOMCA.pdf;;;;;None;;
ORN (Divider);Enlarge;Resistor Networks;Molded, 50 mil Pitch, Dual-In-Line Thin Film Divider, Surface Mount Resistor Network;Thin Film;1 K;100 K;25;5;0.1;0.05;0.1;SOIC (molded);n/a;image/networks-and-arrays/60112.png;;networks-and-arrays;ORN (Divider)\ORN (Divider).pdf;;;;;None;;
ORNV (Divider);Enlarge;Resistor Networks;Molded, 50 mil Pitch, Dual-In-Line Thin Film Divider, Surface Mount Resistor Network;Thin Film;2 K;50 K;25;5;0.1;0.05;0.1;SOIC (molded);n/a;image/networks-and-arrays/60002.png;;networks-and-arrays;ORNV (Divider)\ORNV (Divider).pdf;;;;;None;;
OSOP;Enlarge;Resistor Networks;Molded, 25 mil Pitch, Dual-In-Line Thin Film Resistor, Surface-Mount Network;Thin Film;500;100 K;25;5;0.1;0.025;0.1;SOIC (molded);n/a;image/networks-and-arrays/53039.png;;networks-and-arrays;OSOP\OSOP.pdf;;;;;None;;
PR100, PR135, PR182;Enlarge;Resistor Arrays;High Precision Thin Film Network, Surface-Mount Leadless Resistor Arrays;Thin Film;100;1 M;10;2;0.1;0.01;0.1;Arrays / leadless;n/a;image/networks-and-arrays/53043.png;;networks-and-arrays;PR100, PR135, PR182\PR100, PR135, PR182.pdf;;;;;None;;
PRA HR (CNW HR);Enlarge;Resistor Arrays;ESCC 4001/025 Qualified High Precision Thin Film Chip Resistor Arrays;Thin Film;100;200 K;10;3;0.05;0.1;0.100;Arrays / leadless;100;image/networks-and-arrays/53033.png;;networks-and-arrays;PRA HR (CNW HR)\PRA HR (CNW HR).pdf;;;;;;networks-and-arrays;PRA HR (CNW HR)\PRA HR (CNW HR).zip
PRA074, PRA100, PRA135, PRA182 (CNW);Enlarge;Resistor Arrays;High-Precision Thin Film Chip Resistor Arrays, Sulfur Resistant;Thin Film;10;100 K;10;1;0.01;0.1;0.040;Arrays / leadless;074;image/networks-and-arrays/53033.png;;networks-and-arrays;PRA074, PRA100, PRA135, PRA182 (CNW)\PRA074, PRA100, PRA135, PRA182 (CNW).pdf;;;;;;networks-and-arrays;PRA074, PRA100, PRA135, PRA182 (CNW)\PRA074, PRA100, PRA135, PRA182 (CNW).zip
PRA074, PRA100, PRA135, PRA182 (CNW);Enlarge;Resistor Arrays;High-Precision Thin Film Chip Resistor Arrays, Sulfur Resistant;Thin Film;10;250 K;10;1;0.01;0.1;0.100;Arrays / leadless;100;image/networks-and-arrays/53033.png;;networks-and-arrays;PRA074, PRA100, PRA135, PRA182 (CNW)\PRA074, PRA100, PRA135, PRA182 (CNW).pdf;;;;;;networks-and-arrays;PRA074, PRA100, PRA135, PRA182 (CNW)\PRA074, PRA100, PRA135, PRA182 (CNW).zip
PRA074, PRA100, PRA135, PRA182 (CNW);Enlarge;Resistor Arrays;High-Precision Thin Film Chip Resistor Arrays, Sulfur Resistant;Thin Film;10;500 K;10;1;0.01;0.1;0.125;Arrays / leadless;135;image/networks-and-arrays/53033.png;;networks-and-arrays;PRA074, PRA100, PRA135, PRA182 (CNW)\PRA074, PRA100, PRA135, PRA182 (CNW).pdf;;;;;;networks-and-arrays;PRA074, PRA100, PRA135, PRA182 (CNW)\PRA074, PRA100, PRA135, PRA182 (CNW).zip
PRA074, PRA100, PRA135, PRA182 (CNW);Enlarge;Resistor Arrays;High-Precision Thin Film Chip Resistor Arrays, Sulfur Resistant;Thin Film;10;2 M;10;1;0.01;0.1;0.200;Arrays / leadless;182;image/networks-and-arrays/53057.png;;networks-and-arrays;PRA074, PRA100, PRA135, PRA182 (CNW)\PRA074, PRA100, PRA135, PRA182 (CNW).pdf;;;;;;networks-and-arrays;PRA074, PRA100, PRA135, PRA182 (CNW)\PRA074, PRA100, PRA135, PRA182 (CNW).zip
PRAHT 100, PRAHT 135, PRAHT 182 (CNWHT);Enlarge;Resistor Arrays;"High Temperature (230 &#176;C) High Precision Thin Film Wraparound Chip Resistor Arrays, Sulfur Resistant";Thin Film;10;250 K;15;2;0.05;0.1;0.010;Arrays / leadless;100;image/networks-and-arrays/53057.png;;networks-and-arrays;PRAHT 100, PRAHT 135, PRAHT 182 (CNWHT)\PRAHT 100, PRAHT 135, PRAHT 182 (CNWHT).pdf;;;;;;networks-and-arrays;PRAHT 100, PRAHT 135, PRAHT 182 (CNWHT)\PRAHT 100, PRAHT 135, PRAHT 182 (CNWHT).zip
PRAHT 100, PRAHT 135, PRAHT 182 (CNWHT);Enlarge;Resistor Arrays;"High Temperature (230 &#176;C) High Precision Thin Film Wraparound Chip Resistor Arrays, Sulfur Resistant";Thin Film;10;2 M;15;2;0.05;0.1;0.020;Arrays / leadless;182;image/networks-and-arrays/53057.png;;networks-and-arrays;PRAHT 100, PRAHT 135, PRAHT 182 (CNWHT)\PRAHT 100, PRAHT 135, PRAHT 182 (CNWHT).pdf;;;;;;networks-and-arrays;PRAHT 100, PRAHT 135, PRAHT 182 (CNWHT)\PRAHT 100, PRAHT 135, PRAHT 182 (CNWHT).zip
PRAHT 100, PRAHT 135, PRAHT 182 (CNWHT);Enlarge;Resistor Arrays;"High Temperature (230 &#176;C) High Precision Thin Film Wraparound Chip Resistor Arrays, Sulfur Resistant";Thin Film;10;500 K;15;2;0.05;0.1;0.0125;Arrays / leadless;135;image/networks-and-arrays/60015.png;;networks-and-arrays;PRAHT 100, PRAHT 135, PRAHT 182 (CNWHT)\PRAHT 100, PRAHT 135, PRAHT 182 (CNWHT).pdf;;;;;;networks-and-arrays;PRAHT 100, PRAHT 135, PRAHT 182 (CNWHT)\PRAHT 100, PRAHT 135, PRAHT 182 (CNWHT).zip
QFN-;Enlarge;Resistor Networks;Quad Flat No Lead Molded Precision Thin Film Resistor, Surface Mount Network;Thin Film;100;500 K;25;5;0.1;0.05;0.1;Arrays / leadless;n/a;image/networks-and-arrays/61013.png;;networks-and-arrays;QFN-\QFN-.pdf;;;;;None;;
RCN;Enlarge;Resistor Networks;Wire Bondable Thin Film Filter Resistor Networks;Thin Film;25;50;100;n/a;0.01;n/a;0.05;Wirebondable;1210;image/networks-and-arrays/60068.png;;networks-and-arrays;RCN\RCN.pdf;;;;;None;;
RMK 33N;Enlarge;Resistor Networks;Wirebondable Dual Value Thin Film Chip Resistor Networks, Center Tap;Thin Film;1 K;500 K;5;1;0.01;0.1;0.050;Wirebondable;0303;image/networks-and-arrays/60053.png;;networks-and-arrays;RMK 33N\RMK 33N.pdf;;;;;None;;
RMK 408N, 508N, 48N, 816N, 914N (CN);Enlarge;Resistor Networks;Wirebondable Thin Film Chip Resistor Networks;Thin Film;1 K;200 K;5;1;0.01;0.1;0.125;Wirebondable;0808;image/networks-and-arrays/60053.png;;networks-and-arrays;RMK 408N, 508N, 48N, 816N, 914N (CN)\RMK 408N, 508N, 48N, 816N, 914N (CN).pdf;;;;;;networks-and-arrays;RMK 408N, 508N, 48N, 816N, 914N (CN)\RMK 408N, 508N, 48N, 816N, 914N (CN).zip
RMK 408N, 508N, 48N, 816N, 914N (CN);Enlarge;Resistor Networks;Wirebondable Thin Film Chip Resistor Networks;Thin Film;1 K;200 K;5;1;0.01;0.1;0.250;Wirebondable;0610;image/networks-and-arrays/60049.png;;networks-and-arrays;RMK 408N, 508N, 48N, 816N, 914N (CN)\RMK 408N, 508N, 48N, 816N, 914N (CN).pdf;;;;;;networks-and-arrays;RMK 408N, 508N, 48N, 816N, 914N (CN)\RMK 408N, 508N, 48N, 816N, 914N (CN).zip
RMKD (CNP);Enlarge;Resistor Networks;Hermetic, Dual-In-Line Packaged Thin Film Resistor, Through Hole Networks;Thin Film;500;200 K;5;1;0.01;0.05;0.125;Hermetic;n/a;image/networks-and-arrays/60049.png;;networks-and-arrays;RMKD (CNP)\RMKD (CNP).pdf;;;;;;networks-and-arrays;RMKD (CNP)\RMKD (CNP).zip
RMKD (CNP);Enlarge;Resistor Networks;Hermetic, Dual-In-Line Packaged Thin Film Resistor, Through Hole Networks;Thin Film;500;200 K;5;1;0.01;0.05;0.250;Hermetic;n/a;image/networks-and-arrays/60075.png;;networks-and-arrays;RMKD (CNP)\RMKD (CNP).pdf;;;;;;networks-and-arrays;RMKD (CNP)\RMKD (CNP).zip
RMKHT (CNHT);Enlarge;Resistor Networks;"High Temperature (230 &#176;C) Wirebondable Thin Film Chip Resistors and Resistor Networks";Thin Film;100;500 K;15;15;0.02;0.05;0.10;Wirebondable;0303;image/networks-and-arrays/60004.png;;networks-and-arrays;RMKHT (CNHT)\RMKHT (CNHT).pdf;;;;;;networks-and-arrays;RMKHT (CNHT)\RMKHT (CNHT).zip
RMKMS (CNM);Enlarge;Resistor Networks;SMD Molded, 50 Mil Pitch, Dual-In-Line Thin Film Resistor Networks;Thin Film;500;200 K;10;5;0.05;0.1;0.050;SOIC (molded);08;image/networks-and-arrays/60069.png;;networks-and-arrays;RMKMS (CNM)\RMKMS (CNM).pdf;;;;;None;;
RSK 33N;Enlarge;Resistor Networks;Wirebondable Dual Value Thin Film Chip Resistor Networks, Center Tap;Thin Film;10;500 K;15;5;0.05;0.5;0.250;Wirebondable;0303;image/networks-and-arrays/61011.png;;networks-and-arrays;RSK 33N\RSK 33N.pdf;;;;;;networks-and-arrays;RSK 33N\RSK 33N.zip
SC7, SCB;Enlarge;Resistor Networks;Thin Film Resistor Divider Network on Silicon, User Trimmable;Thin Film;100;50 K;25;n/a;0.1;n/a;0.25;n/a;0505;image/networks-and-arrays/60014.png;;networks-and-arrays;SC7, SCB\SC7, SCB.pdf;;;;;None;;
SLCC (CNP);Enlarge;Resistor Networks;Hermetic, 50 Mil Pitch, Leadless Chip Thin Film Resistor Networks;Thin Film;10;100 K;25;2;0.1;0.1;0.050;Hermetic;3535;image/networks-and-arrays/31506.png;;networks-and-arrays;SLCC (CNP)\SLCC (CNP).pdf;;;;;;networks-and-arrays;SLCC (CNP)\SLCC (CNP).zip
SOGC 01, 03, 05;Enlarge;Resistor Networks;Thick Film Resistor Networks, Dual-In-Line, Wide Body, Small Outline, Molded DIP, Surface Mount;Thick Film;10;1 M;100;n/a;1;n/a;0.1;SOIC (molded);n/a;image/networks-and-arrays/31506.png;;networks-and-arrays;SOGC 01, 03, 05\SOGC 01, 03, 05.pdf;;;;;None;;
SOGC 01, 03, 05;Enlarge;Resistor Networks;Thick Film Resistor Networks, Dual-In-Line, Wide Body, Small Outline, Molded DIP, Surface Mount;Thick Film;10;1 M;100;n/a;1;n/a;0.19;SOIC (molded);n/a;image/networks-and-arrays/31507.png;;networks-and-arrays;SOGC 01, 03, 05\SOGC 01, 03, 05.pdf;;;;;None;;
SOGC 45, 46;Enlarge;Resistor Networks;Thick Film Resistor Networks, Dual-In-Line, Wide Body, Small Outline, Molded DIP, Surface Mount;Thick Film;180;820;100;n/a;2;n/a;0.1;SOIC (molded);n/a;image/networks-and-arrays/31508.png;;networks-and-arrays;SOGC 45, 46\SOGC 45, 46.pdf;;;;;None;;
SOMC;Enlarge;Resistor Networks;Thick Film Resistor Networks, Dual-In-Line, Medium Body, Small Outline, Molded DIP, Surface Mount;Thick Film;10;1 M;100;n/a;1;n/a;0.08;SOIC (molded);n/a;image/networks-and-arrays/31508.png;;networks-and-arrays;SOMC\SOMC.pdf;;;;;None;;
SOMC;Enlarge;Resistor Networks;Thick Film Resistor Networks, Dual-In-Line, Medium Body, Small Outline, Molded DIP, Surface Mount;Thick Film;10;1 M;100;n/a;1;n/a;0.16;SOIC (molded);n/a;image/networks-and-arrays/61032.png;;networks-and-arrays;SOMC\SOMC.pdf;;;;;None;;
STR, DTR Custom Networks;Enlarge;Resistor Networks;Custom Thin Film Dual Resistor Divider Network;Thin Film;100;500 K;25;5;0.1;0.05;0.125;n/a;0303;image/networks-and-arrays/68012.png;;networks-and-arrays;STR, DTR Custom Networks\STR, DTR Custom Networks.pdf;;;;;None;;
T14L;Enlarge;Resistor Networks;Thick Film Resistor Networks, Dual-In-Line, Molded DIP;Thick Film;50;1 M;100;n/a;2;n/a;0.050;n/a;n/a;image/networks-and-arrays/68011.png;;networks-and-arrays;T14L\T14L.pdf;;;;;None;;
T16L;Enlarge;Resistor Networks;Thick Film Resistor Networks, Dual-In-Line, Molded DIP;Thick Film;50;1 M;100;n/a;2;n/a;0.050;n/a;n/a;image/networks-and-arrays/60040.png;;networks-and-arrays;T16L\T16L.pdf;;;;;None;;
TAS (CNS);Enlarge;Resistor Networks;Conformal Coating, Single-In-Line Thin Film Resistor, Through Hole Networks;Thin Film;1 K;9.9 M;10;2;0.01;0.1;0.100;SIP;n/a;image/networks-and-arrays/61095.png;;networks-and-arrays;TAS (CNS)\TAS (CNS).pdf;;;;;;networks-and-arrays;TAS (CNS)\TAS (CNS).zip
TCTR;Enlarge;Resistor Networks;Thin Film Center-Tapped Resistors Divider Network for High Temperature Applications;Thin Film;100;100 K;25;2;0.1;n/a;0.250;n/a;0303;image/networks-and-arrays/60008.png;;networks-and-arrays;TCTR\TCTR.pdf;;;;;None;;
TOMC;Enlarge;Resistor Networks;Molded, 50 mil Pitch, Dual-In-Line Thin Film Resistor, Surface Mount Network;Thin Film;100;100 K;25;5;0.1;0.025;0.05;SOIC (molded);n/a;image/networks-and-arrays/60037.png;;networks-and-arrays;TOMC\TOMC.pdf;;;;;None;;
TSP;Enlarge;Resistor Networks;Molded, Commercial, Single In-Line Thin Film Resistor, Through Hole Network (Standard);Thin Film;100;200 K;25;1;0.1;0.05;0.100;SIP;n/a;image/networks-and-arrays/68019.png;;networks-and-arrays;TSP\TSP.pdf;;;;;None;;
TSR;Enlarge;Resistor Networks;Thick Film Surge Resistor Networks, Single-In-Line;Thick Film;24;200;100;n/a;0.5;0.5;2;SIP;n/a;image/networks-and-arrays/68010.png;;networks-and-arrays;TSR\TSR.pdf;;;;;None;;
TxxS;Enlarge;Resistor Networks;Thick Film Resistor Networks, Single-In-Line, Conformal Coated SIP;Thick Film;50;1 M;100;n/a;2;n/a;0.050;SIP;n/a;image/networks-and-arrays/60009.png;;networks-and-arrays;TxxS\TxxS.pdf;;;;;None;;
VSOR2000S1;Enlarge;Resistor Networks;Molded, 50 mil Pitch, Dual In-Line Thin Film Resistor, Surface Mount Network;Thin Film;50;125.125 K;100;10;1;0.5;;SOIC (molded);n/a;image/networks-and-arrays/60041.png;;networks-and-arrays;VSOR2000S1\VSOR2000S1.pdf;;;;;None;;
VTF (Custom);Enlarge;Resistor Networks;Conformal, Single In-Line Thin Film Resistor, Through Hole Network (Custom);Thin Film;100;2 M;10;2;0.05;0.01;0.100;SIP;n/a;image/networks-and-arrays/60038.png;;networks-and-arrays;VTF (Custom)\VTF (Custom).pdf;;;;;None;;
VTF (Standard);Enlarge;Resistor Networks;Conformal, Single In-Line Thin Film Resistor, Through Hole Network (Standard);Thin Film;100;2 M;10;2;0.1;0.02;0.1;SIP;n/a;image/networks-and-arrays/60003.png;;networks-and-arrays;VTF (Standard)\VTF (Standard).pdf;;;;;None;;
VTSR, VSSR, VSOR;Enlarge;Resistor Networks;Molded, 25 mil or 50 mil Pitch, Dual-In-Line Thin Film Resistor, Surface Mount Network;Thin Film;10;47 K;100;;2;n/a;0.1;SOIC (molded);n/a;image/networks-and-arrays/60010.png;;networks-and-arrays;VTSR, VSSR, VSOR\VTSR, VSSR, VSOR.pdf;;;;;None;;
WOMC;Enlarge;Resistor Networks;Molded, 50 mil Pitch, Dual-In-Line Thin Film Resistor, Wide Body, Surface Mount Network;Thin Film;100;500 K;25;5;0.1;0.05;0.1;SOIC (molded);n/a;60044;;networks-and-arrays;100-267\100-267.pdf;;;;;;;
