Part Number;Configuration;SingleSupplyMin.;SingleSupplyMax.;DualSupplyMin.;DualSupplyMax.;On-Resistance(Ω);Is(off)Max.;tonMax.;QINJTyp.;XTALK&OIRR;Package;CS(on)(pF);CS(off)(pF);-3 dBBandwidth(MHz);Image path;Datasheet part;3d model part
DG1408E;8:1 x 1;4.5;24;4.5;16.5;3.9;0.55;130;-31;-58;QFN-16 4x4;;13;55;76516;Datasheet/analog-switches/DG1408E/DG1408E.pdf;None
DG1409E;4:1 x 2;4.5;24;4.5;16.5;3.9;0.55;130;-103;-58;QFN-16 4x4;;13;90;76516;Datasheet/analog-switches/DG1409E/DG1409E.pdf;None
DG1411E;SPST x 4, NC;4.5;24;4.5;16.5;1.6;12.5;140;-41;-104;QFN-16 4x4;;24;150;75104;Datasheet/analog-switches/DG1411E/DG1411E.pdf;None
DG1411E;SPST x 4, NC;4.5;24;4.5;16.5;1.6;12.5;140;-41;-104;TSSOP-16;;24;150;75104;Datasheet/analog-switches/DG1411E/DG1411E.pdf;None
DG1412E;SPST x 4, NC;4.5;24;4.5;16.5;1.6;12.5;140;-41;-104;QFN-16 4x4;;24;150;75104;Datasheet/analog-switches/DG1412E/DG1412E.pdf;None
DG1412E;SPST x 4, NC;4.5;24;4.5;16.5;1.6;12.5;140;-41;-104;TSSOP-16;;24;150;75104;Datasheet/analog-switches/DG1412E/DG1412E.pdf;None
DG1413E;SPST x 4, NC;4.5;24;4.5;16.5;1.6;12.5;140;-41;-104;QFN-16 4x4;;24;150;75104;Datasheet/analog-switches/DG1413E/DG1413E.pdf;None
DG1413E;SPST x 4, NC;4.5;24;4.5;16.5;1.6;12.5;140;-41;-104;TSSOP-16;;24;150;75104;Datasheet/analog-switches/DG1413E/DG1413E.pdf;None
DG2001E;SPDT x 1;1.8;5.5;;;0.85;30;35;8;-63;TSOP-6;53;16;;76471;Datasheet/analog-switches/DG2001E/DG2001E.pdf;None
DG2002E;SPDT x 2;1.8;5.5;;;6;1.5;32;1;-77;SC-70-6;13;7;;76624;Datasheet/analog-switches/DG2002E/DG2002E.pdf;None
DG2012E;SPDT x 2;1.65;5.5;;;1;5;47;8;-41;SC-70-6;52;16;160;75834;Datasheet/analog-switches/DG2012E/DG2012E.pdf;None
DG2032E;SPDT x 2;1.8;5.5;;;2.5;5;45;-9;-55;QFN-12 3x3;23;7;226;78604;Datasheet/analog-switches/DG2032E/DG2032E.pdf;None
DG2034E;4:1 x 1;1.8;5.5;;;2.5;5;34;-2;-67;QFN-12 3x3;33;7;166;73172;Datasheet/analog-switches/DG2034E/DG2034E.pdf;None
DG2034E;4:1 x 1;1.8;5.5;;;2.5;5;34;-2;-67;MSOP-10;33;7;166;73172;Datasheet/analog-switches/DG2034E/DG2034E.pdf;None
DG213;SPST x 4, Comp;13;36;7;22;60;0.5;130;1;-70;SO-16 (Narrow) AS;;;;70662;Datasheet/analog-switches/DG213/DG213.pdf;None
DG213;SPST x 4, Comp;13;36;7;22;60;0.5;130;1;-70;Plastic DIP-16;;;;70662;Datasheet/analog-switches/DG213/DG213.pdf;None
DG213;SPST x 4, Comp;13;36;7;22;60;0.5;130;1;-70;TSSOP-16;;;;70662;Datasheet/analog-switches/DG213/DG213.pdf;None
DG221B;SPST x 4, Latch;13;18;7;18;90;5;550;20;-60;SO-16 (Narrow) AS;;;;71616;Datasheet/analog-switches/DG221B/DG221B.pdf;None
DG221B;SPST x 4, Latch;13;18;7;18;90;5;550;20;-60;Plastic DIP-16;;;;71616;Datasheet/analog-switches/DG221B/DG221B.pdf;None
DG2501;Quad SPST;1.8;5.5;;;150;1;150;-0.7;-85;WCSP16 0.35mm;;2.9;510;62962;Datasheet/analog-switches/DG2501/DG2501.pdf;None
DG2502;Quad SPST;1.8;5.5;;;150;1;150;-0.7;-85;WCSP16 0.35mm;;2.9;510;62962;Datasheet/analog-switches/DG2502/DG2502.pdf;None
DG2503;Quad SPST;1.8;5.5;;;150;1;150;-0.7;-85;WCSP16 0.35mm;;2.9;510;62962;Datasheet/analog-switches/DG2503/DG2503.pdf;None
DG2517E;SPDT x 2;1.8;5.5;;;2.5;5;45;-9;-55;DFN-10;23;7;226;74518;Datasheet/analog-switches/DG2517E/DG2517E.pdf;None
DG2517E;SPDT x 2;1.8;5.5;;;2.5;5;45;-9;-55;MSOP-10;23;7;226;74518;Datasheet/analog-switches/DG2517E/DG2517E.pdf;None
DG2519E;SPDT x 2;1.8;5.5;;;2.5;5;45;-10.2;-58;DFN-10;24;7;222;78595;Datasheet/analog-switches/DG2519E/DG2519E.pdf;None
DG2519E;SPDT x 2;1.8;5.5;;;2.5;5;45;-10.2;-58;MSOP-10;24;7;222;78595;Datasheet/analog-switches/DG2519E/DG2519E.pdf;None
DG2523;DPDT x 2;1.8;5.5;;;0.4;1;60;-19;-55;QFN-16 3 x 3;26;14.5;310;67894;Datasheet/analog-switches/DG2523/DG2523.pdf;None
DG2524;SPDT x 4;1.8;5.5;;;0.4;1;60;-19;-55;QFN-16 3 x 3;26;14.5;310;67894;Datasheet/analog-switches/DG2524/DG2524.pdf;None
DG2525;DPDT x 2;1.8;5.5;;;0.37;5;60000;-19;-55;miniQFN-16 (0.55mm);26;14.5;310;78295;Datasheet/analog-switches/DG2525/DG2525.pdf;None
DG2535E;SPDT x 2;1.65;5.5;;;0.25;8;78;;-70;MSOP-10;120;40;120;75646;Datasheet/analog-switches/DG2535E/DG2535E.pdf;None
DG2535E;SPDT x 2;1.65;5.5;;;0.25;8;78;;-70;DFN-10;120;40;120;75646;Datasheet/analog-switches/DG2535E/DG2535E.pdf;None
DG2592;;1.6;5.5;;;;;;;;miniQFN-10;;;;62970;Datasheet/analog-switches/DG2592/DG2592.pdf;None
DG2715E;SPST x 1, NO;1.8;5.5;;;0.7;-5;25;-7;-57;SC-70-5;73;29;;75025;Datasheet/analog-switches/DG2715E/DG2715E.pdf;None
DG2716E;SPST x 1, NC;1.8;5.5;;;0.7;5;25;-7;-57;SC-70-5;73;29;;75025;Datasheet/analog-switches/DG2716E/DG2716E.pdf;None
DG2723;SPDT x 2;2.7;4.3;;;8;100;30;0.5;-45;miniQFN-10;6;2;700;68767;Datasheet/analog-switches/DG2723/DG2723.pdf;None
DG2730;DPDT x 1;2.7;4.3;;;7;100;30;0.5;-45;miniQFN-10;6.5;2.7;900;67786;Datasheet/analog-switches/DG2730/DG2730.pdf;None
DG2733E;SPDT x 2;1.65;5.5;;;0.25;8;78;;-70;DFN-10;120;40;120;75646;Datasheet/analog-switches/DG2733E/DG2733E.pdf;None
DG2733E;SPDT x 2;1.65;5.5;;;0.25;8;78;;-70;MSOP-10;120;40;120;75646;Datasheet/analog-switches/DG2733E/DG2733E.pdf;None
DG2735A;SPDT x 2;1.65;4.3;;;0.6;10;75;;-70;miniQFN-10;168;52;30;67590;Datasheet/analog-switches/DG2735A/DG2735A.pdf;None
DG2750;SPDT x 2;1.8;5;;;1;50;1350;4;-60.8;miniQFN-10;81;30;34;64736;Datasheet/analog-switches/DG2750/DG2750.pdf;None
DG2788A;DPDT x 2;1.8;5.5;;;0.37;0.5;50;-245;-56;miniQFN-16 (0.55mm);26;14.5;338;79391;Datasheet/analog-switches/DG2788A/DG2788A.pdf;None
DG300B;SPST x 2, NO;5;36;5;22;15;5;150;8;-62;Plastic DIP-14;40;14;;71402;Datasheet/analog-switches/DG300B/DG300B.pdf;None
DG301B;DPST, comp;5;36;5;22;15;5;150;8;-62;Plastic DIP-14;40;14;;71402;Datasheet/analog-switches/DG301B/DG301B.pdf;None
DG302B;DPST x 2, NO;5;36;5;22;15;5;150;8;-62;Plastic DIP-14;40;14;;71402;Datasheet/analog-switches/DG302B/DG302B.pdf;None
DG303B;DPST x 2, comp;5;36;5;22;15;5;150;8;-62;Plastic DIP-14;40;14;;71402;Datasheet/analog-switches/DG303B/DG303B.pdf;None
DG303B;DPST x 2, comp;5;36;5;22;15;5;150;8;-62;SO-14 (narrow) AS;40;14;;71402;Datasheet/analog-switches/DG303B/DG303B.pdf;None
DG3157E;SPDT x 1;1.65;5.5;;;8;100;;1.3;-61;SC-70-6;12;7;580;76387;Datasheet/analog-switches/DG3157E/DG3157E.pdf;None
DG3257;SPDT x 1;1.65;5.5;;;5;20;23;4;-32;UDFN-6;9;3;714;75945;Datasheet/analog-switches/DG3257/DG3257.pdf;None
DG333A;SPDT x 4;5;36;5;22;25;0.25;175;10;-72;SO-20 (wide);12;8;;70803;Datasheet/analog-switches/DG333A/DG333A.pdf;None
DG333A;SPDT x 4;5;36;5;22;25;0.25;175;10;-72;TSSOP-20;12;8;;70803;Datasheet/analog-switches/DG333A/DG333A.pdf;None
DG333AL;SPDT x 4;5;36;5;22;25;0.25;175;10;-72;SO-20 (wide);12;8;;70803;Datasheet/analog-switches/DG333AL/DG333AL.pdf;None
DG333AL;SPDT x 4;5;36;5;22;25;0.25;175;10;-72;TSSOP-20;12;8;;70803;Datasheet/analog-switches/DG333AL/DG333AL.pdf;None
DG401B;SPST x 2, NO;5;36;5;22;23;0.5;150;60;-94.8;Plastic DIP-16;39;12;;73069;Datasheet/analog-switches/DG401B/DG401B.pdf;None
DG401B;SPST x 2, NO;5;36;5;22;23;0.5;150;60;-94.8;SO-16 (narrow) AS;39;12;;73069;Datasheet/analog-switches/DG401B/DG401B.pdf;None
DG403B;SPST x 4, comp, two pairs;5;36;5;22;23;0.5;150;60;-94.8;Plastic DIP-16;39;12;;73069;Datasheet/analog-switches/DG403B/DG403B.pdf;None
DG403B;SPST x 4, comp, two pairs;5;36;5;22;23;0.5;150;60;-94.8;SO-16 (narrow) AS;39;12;;73069;Datasheet/analog-switches/DG403B/DG403B.pdf;None
DG4051E;8:1 x 1;3;16;-5;5;68;1;75;0.3;-68;TSSOP-16;14.9;2.2;308;69685;Datasheet/analog-switches/DG4051E/DG4051E.pdf;None
DG4051E;8:1 x 1;3;16;-5;5;68;1;75;0.3;-68;SO-16 (Narrow) AS;14.9;2.2;308;69685;Datasheet/analog-switches/DG4051E/DG4051E.pdf;None
DG4051E;8:1 x 1;3;16;-5;5;68;1;75;0.3;-68;miniQFN-16 (0.55mm);14.9;2.2;308;69685;Datasheet/analog-switches/DG4051E/DG4051E.pdf;None
DG4052E;4:1 x 2;3;16;-5;5;68;1;75;0.3;-68;TSSOP-16;10;2.1;353;69685;Datasheet/analog-switches/DG4052E/DG4052E.pdf;None
DG4052E;4:1 x 2;3;16;-5;5;68;1;75;0.3;-68;SO-16 (Narrow) AS;10;2.1;353;69685;Datasheet/analog-switches/DG4052E/DG4052E.pdf;None
DG4052E;4:1 x 2;3;16;-5;5;68;1;75;0.3;-68;miniQFN-16 (0.55mm);10;2.1;353;69685;Datasheet/analog-switches/DG4052E/DG4052E.pdf;None
DG4053E;2:1 x 3;3;16;-5;5;68;1;75;0.3;-68;TSSOP-16;8.5;2;930;69685;Datasheet/analog-switches/DG4053E/DG4053E.pdf;None
DG4053E;2:1 x 3;3;16;-5;5;68;1;75;0.3;-68;SO-16 (Narrow) AS;8.5;2;930;69685;Datasheet/analog-switches/DG4053E/DG4053E.pdf;None
DG4053E;2:1 x 3;3;16;-5;5;68;1;75;0.3;-68;miniQFN-16 (0.55mm);8.5;2;930;69685;Datasheet/analog-switches/DG4053E/DG4053E.pdf;None
DG405B;SPST x 4, NO, two pairs;5;36;5;22;23;0.5;150;60;-94.8;Plastic DIP-16;39;12;;73069;Datasheet/analog-switches/DG405B/DG405B.pdf;None
DG405B;SPST x 4, NO, two pairs;5;36;5;22;23;0.5;150;60;-94.8;SO-16 (narrow) AS;39;12;;73069;Datasheet/analog-switches/DG405B/DG405B.pdf;None
DG406;16:1 x 1;5;44;5;22;50;0.5;350;15;-69;SO-28 (wide);140;8;;70061;Datasheet/analog-switches/DG406/DG406.pdf;None
DG406;16:1 x 1;5;44;5;22;50;0.5;350;15;-69;PLCC-28;140;8;;70061;Datasheet/analog-switches/DG406/DG406.pdf;None
DG406B;16:1 x 1;7.5;44;5;22;60;;;;;Plastic DIP-28;;;;72552;Datasheet/analog-switches/DG406B/DG406B.pdf;None
DG406B;16:1 x 1;7.5;44;5;22;60;;;;;SO-28 (Wide);;;;72552;Datasheet/analog-switches/DG406B/DG406B.pdf;None
DG406B;16:1 x 1;7.5;44;5;22;60;;;;;PLCC-28;;;;72552;Datasheet/analog-switches/DG406B/DG406B.pdf;None
DG407;8:1 x 2;5;44;5;22;50;0.5;350;15;-69;SO-28 (wide);70;8;;70061;Datasheet/analog-switches/DG407/DG407.pdf;None
DG407;8:1 x 2;5;44;5;22;50;0.5;350;15;-69;PLCC-28;70;8;;70061;Datasheet/analog-switches/DG407/DG407.pdf;None
DG407B;8:1 x 2;7.5;44;5;22;60;;;;;Plastic DIP-28;;;;72552;Datasheet/analog-switches/DG407B/DG407B.pdf;None
DG407B;8:1 x 2;7.5;44;5;22;60;;;;;PLCC-28;;;;72552;Datasheet/analog-switches/DG407B/DG407B.pdf;None
DG407B;8:1 x 2;7.5;44;5;22;60;;;;;SO-28 (Wide);;;;72552;Datasheet/analog-switches/DG407B/DG407B.pdf;None
DG408;8:1 x 1;5;36;5;20;40;0.5;150;20;-75;Plastic DIP-16;37;3;;70062;Datasheet/analog-switches/DG408/DG408.pdf;None
DG408;8:1 x 1;5;36;5;20;40;0.5;150;20;-75;SO-16 (narrow) AS;37;3;;70062;Datasheet/analog-switches/DG408/DG408.pdf;None
DG408;8:1 x 1;5;36;5;20;40;0.5;150;20;-75;TSSOP-16;37;3;;70062;Datasheet/analog-switches/DG408/DG408.pdf;None
DG408LE;8:1 x 1;3;16;3;8;17;1;72;-11;-98;TSSOP-16;;5.5;;78084;Datasheet/analog-switches/DG408LE/DG408LE.pdf;None
DG408LE;8:1 x 1;3;16;3;8;17;1;72;-11;-98;QFN-16 3x3;;5.5;;78084;Datasheet/analog-switches/DG408LE/DG408LE.pdf;None
DG408LE;8:1 x 1;3;16;3;8;17;1;72;-11;-98;SO-16 (Narrow) AS;;5.5;;78084;Datasheet/analog-switches/DG408LE/DG408LE.pdf;None
DG409;4:1 x 2;5;36;5;20;40;0.5;150;20;-75;TSSOP-16;25;3;;70062;Datasheet/analog-switches/DG409/DG409.pdf;None
DG409;4:1 x 2;5;36;5;20;40;0.5;150;20;-75;SO-16 (narrow) AS;25;3;;70062;Datasheet/analog-switches/DG409/DG409.pdf;None
DG409;4:1 x 2;5;36;5;20;40;0.5;150;20;-75;Plastic DIP-16;25;3;;70062;Datasheet/analog-switches/DG409/DG409.pdf;None
DG409LE;4:1 x 2;3;16;3;8;15;1;72;-10;-109;TSSOP-16;;5.5;;78084;Datasheet/analog-switches/DG409LE/DG409LE.pdf;None
DG409LE;4:1 x 2;3;16;3;8;15;1;72;-10;-109;SO-16 (Narrow) AS;;5.5;;78084;Datasheet/analog-switches/DG409LE/DG409LE.pdf;None
DG409LE;4:1 x 2;3;16;3;8;15;1;72;-10;-109;QFN-16 3x3;;5.5;;78084;Datasheet/analog-switches/DG409LE/DG409LE.pdf;None
DG411HS;SPST x 4, NC;13;44;7;22;35;5;105;22;-90;SO-16 (Narrow) AS;;;;72053;Datasheet/analog-switches/DG411HS/DG411HS.pdf;None
DG411HS;SPST x 4, NC;13;44;7;22;35;5;105;22;-90;Plastic DIP-16;;;;72053;Datasheet/analog-switches/DG411HS/DG411HS.pdf;None
DG411HS;SPST x 4, NC;13;44;7;22;35;5;105;22;-90;QFN-16 4x4;;;;72053;Datasheet/analog-switches/DG411HS/DG411HS.pdf;None
DG411LE;SPST x 4, NC;3;16;3;8;16;1;50;6.6;-114;SO-16 (narrow) AS;15;5;;78091;Datasheet/analog-switches/DG411LE/DG411LE.pdf;None
DG411LE;SPST x 4, NC;3;16;3;8;16;1;50;6.6;-114;TSSOP-16;15;5;;78091;Datasheet/analog-switches/DG411LE/DG411LE.pdf;None
DG411LE;SPST x 4, NC;3;16;3;8;16;1;50;6.6;-114;Plastic DIP-16;15;5;;78091;Datasheet/analog-switches/DG411LE/DG411LE.pdf;None
DG412HS;SPST x 4, NO;13;44;7;22;35;5;105;22;-90;Plastic DIP-16;;;;72053;Datasheet/analog-switches/DG412HS/DG412HS.pdf;None
DG412HS;SPST x 4, NO;13;44;7;22;35;5;105;22;-90;SO-16 (Narrow) AS;;;;72053;Datasheet/analog-switches/DG412HS/DG412HS.pdf;None
DG412HS;SPST x 4, NO;13;44;7;22;35;5;105;22;-90;QFN-16 4x4;;;;72053;Datasheet/analog-switches/DG412HS/DG412HS.pdf;None
DG412LE;SPST x 4, NO;3;16;3;8;16;1;50;6.6;-114;TSSOP-16;15;5;;78091;Datasheet/analog-switches/DG412LE/DG412LE.pdf;None
DG412LE;SPST x 4, NO;3;16;3;8;16;1;50;6.6;-114;SO-16 (narrow) AS;15;5;;78091;Datasheet/analog-switches/DG412LE/DG412LE.pdf;None
DG412LE;SPST x 4, NO;3;16;3;8;16;1;50;6.6;-114;Plastic DIP-16;15;5;;78091;Datasheet/analog-switches/DG412LE/DG412LE.pdf;None
DG413HS;SPST x 4, Comp;13;44;7;22;35;5;105;22;-90;QFN-16 4x4;;;;72053;Datasheet/analog-switches/DG413HS/DG413HS.pdf;None
DG413HS;SPST x 4, Comp;13;44;7;22;35;5;105;22;-90;SO-16 (Narrow) AS;;;;72053;Datasheet/analog-switches/DG413HS/DG413HS.pdf;None
DG413HS;SPST x 4, Comp;13;44;7;22;35;5;105;22;-90;Plastic DIP-16;;;;72053;Datasheet/analog-switches/DG413HS/DG413HS.pdf;None
DG413LE;SPST x 4, comp;3;16;3;8;16;1;50;6.6;-114;SO-16 (narrow) AS;15;5;;78091;Datasheet/analog-switches/DG413LE/DG413LE.pdf;None
DG413LE;SPST x 4, comp;3;16;3;8;16;1;50;6.6;-114;TSSOP-16;15;5;;78091;Datasheet/analog-switches/DG413LE/DG413LE.pdf;None
DG413LE;SPST x 4, comp;3;16;3;8;16;1;50;6.6;-114;Plastic DIP-16;15;5;;78091;Datasheet/analog-switches/DG413LE/DG413LE.pdf;None
DG4157E;SPDT x 2;1.65;5.5;;;0.86;20;47;-5;-41;SC70-6;1;13;152;75778;Datasheet/analog-switches/DG4157E/DG4157E.pdf;None
DG4157E;SPDT x 2;1.65;5.5;;;0.86;20;47;-5;-41;UDFN-6;1;13;152;75778;Datasheet/analog-switches/DG4157E/DG4157E.pdf;None
DG417B;SPST x 1, NC;13;36;7;22;15;0.25;89;38;-88;Plastic DIP-8;50;12;;72107;Datasheet/analog-switches/DG417B/DG417B.pdf;None
DG417B;SPST x 1, NC;13;36;7;22;15;0.25;89;38;-88;SO-8 (Narrow) AS;50;12;;72107;Datasheet/analog-switches/DG417B/DG417B.pdf;None
DG417B;SPST x 1, NC;13;36;7;22;15;0.25;89;38;-88;MSOP-8;50;12;;72107;Datasheet/analog-switches/DG417B/DG417B.pdf;None
DG417LE;SPST x 1, NC;3;16;3;8;6;2;38;-17;-68;MSOP-8;33;11;;76432;Datasheet/analog-switches/DG417LE/DG417LE.pdf;None
DG417LE;SPST x 1, NC;3;16;3;8;6;2;38;-17;-68;SO-8 (narrow) AS;33;11;;76432;Datasheet/analog-switches/DG417LE/DG417LE.pdf;None
DG418B;SPST x 1, NO;13;36;7;22;15;0.25;89;38;-88;SO-8 (Narrow) AS;50;12;;72107;Datasheet/analog-switches/DG418B/DG418B.pdf;None
DG418B;SPST x 1, NO;13;36;7;22;15;0.25;89;38;-88;Plastic DIP-8;50;12;;72107;Datasheet/analog-switches/DG418B/DG418B.pdf;None
DG418B;SPST x 1, NO;13;36;7;22;15;0.25;89;38;-88;MSOP-8;50;12;;72107;Datasheet/analog-switches/DG418B/DG418B.pdf;None
DG418LE;SPST x 1, NO;3;16;3;8;6;2;38;-17;-68;SO-8 (narrow) AS;33;11;;76432;Datasheet/analog-switches/DG418LE/DG418LE.pdf;None
DG418LE;SPST x 1, NO;3;16;3;8;6;2;38;-17;-68;MSOP-8;33;11;;76432;Datasheet/analog-switches/DG418LE/DG418LE.pdf;None
DG419B;SPDT x 1;13;36;7;22;15;0.25;89;38;-88;MSOP-8;57;12;;72107;Datasheet/analog-switches/DG419B/DG419B.pdf;None
DG419B;SPDT x 1;13;36;7;22;15;0.25;89;38;-88;SO-8 (Narrow) AS;57;12;;72107;Datasheet/analog-switches/DG419B/DG419B.pdf;None
DG419B;SPDT x 1;13;36;7;22;15;0.25;89;38;-88;Plastic DIP-8;57;12;;72107;Datasheet/analog-switches/DG419B/DG419B.pdf;None
DG419LE;SPDT x 1;3;16;3;8;12;2;38;-17;-68;SO-8 (narrow) AS;29;6;;76432;Datasheet/analog-switches/DG419LE/DG419LE.pdf;None
DG419LE;SPDT x 1;3;16;3;8;12;2;38;-17;-68;MSOP-8;29;6;;76432;Datasheet/analog-switches/DG419LE/DG419LE.pdf;None
DG441B;SPST x 4, NC;13;36;7;22;45;0.5;220;1;-95;Plastic DIP-16;16;4;;72625;Datasheet/analog-switches/DG441B/DG441B.pdf;None
DG441B;SPST x 4, NC;13;36;7;22;45;0.5;220;1;-95;QFN-16 4x4;16;4;;72625;Datasheet/analog-switches/DG441B/DG441B.pdf;None
DG441B;SPST x 4, NC;13;36;7;22;45;0.5;220;1;-95;SO-16 (Narrow) AS;16;4;;72625;Datasheet/analog-switches/DG441B/DG441B.pdf;None
DG441LE;SPST x 4, NC;3;16;3;8;16;1;65;5.8;-113;SO-16 (Narrow) AS;14;5;;76754;Datasheet/analog-switches/DG441LE/DG441LE.pdf;None
DG441LE;SPST x 4, NC;3;16;3;8;16;1;65;5.8;-113;Plastic DIP-16;14;5;;76754;Datasheet/analog-switches/DG441LE/DG441LE.pdf;None
DG441LE;SPST x 4, NC;3;16;3;8;16;1;65;5.8;-113;TSSOP-16;14;5;;76754;Datasheet/analog-switches/DG441LE/DG441LE.pdf;None
DG442B;SPST x 4, NO;13;36;7;22;45;0.5;220;1;-95;SO-16 (Narrow) AS;16;4;;72625;Datasheet/analog-switches/DG442B/DG442B.pdf;None
DG442B;SPST x 4, NO;13;36;7;22;45;0.5;220;1;-95;QFN-16 4x4;16;4;;72625;Datasheet/analog-switches/DG442B/DG442B.pdf;None
DG442B;SPST x 4, NO;13;36;7;22;45;0.5;220;1;-95;Plastic DIP-16;16;4;;72625;Datasheet/analog-switches/DG442B/DG442B.pdf;None
DG442LE;SPST x 4, NO;3;16;3;8;16;1;65;5.8;-113;TSSOP-16;14;5;;76754;Datasheet/analog-switches/DG442LE/DG442LE.pdf;None
DG442LE;SPST x 4, NO;3;16;3;8;16;1;65;5.8;-113;Plastic DIP-16;14;5;;76754;Datasheet/analog-switches/DG442LE/DG442LE.pdf;None
DG442LE;SPST x 4, NO;3;16;3;8;16;1;65;5.8;-113;SO-16 (Narrow) AS;14;5;;76754;Datasheet/analog-switches/DG442LE/DG442LE.pdf;None
DG444B;SPST x 4, NC;13;36;7;22;45;0.5;300;1;-95;Plastic DIP-16;16;5;;72626;Datasheet/analog-switches/DG444B/DG444B.pdf;None
DG444B;SPST x 4, NC;13;36;7;22;45;0.5;300;1;-95;QFN-16 4x4;16;5;;72626;Datasheet/analog-switches/DG444B/DG444B.pdf;None
DG444B;SPST x 4, NC;13;36;7;22;45;0.5;300;1;-95;SO-16 (Narrow) AS;16;5;;72626;Datasheet/analog-switches/DG444B/DG444B.pdf;None
DG445B;SPST x 4, NO;13;36;7;22;45;0.5;300;1;-95;QFN-16 4x4;16;5;;72626;Datasheet/analog-switches/DG445B/DG445B.pdf;None
DG445B;SPST x 4, NO;13;36;7;22;45;0.5;300;1;-95;SO-16 (Narrow) AS;16;5;;72626;Datasheet/analog-switches/DG445B/DG445B.pdf;None
DG445B;SPST x 4, NO;13;36;7;22;45;0.5;300;1;-95;Plastic DIP-16;16;5;;72626;Datasheet/analog-switches/DG445B/DG445B.pdf;None
DG447;SPST x 1, NO;7;36;4.5;22;32;1;130;12;-72;TSOP-6;30;8;;73854;Datasheet/analog-switches/DG447/DG447.pdf;None
DG448;SPST x 1, NO;7;36;4.5;22;32;1;130;12;-72;TSOP-6;30;8;;73854;Datasheet/analog-switches/DG448/DG448.pdf;None
DG449;SPDT x 1;7;36;4.5;20;38;1;146;5;-80;SOT-23-8;18;8;;73897;Datasheet/analog-switches/DG449/DG449.pdf;None
DG451;SPST x 4, NC;12;36;5;22;3.8;0.5;118;22;-85;TSSOP-16;103;31;;74470;Datasheet/analog-switches/DG451/DG451.pdf;None
DG451;SPST x 4, NC;12;36;5;22;3.8;0.5;118;22;-85;SO-16 (Narrow) AS;103;31;;74470;Datasheet/analog-switches/DG451/DG451.pdf;None
DG452;SPST x 4, NO;12;36;5;22;3.8;0.5;118;22;-85;SO-16 (Narrow) AS;103;31;;74470;Datasheet/analog-switches/DG452/DG452.pdf;None
DG452;SPST x 4, NO;12;36;5;22;3.8;0.5;118;22;-85;TSSOP-16;103;31;;74470;Datasheet/analog-switches/DG452/DG452.pdf;None
DG453;SPST x 4, Comp;12;36;5;22;3.8;0.5;118;22;-85;SO-16 (Narrow) AS;103;31;;74470;Datasheet/analog-switches/DG453/DG453.pdf;None
DG453;SPST x 4, Comp;12;36;5;22;3.8;0.5;118;22;-85;TSSOP-16;103;31;;74470;Datasheet/analog-switches/DG453/DG453.pdf;None
DG454;SPST x 4, NC;12;36;5;22;3.8;0.5;118;22;-85;TSSOP-16;103;31;;74473;Datasheet/analog-switches/DG454/DG454.pdf;None
DG454;SPST x 4, NC;12;36;5;22;3.8;0.5;118;22;-85;SO-16 (Narrow) AS;103;31;;74473;Datasheet/analog-switches/DG454/DG454.pdf;None
DG455;SPST x 4, NO;12;36;5;22;3.8;0.5;118;22;-85;TSSOP-16;103;31;;74473;Datasheet/analog-switches/DG455/DG455.pdf;None
DG455;SPST x 4, NO;12;36;5;22;3.8;0.5;118;22;-85;SO-16 (Narrow) AS;103;31;;74473;Datasheet/analog-switches/DG455/DG455.pdf;None
DG456;SPST x 4, Comp;12;36;5;22;3.8;0.5;118;22;-85;TSSOP-16;103;31;;74473;Datasheet/analog-switches/DG456/DG456.pdf;None
DG456;SPST x 4, Comp;12;36;5;22;3.8;0.5;118;22;-85;SO-16 (Narrow) AS;103;31;;74473;Datasheet/analog-switches/DG456/DG456.pdf;None
DG467;SPST x 1, NC;7;36;4.5;20;7;1;140;21;;TSOP-6;76;30;;74413;Datasheet/analog-switches/DG467/DG467.pdf;None
DG468;SPST x 1, NO;7;36;4.5;20;7;1;140;21;;TSOP-6;76;30;;74413;Datasheet/analog-switches/DG468/DG468.pdf;None
DG469;SPDT x 1;12;36;4.5;22;3.6;0.5;166;58;-63;MSOP-8;125;37;;71470;Datasheet/analog-switches/DG469/DG469.pdf;None
DG469;SPDT x 1;12;36;4.5;22;3.6;0.5;166;58;-63;SO-8 (Narrow) AS;125;37;;71470;Datasheet/analog-switches/DG469/DG469.pdf;None
DG470;SPDT x 1;12;36;4.5;22;3.6;0.5;166;58;-63;SO-8 (Narrow) AS;125;37;;71470;Datasheet/analog-switches/DG470/DG470.pdf;None
DG470;SPDT x 1;12;36;4.5;22;3.6;0.5;166;58;-63;MSOP-8;125;37;;71470;Datasheet/analog-switches/DG470/DG470.pdf;None
DG5043;SPDT x 2;13;36;7;22;50;1;1200;30;-80;Plastic DIP-16;;;;70059;Datasheet/analog-switches/DG5043/DG5043.pdf;None
DG506B;16:1 x 1;12;44;5;20;170;1;250;1;-85;TSSOP-28;38;3;114;65150;Datasheet/analog-switches/DG506B/DG506B.pdf;None
DG506B;16:1 x 1;12;44;5;20;170;1;250;1;-85;PLCC-28;38;3;114;65150;Datasheet/analog-switches/DG506B/DG506B.pdf;None
DG506B;16:1 x 1;12;44;5;20;170;1;250;1;-85;SO-28 (Wide);38;3;114;65150;Datasheet/analog-switches/DG506B/DG506B.pdf;None
DG507B;8:1 x 2;12;44;5;20;170;1;250;1;-84;PLCC-28;24;3;217;65150;Datasheet/analog-switches/DG507B/DG507B.pdf;None
DG507B;8:1 x 2;12;44;5;20;170;1;250;1;-84;TSSOP-28;24;3;217;65150;Datasheet/analog-switches/DG507B/DG507B.pdf;None
DG507B;8:1 x 2;12;44;5;20;170;1;250;1;-84;SO-28 (Wide);24;3;217;65150;Datasheet/analog-switches/DG507B/DG507B.pdf;None
DG508B;8:1 x 1;12;44;5;22;180;1;250;2;-88;Plastic DIP-16;18;3;250;64821;Datasheet/analog-switches/DG508B/DG508B.pdf;None
DG508B;8:1 x 1;12;44;5;22;180;1;250;2;-88;SO-16 (Narrow) AS;18;3;250;64821;Datasheet/analog-switches/DG508B/DG508B.pdf;None
DG508B;8:1 x 1;12;44;5;22;180;1;250;2;-88;TSSOP-16;18;3;250;64821;Datasheet/analog-switches/DG508B/DG508B.pdf;None
DG508B;8:1 x 1;12;44;5;22;180;1;250;2;-88;miniQFN-16 (0.55mm);18;3;250;64821;Datasheet/analog-switches/DG508B/DG508B.pdf;None
DG509B;4:1 x 2;12;44;5;22;180;1;250;2;-88;Plastic DIP-16;11;3;250;64821;Datasheet/analog-switches/DG509B/DG509B.pdf;None
DG509B;4:1 x 2;12;44;5;22;180;1;250;2;-88;miniQFN-16 (0.55mm);11;3;250;64821;Datasheet/analog-switches/DG509B/DG509B.pdf;None
DG509B;4:1 x 2;12;44;5;22;180;1;250;2;-88;TSSOP-16;11;3;250;64821;Datasheet/analog-switches/DG509B/DG509B.pdf;None
DG509B;4:1 x 2;12;44;5;22;180;1;250;2;-88;SO-16 (Narrow) AS;11;3;250;64821;Datasheet/analog-switches/DG509B/DG509B.pdf;None
DG5143;SPDT x 2;13;36;7;22;75;5;175;150;-50;Plastic DIP-16;;;;70060;Datasheet/analog-switches/DG5143/DG5143.pdf;None
DG604E;4:1 x 1;3;16;3;8;64;18;61;-0.3;-65;miniQFN-16 (0.55mm);11;4.2;414;75612;Datasheet/analog-switches/DG604E/DG604E.pdf;None
DG604E;4:1 x 1;3;16;3;8;64;18;61;-0.3;-65;TSSOP-14;11;4.2;414;75612;Datasheet/analog-switches/DG604E/DG604E.pdf;None
DG611E;SPST x 4, NC;3;16;3;8;72;0.1;50;1.4;-59;miniQFN-16 (0.55 mm);7;3;1000;78910;Datasheet/analog-switches/DG611E/DG611E.pdf;None
DG611E;SPST x 4, NC;3;16;3;8;72;0.1;50;1.4;-59;TSSOP-16;7;3;1000;78910;Datasheet/analog-switches/DG611E/DG611E.pdf;None
DG611E;SPST x 4, NC;3;16;3;8;72;0.1;50;1.4;-59;SO-16 (narrow) AS;7;3;1000;78910;Datasheet/analog-switches/DG611E/DG611E.pdf;None
DG612E;SPST x 4, NO;3;16;3;8;72;0.1;50;1.4;-59;TSSOP-16;7;3;1000;78910;Datasheet/analog-switches/DG612E/DG612E.pdf;None
DG612E;SPST x 4, NO;3;16;3;8;72;0.1;50;1.4;-59;SO-16 (narrow) AS;7;3;1000;78910;Datasheet/analog-switches/DG612E/DG612E.pdf;None
DG612E;SPST x 4, NO;3;16;3;8;72;0.1;50;1.4;-59;miniQFN-16 (0.55 mm);7;3;1000;78910;Datasheet/analog-switches/DG612E/DG612E.pdf;None
DG613E;SPST x 4, comp;3;16;3;8;72;0.1;50;1.4;-59;miniQFN-16 (0.55 mm);7;3;1000;78910;Datasheet/analog-switches/DG613E/DG613E.pdf;None
DG613E;SPST x 4, comp;3;16;3;8;72;0.1;50;1.4;-59;TSSOP-16;7;3;1000;78910;Datasheet/analog-switches/DG613E/DG613E.pdf;None
DG613E;SPST x 4, comp;3;16;3;8;72;0.1;50;1.4;-59;SO-16 (narrow) AS;7;3;1000;78910;Datasheet/analog-switches/DG613E/DG613E.pdf;None
DG636E;SPDT x 2;3;16;3;8;63;18;46;-0.33;-63;miniQFN-16 (0.55mm);8.4;3.7;700;75621;Datasheet/analog-switches/DG636E/DG636E.pdf;None
DG636E;SPDT x 2;3;16;3;8;63;18;46;-0.33;-63;TSSOP-14;8.4;3.7;700;75621;Datasheet/analog-switches/DG636E/DG636E.pdf;None
DG9232E;SPST x 2, NC;2.7;5;;;17;;120;2;-80;MSOP-8;;4;;75165;Datasheet/analog-switches/DG9232E/DG9232E.pdf;None
DG9232E;SPST x 2, NC;2.7;5;;;17;;120;2;-80;SO-8 (Narrow) AS;;4;;75165;Datasheet/analog-switches/DG9232E/DG9232E.pdf;None
DG9233E;SPST x 2, NC;2.7;5;;;17;;120;2;-80;SO-8 (Narrow) AS;;4;;75165;Datasheet/analog-switches/DG9233E/DG9233E.pdf;None
DG9234E;SPST x 2, NC;2.7;5;;;17;;120;2;-80;MSOP-8;;4;;75165;Datasheet/analog-switches/DG9234E/DG9234E.pdf;None
DG9408E;8:1 x 1;3;16;3;8;3.2;2;70;4.5;-83;QFN-16 4x4;;17;0;75375;Datasheet/analog-switches/DG9408E/DG9408E.pdf;None
DG9409E;4:1 x 2;3;16;3;8;3.2;2;70;4.5;-83;QFN-16 4x4;;16;0;75375;Datasheet/analog-switches/DG9409E/DG9409E.pdf;None
DG9411E;SPDT x 1;1.8;5.5;;;6;1.5;30;1;-77;SC-70-6;13;7;;76294;Datasheet/analog-switches/DG9411E/DG9411E.pdf;None
DG9421E;SPST x 1, NC;3;16;3;8;1.7;100;36;19;-58;TSOP-6;68;34;179;75411;Datasheet/analog-switches/DG9421E/DG9421E.pdf;None
DG9422E;SPST x 1, NO;3;16;3;8;1.7;100;36;19;-58;TSOP-6;68;34;179;75411;Datasheet/analog-switches/DG9422E/DG9422E.pdf;None
DG9424E;SPST x 4, NO;3;16;3;8;1.6;1;51;38;-56;TSSOP-16;89;37;;75770;Datasheet/analog-switches/DG9424E/DG9424E.pdf;None
DG9424E;SPST x 4, NO;3;16;3;8;1.6;1;51;38;-56;QFN-16 4 x 4;89;37;;75770;Datasheet/analog-switches/DG9424E/DG9424E.pdf;None
DG9425E;SPST x 4, NC;3;16;3;8;1.6;1;51;38;-56;TSSOP-16;89;37;;75770;Datasheet/analog-switches/DG9425E/DG9425E.pdf;None
DG9425E;SPST x 4, NC;3;16;3;8;1.6;1;51;38;-56;QFN-16 4 x 4;89;37;;75770;Datasheet/analog-switches/DG9425E/DG9425E.pdf;None
DG9426E;SPST x 4, comp;3;16;3;8;1.6;1;51;38;-56;TSSOP-16;89;37;;75770;Datasheet/analog-switches/DG9426E/DG9426E.pdf;None
DG9426E;SPST x 4, comp;3;16;3;8;1.6;1;51;38;-56;QFN-16 4 x 4;89;37;;75770;Datasheet/analog-switches/DG9426E/DG9426E.pdf;None
DG9431E;SPDT x 1;0;6;3;5;17;5;120;-0.28;-80;TSOP-6;7.8;3.8;;76459;Datasheet/analog-switches/DG9431E/DG9431E.pdf;None
DG9431E;SPDT x 1;0;6;3;5;17;5;120;-0.28;-80;SO-8 (Narrow) AS;7.8;3.8;;76459;Datasheet/analog-switches/DG9431E/DG9431E.pdf;None
DG9454E;2:1 x 3;2.7;13.2;;;85;1;130;5.84;-85;miniQFN-16 (0.55mm);;3.1;356;67172;Datasheet/analog-switches/DG9454E/DG9454E.pdf;None
DGQ2788A;DPDT x 2;1.8;5.5;;;0.37;0.5;50000;-245;-61;miniQFN-16 (0.55mm);26;14.5;338;75683;Datasheet/analog-switches/DGQ2788A/DGQ2788A.pdf;None
