Part Number;Product Image;Package;Output;Load voltage (max.)(V);Load current (max.)(mA);I Fon (max.)(mA);R ON (max.)(Ω);R OFF (typ.)(GΩ);Turn-on time max.(ms);Turn-off time max.(ms);VISOmax.VRMS(V);Safety Standard;Image path;0;1;2;0_datasheet;1_datasheet;2_datasheet
LH1262CAC, LH1262CACTR, LH1262CB;Enlarge;SMD-8, DIP-8;MOSFET Driver;;;;;;;;5300;UL, cUL, VDE, BSI, CQC, FIMKO;image/solid-state-relays/83802.png;;solid-state-relays;LH1262CAC, LH1262CACTR, LH1262CB\LH1262CAC, LH1262CACTR, LH1262CB.pdf;;solid-state-relays;LH1262CAC, LH1262CACTR, LH1262CB\LH1262CAC, LH1262CACTR, LH1262CB.zip
LH1500AAB, LH1500AABTR, LH1500AT;Enlarge;SMD-6, DIP-6;1 Form A;350;250;2;27;5000;2;2;5300;UL, cUL, VDE, FIMKO;image/solid-state-relays/83804.png;;solid-state-relays;LH1500AAB, LH1500AABTR, LH1500AT\LH1500AAB, LH1500AABTR, LH1500AT.pdf;;solid-state-relays;LH1500AAB, LH1500AABTR, LH1500AT\LH1500AAB, LH1500AABTR, LH1500AT.zip
LH1501BAB, LH1501BABTR, LH1501BT;Enlarge;SMD-6, DIP-6;1 Form B;350;200;n/a;25;1.4;3;3;3750;UL,;image/solid-state-relays/83805.png;;solid-state-relays;LH1501BAB, LH1501BABTR, LH1501BT\LH1501BAB, LH1501BABTR, LH1501BT.pdf;;solid-state-relays;LH1501BAB, LH1501BABTR, LH1501BT\LH1501BAB, LH1501BABTR, LH1501BT.zip
LH1502BAC, LH1502BACTR, LH1502BB;Enlarge;SMD-8, DIP-8;1 Form A/B, C;350;150;2;25;5000;6;3;3750;UL, FIMKO;image/solid-state-relays/83806.png;;solid-state-relays;LH1502BAC, LH1502BACTR, LH1502BB\LH1502BAC, LH1502BACTR, LH1502BB.pdf;;solid-state-relays;LH1502BAC, LH1502BACTR, LH1502BB\LH1502BAC, LH1502BACTR, LH1502BB.zip
LH1505AB, LH1505AAC, LH1505AACTR;Enlarge;SMD-8, DIP-8;1 Form A;250;130;2;20;5000;4;4;5300;UL, cUL, VDE, FIMKO;image/solid-state-relays/83809.png;;solid-state-relays;LH1505AB, LH1505AAC, LH1505AACTR\LH1505AB, LH1505AAC, LH1505AACTR.pdf;;solid-state-relays;LH1505AB, LH1505AAC, LH1505AACTR\LH1505AB, LH1505AAC, LH1505AACTR.zip
LH1510AAB, LH1510AABTR, LH1510AT;Enlarge;SMD-6, DIP-6;1 Form A;200;350;2;15;5000;2;2;5300;UL, cUL, VDE, FIMKO;image/solid-state-relays/83810.png;;solid-state-relays;LH1510AAB, LH1510AABTR, LH1510AT\LH1510AAB, LH1510AABTR, LH1510AT.pdf;;solid-state-relays;LH1510AAB, LH1510AABTR, LH1510AT\LH1510AAB, LH1510AABTR, LH1510AT.zip
LH1511BAB, LH1511BABTR, LH1511BT;Enlarge;SMD-6, DIP-6;1 Form B;200;300;n/a;15;1.4;3;3;3750;UL,;image/solid-state-relays/83811.png;;solid-state-relays;LH1511BAB, LH1511BABTR, LH1511BT\LH1511BAB, LH1511BABTR, LH1511BT.pdf;;solid-state-relays;LH1511BAB, LH1511BABTR, LH1511BT\LH1511BAB, LH1511BABTR, LH1511BT.zip
LH1512BAC, LH1512BACTR, LH1512BB;Enlarge;SMD-8, DIP-8;1 Form A/B, C;200;200;2;15;5000;3;3;3750;UL, FIMKO;image/solid-state-relays/83812.png;;solid-state-relays;LH1512BAC, LH1512BACTR, LH1512BB\LH1512BAC, LH1512BACTR, LH1512BB.pdf;;solid-state-relays;LH1512BAC, LH1512BACTR, LH1512BB\LH1512BAC, LH1512BACTR, LH1512BB.zip
LH1518AAB, LH1518AABTR, LH1518AT;Enlarge;SMD-6, DIP-6;1 Form A;250;300;2;20;5000;3;3;5300;UL, cUL, VDE, FIMKO;image/solid-state-relays/83816.png;;solid-state-relays;LH1518AAB, LH1518AABTR, LH1518AT\LH1518AAB, LH1518AABTR, LH1518AT.pdf;;solid-state-relays;LH1518AAB, LH1518AABTR, LH1518AT\LH1518AAB, LH1518AABTR, LH1518AT.zip
LH1520AB, LH1520AAC, LH1520AACTR;Enlarge;SMD-8, DIP-8;1 Form A;350;140;2;27;5000;2;2;5300;UL, cUL, VDE, BSI, FIMKO;image/solid-state-relays/83818.png;;solid-state-relays;LH1520AB, LH1520AAC, LH1520AACTR\LH1520AB, LH1520AAC, LH1520AACTR.pdf;;solid-state-relays;LH1520AB, LH1520AAC, LH1520AACTR\LH1520AB, LH1520AAC, LH1520AACTR.zip
LH1522AB, LH1522AAC, LH1522AACTR;Enlarge;SMD-8, DIP-8;1 Form A;200;200;2;15;5000;2;2;5300;UL, cUL, VDE, FIMKO;image/solid-state-relays/83821.png;;solid-state-relays;LH1522AB, LH1522AAC, LH1522AACTR\LH1522AB, LH1522AAC, LH1522AACTR.pdf;;solid-state-relays;LH1522AB, LH1522AAC, LH1522AACTR\LH1522AB, LH1522AAC, LH1522AACTR.zip
LH1525AT, LH1525AAB, LH1525AABTR;Enlarge;SMD-6, DIP-6;1 Form A;400;250;0.9;36;5000;1;1.5;5300;UL, cUL, FIMKO;image/solid-state-relays/83823.png;;solid-state-relays;LH1525AT, LH1525AAB, LH1525AABTR\LH1525AT, LH1525AAB, LH1525AABTR.pdf;;solid-state-relays;LH1525AT, LH1525AAB, LH1525AABTR\LH1525AT, LH1525AAB, LH1525AABTR.zip
LH1526AB, LH1526AAC, LH1526AACTR;Enlarge;SMD-8, DIP-8;1 Form A;400;125;0.9;36;5000;1;1.5;5300;UL, cUL,;image/solid-state-relays/83825.png;;solid-state-relays;LH1526AB, LH1526AAC, LH1526AACTR\LH1526AB, LH1526AAC, LH1526AACTR.pdf;;solid-state-relays;LH1526AB, LH1526AAC, LH1526AACTR\LH1526AB, LH1526AAC, LH1526AACTR.zip
LH1540AAB, LH1540AABTR, LH1540AT;Enlarge;SMD-6, DIP-6;1 Form A;350;250;2;27;5000;2;2;5300;UL, cUL, VDE, FIMKO;image/solid-state-relays/83833.png;;solid-state-relays;LH1540AAB, LH1540AABTR, LH1540AT\LH1540AAB, LH1540AABTR, LH1540AT.pdf;;solid-state-relays;LH1540AAB, LH1540AABTR, LH1540AT\LH1540AAB, LH1540AABTR, LH1540AT.zip
LH1546ADF, LH1546ADFTR;Enlarge;SMD-4;1 Form A;350;120;2;35;5000;3;3;5300;UL, cUL, VDE;image/solid-state-relays/83836.png;;solid-state-relays;LH1546ADF, LH1546ADFTR\LH1546ADF, LH1546ADFTR.pdf;;solid-state-relays;LH1546ADF, LH1546ADFTR\LH1546ADF, LH1546ADFTR.zip
LH1546AEF, LH1546AEFTR;Enlarge;SOP-4;1 Form A;350;120;2;27;850;3;3;3750;UL, cUL, BSI, FIMKO;image/solid-state-relays/83837.png;;solid-state-relays;LH1546AEF, LH1546AEFTR\LH1546AEF, LH1546AEFTR.pdf;;solid-state-relays;LH1546AEF, LH1546AEFTR\LH1546AEF, LH1546AEFTR.zip
LH1546AT, LH1546AABTR;Enlarge;SMD-6, DIP-6;1 Form A;350;200;2;35;5000;3;3;5300;UL, cUL, BSI, FIMKO;image/solid-state-relays/83838.png;;solid-state-relays;LH1546AT, LH1546AABTR\LH1546AT, LH1546AABTR.pdf;;solid-state-relays;LH1546AT, LH1546AABTR\LH1546AT, LH1546AABTR.zip
VO1263AAC, VO1263AACTR, VO1263AB;Enlarge;SMD-8, DIP-8;MOSFET Driver;;;;;;;;5300;UL, cUL, VDE, BSI, CQC, FIMKO;image/solid-state-relays/84639.png;;solid-state-relays;VO1263AAC, VO1263AACTR, VO1263AB\VO1263AAC, VO1263AACTR, VO1263AB.pdf;;solid-state-relays;VO1263AAC, VO1263AACTR, VO1263AB\VO1263AAC, VO1263AACTR, VO1263AB.zip
VO1400AEF;Enlarge;SOP-4;1 Form A;60;100;3.2;5;n/a;0.5;0.5;3750;UL, cUL, VDE, FIMKO;image/solid-state-relays/84724.png;;solid-state-relays;VO1400AEF\VO1400AEF.pdf;;solid-state-relays;VO1400AEF\VO1400AEF.zip
VO14642AT, VO14642AABTR;Enlarge;SMD-6, DIP-6;1 Form A;60;2000;2;0.25;n/a;0.8;0.8;5300;UL, cUL, VDE, FIMKO;image/solid-state-relays/81646.png;;solid-state-relays;VO14642AT, VO14642AABTR\VO14642AT, VO14642AABTR.pdf;;solid-state-relays;VO14642AT, VO14642AABTR\VO14642AT, VO14642AABTR.zip
VOM1271;Enlarge;SOP-4;MOSFET Driver;;;;;;;;3750;UL, cUL, FIMKO;image/solid-state-relays/83469.png;;solid-state-relays;VOM1271\VOM1271.pdf;;solid-state-relays;VOM1271\VOM1271.zip
VOR1121A6, VOR1121B6;Enlarge;SMD-6, DIP-6;1 Form A;250;370;2;15;5000;0.5;0.2;5300;UL, cUL, VDE;image/solid-state-relays/84298.png;;solid-state-relays;VOR1121A6, VOR1121B6\VOR1121A6, VOR1121B6.pdf;None;;
VOR1142B4;Enlarge;SMD-4;1 Form A;400;140;2;27;5000;0.5;0.2;5300;UL, cUL, VDE;image/solid-state-relays/84299.png;;solid-state-relays;VOR1142B4\VOR1142B4.pdf;;solid-state-relays;VOR1142B4\VOR1142B4.zip
VOR1142B6, VOR1142A6;Enlarge;SMD-6, DIP-6;1 Form A;400;270;2;27;5000;0.5;0.2;5300;UL, cUL, VDE;image/solid-state-relays/84300.png;;solid-state-relays;VOR1142B6, VOR1142A6\VOR1142B6, VOR1142A6.pdf;;solid-state-relays;VOR1142B6, VOR1142A6\VOR1142B6, VOR1142A6.zip
VOR1142M4;Enlarge;SOP-4;1 Form A;400;140;2;27;850;0.5;0.2;3750;UL, cUL, VDE;image/solid-state-relays/84301.png;;solid-state-relays;VOR1142M4\VOR1142M4.pdf;None;;
VOR2121A8, VOR2121B8;Enlarge;SMD-8, DIP-8;1 Form A;250;200;2;15;5000;0.5;0.2;5300;UL, cUL, VDE;image/solid-state-relays/84302.png;;solid-state-relays;VOR2121A8, VOR2121B8\VOR2121A8, VOR2121B8.pdf;;solid-state-relays;VOR2121A8, VOR2121B8\VOR2121A8, VOR2121B8.zip
VOR2142A8, VOR2142B8;Enlarge;SMD-8, DIP-8;1 Form A;400;140;2;27;5000;0.5;0.2;5300;UL, cUL, VDE;image/solid-state-relays/84303.png;;solid-state-relays;VOR2142A8, VOR2142B8\VOR2142A8, VOR2142B8.pdf;;solid-state-relays;VOR2142A8, VOR2142B8\VOR2142A8, VOR2142B8.zip
VORA1010M4;Enlarge;SOP-4;1 Form A;100;100;2;6;n/a;0.25;0.15;3750;UL, cUL, VDE,;image/solid-state-relays/80152.png;;solid-state-relays;VORA1010M4\VORA1010M4.pdf;None;;
