Series;Type(V);Display Format;mm(W x H mm);mm(W x H mm);mm(W x H mm);mm(W x H mm);mm(W x H mm);Duty;Built-In Controller;Yellow;Green;Red;Blue;White;Image path;Datasheet part;3d model part
OLED-048O064A-LPP3N00000;graphic;48 x 64 dots;13.90 x 22.0 x 1.26;12.14 x 16.30;-;0.198 x 0.208;0.220 x 0.230;1/64;SSD1306BZ;Yes;-;-;-;-;37970;displays\OLED-048O064A-LPP3N00000\OLED-048O064A-LPP3N00000.pdf;
OLED-050H016A;Graphic;50 x 16 dots;58.0 x 32.0 x 10.0 (max.);38.0 x 16.0;-;0.56 x 0.66;0.60 x 0.70;1/16;OLED-0010;Y;Y;Y;Y;Y;37707;displays\OLED-050H016A\OLED-050H016A.pdf;
OLED-050H016A-BPP5N00000;graphic;50 x 16 dots;58.0 x 32.0 x 10.0 (max.);38.0 x 16.0;-;0.56 x 0.66;0.60 x 0.70;1/16;OLED-0010;-;-;-;Yes;-;37824;displays\OLED-050H016A-BPP5N00000\OLED-050H016A-BPP5N00000.pdf;
OLED-050H016A-GPP5N00000;graphic;50 x 16 dots;58.0 x 32.0 x 10.0 (max.);38.0 x 16.0;-;0.56 x 0.66;0.60 x 0.70;1/16;OLED-0010;-;Yes;-;-;-;37825;displays\OLED-050H016A-GPP5N00000\OLED-050H016A-GPP5N00000.pdf;
OLED-050H016A-LPP5N00000;graphic;50 x 16 dots;58.0 x 32.0 x 10.0 (max.);38.0 x 16.0;-;0.56 x 0.66;0.60 x 0.70;1/16;OLED-0010;Yes;-;-;-;-;37756;displays\OLED-050H016A-LPP5N00000\OLED-050H016A-LPP5N00000.pdf;
OLED-050H016A-WPP5N00000;graphic;50 x 16 dots;58.0 x 32.0 x 10.0 (max.);38.0 x 16.0;-;0.56 x 0.66;0.60 x 0.70;1/16;OLED-0010;-;-;-;-;Yes;37827;displays\OLED-050H016A-WPP5N00000\OLED-050H016A-WPP5N00000.pdf;
OLED-064O032A-LPP3N00000;graphic;64 x 32 dots;14.5 x 11.6 x 1.26;12.58 x 6.58;-;0.153 x 0.153;0.175 x 0.175;1/32;SSD1306BZ;Yes;-;-;-;-;37971;displays\OLED-064O032A-LPP3N00000\OLED-064O032A-LPP3N00000.pdf;
OLED-064O048A-LPP3N00000;graphic;64 x 48 dots;18.46 x 18.10 x 1.3;15.42 x 12.06;-;0.185 x 0.185;0.210 x 0.210;1/48;SSD1306BZ;Yes;-;-;-;-;37972;displays\OLED-064O048A-LPP3N00000\OLED-064O048A-LPP3N00000.pdf;
OLED-076H016A-BPP5N00000;graphic;76 x 16 dots;55.7 x 32.0 x 11.0 (max.);46.0 x 14.5;-;0.45 x 0.60;0.55 x 0.70;1/16;OLE D-0010;-;-;-;Yes;-;37828;displays\OLED-076H016A-BPP5N00000\OLED-076H016A-BPP5N00000.pdf;
OLED-076H016A-GPP5N00000;graphic;76 x 16 dots;55.7 x 32.0 x 11.0 (max.);46.0 x 14.5;-;0.45 x 0.60;0.55 x 0.70;1/16;OLE D-0010;-;Yes;-;-;-;37829;displays\OLED-076H016A-GPP5N00000\OLED-076H016A-GPP5N00000.pdf;
OLED-076H016A-LPP5N00000;graphic;76 x 16 dots;55.7 x 32.0 x 11.0 (max.);46.0 x 14.5;-;0.45 x 0.60;0.55 x 0.70;1/16;OLED-0010;Yes;-;-;-;-;37830;displays\OLED-076H016A-LPP5N00000\OLED-076H016A-LPP5N00000.pdf;
OLED-076H016A-WPP5N00000;graphic;76 x 16 dots;55.7 x 32.0 x 11.0 (max.);46.0 x 14.5;-;0.45 x 0.60;0.55 x 0.70;1/16;OLE D-0010;-;-;-;-;Yes;37832;displays\OLED-076H016A-WPP5N00000\OLED-076H016A-WPP5N00000.pdf;
OLED-096O064A-BPP3N00000;graphic;96 x 64 dots;24.9 x 22.95 x 1.65;21.953 x 15.424;-;0.186 x 0.188;0.208 x 0.210;1/64;OLE D-0010;-;-;-;Yes;-;37833;displays\OLED-096O064A-BPP3N00000\OLED-096O064A-BPP3N00000.pdf;
OLED-096O064A-GPP3N00000;graphic;96 x 64 dots;24.9 x 22.95 x 1.65;21.953 x 15.424;-;0.186 x 0.188;0.208 x 0.210;1/64;OLE D-0010;-;Yes;-;-;-;37834;displays\OLED-096O064A-GPP3N00000\OLED-096O064A-GPP3N00000.pdf;
OLED-096O064A-LPP3N00000;graphic;96 x 64 dots;24.9 x 22.95 x 1.65;21.953 x 15.424;-;0.186 x 0.188;0.208 x 0.210;1/64;SSD1305Z;Yes;-;-;-;-;37835;displays\OLED-096O064A-LPP3N00000\OLED-096O064A-LPP3N00000.pdf;
OLED-096Y064A-BPP3N00000;graphic;96 x 64 dots;33.59 x 23.62 x 1.65;25.49 x 17.65;-;0.215 x 0.215;0.245 x 0.245;1/64;OLE D-0010;-;-;-;Yes;-;37837;displays\OLED-096Y064A-BPP3N00000\OLED-096Y064A-BPP3N00000.pdf;
OLED-096Y064A-LPP3N00000;graphic;96 x 64 dots;33.59 x 23.62 x 1.65;25.49 x 17.65;-;0.215 x 0.215;0.245 x 0.245;1/64;OLE D-0010;Yes;-;-;-;-;37838;displays\OLED-096Y064A-LPP3N00000\OLED-096Y064A-LPP3N00000.pdf;
OLED-096Y064A-WPP3N00000;graphic;96 x 64 dots;33.59 x 23.62 x 1.65;25.49 x 17.65;-;0.215 x 0.215;0.245 x 0.245;1/64;OLE D-0010;-;-;-;-;Yes;37839;displays\OLED-096Y064A-WPP3N00000\OLED-096Y064A-WPP3N00000.pdf;
OLED-096Y064B-BPP3N00000;graphic;96 x 64 dots;33.59 x 23.62 x 1.65;25.49 x 17.65;-;0.215 x 0.215;0.245 x 0.245;1/64;OLE D-0010;-;-;-;Yes;-;37840;displays\OLED-096Y064B-BPP3N00000\OLED-096Y064B-BPP3N00000.pdf;
OLED-096Y064B-LPP3N00000;graphic;96 x 64 dots;33.59 x 23.62 x 1.65;25.49 x 17.65;-;0.215 x 0.215;0.245 x 0.245;1/64;OLE D-0010;Yes;-;-;-;-;37841;displays\OLED-096Y064B-LPP3N00000\OLED-096Y064B-LPP3N00000.pdf;
OLED-100H008A;Graphic;100 x 8 dots;80.0 x 36.0 x 10.0 (max.);66.0 x 16.0;-;0.55 x 0.75;0.60 x 0.80;1/8;OLED-0010;Y;Y;Y;Y;Y;37708;displays\OLED-100H008A\OLED-100H008A.pdf;
OLED-100H008A-BPP5N00000;graphic;100 x 8 dots;80.0 x 36.0 x 10.0 (max.);66.0 x 16.0;n/a;0.55 x 0.75;0.60 x 0.80;1/8;OLED-0010;-;-;-;Yes;-;37842;displays\OLED-100H008A-BPP5N00000\OLED-100H008A-BPP5N00000.pdf;
OLED-100H008A-GPP5N00000;graphic;100 x 8 dots;80.0 x 36.0 x 10.0 (max.);66.0 x 16.0;n/a;0.55 x 0.75;0.60 x 0.80;1/8;OLED-0010;-;Yes;-;-;-;37843;displays\OLED-100H008A-GPP5N00000\OLED-100H008A-GPP5N00000.pdf;
OLED-100H008A-LPP5N00000;graphic;100 x 8 dots;80.0 x 36.0 x 10.0 (max.);66.0 x 16.0;n/a;0.55 x 0.75;0.60 x 0.80;1/8;OLED-0010;Yes;-;-;-;-;37844;displays\OLED-100H008A-LPP5N00000\OLED-100H008A-LPP5N00000.pdf;
OLED-100H008A-WPP5N00000;graphic;100 x 8 dots;80.0 x 36.0 x 10.0 (max.);66.0 x 16.0;n/a;0.55 x 0.75;0.60 x 0.80;1/8;OLED-0010;-;-;-;-;Yes;37846;displays\OLED-100H008A-WPP5N00000\OLED-100H008A-WPP5N00000.pdf;
OLED-100H016A-BPP5N00000;graphic;100 x 16 dots;80.0 x 36.0 x 10.0 (max.);66.0 x 16.0;-;0.55 x 0.65;0.60 x 0.70;1/16;OLE D-0010;-;.;-;Yes;-;37847;displays\OLED-100H016A-BPP5N00000\OLED-100H016A-BPP5N00000.pdf;
OLED-100H016A-GPP5N00000;graphic;100 x 16 dots;80.0 x 36.0 x 10.0 (max.);66.0 x 16.0;-;0.55 x 0.65;0.60 x 0.70;1/16;OLE D-0010;-;Yes;-;-;-;37848;displays\OLED-100H016A-GPP5N00000\OLED-100H016A-GPP5N00000.pdf;
OLED-100H016A-LPP3N00000;graphic;100 x 16 dots;80.0 x 36.0 x 10.0 (max.);66.0 x 16.0;-;0.55 x 0.65;0.60 x 0.70;1/16;OLED-0010;Yes;-;-;-;-;37973;displays\OLED-100H016A-LPP3N00000\OLED-100H016A-LPP3N00000.pdf;
OLED-100H016A-LPP5N00000;graphic;100 x 16 dots;80.0 x 36.0 x 10.0 (max.);66.0 x 16.0;-;0.55 x 0.65;0.60 x 0.70;1/16;OLE D-0010;Yes;-;-;-;-;37849;displays\OLED-100H016A-LPP5N00000\OLED-100H016A-LPP5N00000.pdf;
OLED-100H016A-RPP5N00000;graphic;100 x 16 dots;80.0 x 36.0 x 10.0 (max.);66.0 x 16.0;-;0.55 x 0.65;0.60 x 0.70;1/16;OLE D-0010;-;-;Yes;-;-;37850;displays\OLED-100H016A-RPP5N00000\OLED-100H016A-RPP5N00000.pdf;
OLED-100H016A-WPP5N00000;graphic;100 x 16 dots;80.0 x 36.0 x 10.0 (max.);66.0 x 16.0;-;0.55 x 0.65;0.60 x 0.70;1/16;OLE D-0010;-;-;-;-;Yes;37851;displays\OLED-100H016A-WPP5N00000\OLED-100H016A-WPP5N00000.pdf;
OLED-100H016C-BPP5N00000;graphic;100 x 16 dots;85.0 x 36.0 x 10.0 (max.);66.0 x 16.0;-;0.55 x 0.65;0.60 x 0.70;1/16;OLE D-0010;-;-;-;Yes;-;37857;displays\OLED-100H016C-BPP5N00000\OLED-100H016C-BPP5N00000.pdf;
OLED-100H016C-GPP5N00000;graphic;100 x 16 dots;85.0 x 36.0 x 10.0 (max.);66.0 x 16.0;-;0.55 x 0.65;0.60 x 0.70;1/16;OLE D-0010;-;Yes;-;-;-;37858;displays\OLED-100H016C-GPP5N00000\OLED-100H016C-GPP5N00000.pdf;
OLED-100H016C-LPP5N00000;graphic;100 x 16 dots;85.0 x 36.0 x 10.0 (max.);66.0 x 16.0;-;0.55 x 0.65;0.60 x 0.70;1/16;OLE D-0010;Yes;-;-;-;-;37859;displays\OLED-100H016C-LPP5N00000\OLED-100H016C-LPP5N00000.pdf;
OLED-100H016C-WPP5N00000;graphic;100 x 16 dots;85.0 x 36.0 x 10.0 (max.);66.0 x 16.0;-;0.55 x 0.65;0.60 x 0.70;1/16;OLE D-0010;-;-;-;-;Yes;37861;displays\OLED-100H016C-WPP5N00000\OLED-100H016C-WPP5N00000.pdf;
OLED-100H016D;Graphic;100 x 16 dots;85.0 x 30.0 x 10.0 (max.);66.0 x 16.0;-;0.55 x 0.65;0.60 x 0.70;1/16;OLED-0010;Y;Y;Y;Y;Y;37710;displays\OLED-100H016D\OLED-100H016D.pdf;
OLED-100H016D-BPP5N00000;graphic;100 x 16 dots;85.0 x 36.0 x 10.0 (max.);66.0 x 16.0;-;0.55 x 0.65;0.60 x 0.70;1/16;OLE D-0010;-;-;-;Yes;-;37862;displays\OLED-100H016D-BPP5N00000\OLED-100H016D-BPP5N00000.pdf;
OLED-100H016D-GPP5N00000;graphic;100 x 16 dots;85.0 x 36.0 x 10.0 (max.);66.0 x 16.0;-;0.55 x 0.65;0.60 x 0.70;1/16;OLE D-0010;-;Yes;-;-;-;37863;displays\OLED-100H016D-GPP5N00000\OLED-100H016D-GPP5N00000.pdf;
OLED-100H016D-LPP5N00000;graphic;100 x 16 dots;85.0 x 36.0 x 10.0 (max.);66.0 x 16.0;-;0.55 x 0.65;0.60 x 0.70;1/16;OLE D-0010;Yes;-;-;-;-;37864;displays\OLED-100H016D-LPP5N00000\OLED-100H016D-LPP5N00000.pdf;
OLED-100H016D-WPP5N00000;graphic;100 x 16 dots;85.0 x 36.0 x 10.0 (max.);66.0 x 16.0;-;0.55 x 0.65;0.60 x 0.70;1/16;OLE D-0010;-;-;-;-;Yes;37866;displays\OLED-100H016D-WPP5N00000\OLED-100H016D-WPP5N00000.pdf;
OLED-100H016E-BPP5N00000;graphic;100 x 16 dots;84.0 x 44.0 x 10.0 (max.);66.0 x 16.0;-;0.55 x 0.65;0.60 x 0.70;1/16;OLED-0010;-;-;-;Yes;-;37867;displays\OLED-100H016E-BPP5N00000\OLED-100H016E-BPP5N00000.pdf;
OLED-100H016E-GPP5N00000;graphic;100 x 16 dots;84.0 x 44.0 x 10.0 (max.);66.0 x 16.0;-;0.55 x 0.65;0.60 x 0.70;1/16;OLED-0010;-;Yes;-;-;-;37868;displays\OLED-100H016E-GPP5N00000\OLED-100H016E-GPP5N00000.pdf;
OLED-100H016E-LPP5N00000;graphic;100 x 16 dots;84.0 x 44.0 x 10.0 (max.);66.0 x 16.0;-;0.55 x 0.65;0.60 x 0.70;1/16;OLED-0010;Yes;-;-;-;-;37869;displays\OLED-100H016E-LPP5N00000\OLED-100H016E-LPP5N00000.pdf;
OLED-100H016E-WPP5N00000;graphic;100 x 16 dots;84.0 x 44.0 x 10.0 (max.);66.0 x 16.0;-;0.55 x 0.65;0.60 x 0.70;1/16;OLED-0010;-;-;-;-;Yes;37871;displays\OLED-100H016E-WPP5N00000\OLED-100H016E-WPP5N00000.pdf;
OLED-100H016F;graphic;100 x 16 dots;116.0 x 37.0 x 9.8 (max.);85.0 x 18.6;-;0.60 x 0.65;0.65 x 0.70;1/16;OLED-0010;Y;Y;Y;Y;Y;37711;displays\OLED-100H016F\OLED-100H016F.pdf;
OLED-100H016F-BPP5N00000;graphic;100 x 16 dots;116.0 x 37.0 x 9.8 (max.);85.0 x 18.6;-;0.60 x 0.65;0.65 x 0.70;1/16;OLED-0010;-;-;-;Yes;-;37872;displays\OLED-100H016F-BPP5N00000\OLED-100H016F-BPP5N00000.pdf;
OLED-100H016F-GPP5N00000;graphic;100 x 16 dots;116.0 x 37.0 x 9.8 (max.);85.0 x 18.6;-;0.60 x 0.65;0.65 x 0.70;1/16;OLED-0010;-;Yes;-;-;-;37873;displays\OLED-100H016F-GPP5N00000\OLED-100H016F-GPP5N00000.pdf;
OLED-100H016F-LPP5N00000;graphic;100 x 16 dots;116.0 x 37.0 x 9.8 (max.);85.0 x 18.6;-;0.60 x 0.65;0.65 x 0.70;1/16;OLED-0010;Yes;-;-;-;-;37874;displays\OLED-100H016F-LPP5N00000\OLED-100H016F-LPP5N00000.pdf;
OLED-100H016F-RPP5N00000;graphic;100 x 16 dots;116.0 x 37.0 x 9.8 (max.);85.0 x 18.6;-;0.60 x 0.65;0.65 x 0.70;1/16;OLE D-0010;-;-;Yes;-;-;37875;displays\OLED-100H016F-RPP5N00000\OLED-100H016F-RPP5N00000.pdf;
OLED-100H016F-WPP5N00000;graphic;100 x 16 dots;116.0 x 37.0 x 9.8 (max.);85.0 x 18.6;-;0.60 x 0.65;0.65 x 0.70;1/16;OLED-0010;-;-;-;-;Yes;37876;displays\OLED-100H016F-WPP5N00000\OLED-100H016F-WPP5N00000.pdf;
OLED-100H016H-GPP5N00000;graphic;100 x 16 dots;180.0 x 40.0 x 9.3 (max.);149.0 x 23.0;-;1.12 x 1.12;1.22 x 1.22;1/16;OLED-0010;-;Yes;-;-;-;37877;displays\OLED-100H016H-GPP5N00000\OLED-100H016H-GPP5N00000.pdf;
OLED-100H016H-LPP5N00000;graphic;100 x 16 dots;180.0 x 40.0 x 9.3;149.0 x 23.0;-;1.12 x 1.12;1.22 x 1.22;1/16;OLED-0010;Yes;-;-;-;-;37878;displays\OLED-100H016H-LPP5N00000\OLED-100H016H-LPP5N00000.pdf;
OLED-100H016H-SPP5N00000;graphic;100 x 16 dots;180.0 x 40.0 x 9.3 (max.);149.0 x 23.0;-;1.12 x 1.12;1.22 x 1.22;1/16;OLED-0010;-;-;-;Yes;-;37879;displays\OLED-100H016H-SPP5N00000\OLED-100H016H-SPP5N00000.pdf;
OLED-100H032A;Graphic;100 x 32 dots;98.0 x 60.0 x 10.0 (max.);77.0 x 25.20;-;0.54 x 0.55;0.59 x 0.60;1/16;OLED-0010;Y;Y;Y;-;-;37712;displays\OLED-100H032A\OLED-100H032A.pdf;
OLED-100H032A-BPP5N00000;graphic;100 x 32 dots;98.0 x 60.0 x 10.0 (max.);77.0 x 25.20;-;0.54 x 0.55;0.59 x 0.60;1/16;OLED-0010;-;-;-;Yes;-;37880;displays\OLED-100H032A-BPP5N00000\OLED-100H032A-BPP5N00000.pdf;
OLED-100H032A-GPP5N00000;graphic;100 x 32 dots;98.0 x 60.0 x 10.0 (max.);77.0 x 25.20;-;0.54 x 0.55;0.59 x 0.60;1/16;OLED-0010;-;Yes;-;-;-;37881;displays\OLED-100H032A-GPP5N00000\OLED-100H032A-GPP5N00000.pdf;
OLED-100H032A-LPP5N00000;graphic;100 x 32 dots;98.0 x 60.0 x 10.0 (max.);77.0 x 25.20;-;0.54 x 0.55;0.59 x 0.60;1/16;OLED-0010;Yes;-;-;-;-;37882;displays\OLED-100H032A-LPP5N00000\OLED-100H032A-LPP5N00000.pdf;
OLED-100H032A-WPP5N00000;graphic;100 x 32 dots;98.0 x 60.0 x 10.0 (max.);77.0 x 25.20;-;0.54 x 0.55;0.59 x 0.60;1/16;OLED-0010;-;-;-;-;Yes;37884;displays\OLED-100H032A-WPP5N00000\OLED-100H032A-WPP5N00000.pdf;
OLED-100H032B-BPP5N00000;graphic;100 x 32 dots;98.0 x 60.0 x 10.0 (max.);77.0 x 25.20;-;0.54 x 0.55;0.59 x 0.60;1/16;OLED-0010;-;-;-;Yes;-;37885;displays\OLED-100H032B-BPP5N00000\OLED-100H032B-BPP5N00000.pdf;
OLED-100H032B-GPP5N00000;graphic;100 x 32 dots;98.0 x 60.0 x 10.0 (max.);77.0 x 25.20;-;0.54 x 0.55;0.59 x 0.60;1/16;OLED-0010;-;Yes;-;-;-;37886;displays\OLED-100H032B-GPP5N00000\OLED-100H032B-GPP5N00000.pdf;
OLED-100H032B-LPP5N00000;graphic;100 x 32 dots;98.0 x 60.0 x 10.0 (max.);77.0 x 25.2;-;0.54 x 0.55;0.59 x 0.60;1/16;OLED-0010;Yes;-;-;-;-;37887;displays\OLED-100H032B-LPP5N00000\OLED-100H032B-LPP5N00000.pdf;
OLED-100H032B-WPP5N00000;graphic;100 x 32 dots;98.0 x 60.0 x 10.0 (max.);77.0 x 25.20;-;0.54 x 0.55;0.59 x 0.60;1/16;OLE D-0010;-;-;-;-;Yes;37889;displays\OLED-100H032B-WPP5N00000\OLED-100H032B-WPP5N00000.pdf;
OLED-128F064Q-LPP3N00000;graphic;128 x 64 dots;89.7 x 47.2 x 3.4;63.41 x 32.69;-;0.45 x 0.45;0.48 x 0.48;1/64;SSD1309;Yes;-;-;-;-;37968;displays\OLED-128F064Q-LPP3N00000\OLED-128F064Q-LPP3N00000.pdf;
OLED-128O032A-BPP3N00000;graphic;128 x 32 dots;62.0 x 24.0 x 2.35;57.02 x 15.10;-;0.408 x 0.388;0.43 x 0.41;1/32;SSD1305Z;-;-;-;Yes;-;37757;displays\OLED-128O032A-BPP3N00000\OLED-128O032A-BPP3N00000.pdf;
OLED-128O032A-GPP3N00000;graphic;128 x 32 dots;62.0 x 24.0 x 2.35;57.02 x 15.10;-;0.408 x 0.388;0.43 x 0.41;1/32;SSD1305Z;-;Yes;-;-;-;37890;displays\OLED-128O032A-GPP3N00000\OLED-128O032A-GPP3N00000.pdf;
OLED-128O032A-LPP3N00000;graphic;128 x 32 dots;62.0 x 24.0 x 2.35;57.02 x 15.10;-;0.408 x 0.388;0.43 x 0.41;1/32;SSD1305Z;Yes;-;-;-;-;37891;displays\OLED-128O032A-LPP3N00000\OLED-128O032A-LPP3N00000.pdf;
OLED-128O032A-SPP3N00000;graphic;128 x 32 dots;62.0 x 24.0 x 2.35;57.02 x 15.10;-;0.408 x 0.388;0.43 x 0.41;1/32;SSD1305Z;-;-;-;Yes;-;37892;displays\OLED-128O032A-SPP3N00000\OLED-128O032A-SPP3N00000.pdf;
OLED-128O032A-WPP3N00000;graphic;128 x 32 dots;62.0 x 24.0 x 2.35;57.02 x 15.10;-;0.408 x 0.388;0.43 x 0.41;1/32;SSD1305Z;-;-;-;-;Yes;37893;displays\OLED-128O032A-WPP3N00000\OLED-128O032A-WPP3N00000.pdf;
OLED-128O032D-LPP3N00000;graphic;128 x 32 dots;30.0 x 11.5 x 1.45;24.384 x 7.584;-;0.152 x 0.152;0.175 x 0.175;1/32;SSD1306BZ;Yes;-;-;-;-;37894;displays\OLED-128O032D-LPP3N00000\OLED-128O032D-LPP3N00000.pdf;
OLED-128O032D-SPP3N00000;graphic;128 x 32 dots;30.0 x 11.5 x 1.45;24.384 x 7.584;-;0.152 x 0.152;0.175 x 0.175;1/32;SSD1306;-;-;-;Yes;-;37895;displays\OLED-128O032D-SPP3N00000\OLED-128O032D-SPP3N00000.pdf;
OLED-128O032D-WPP3N00000;graphic;128 x 32 dots;30.0 x 11.5 x 1.45;24.384 x 7.584;-;0.152 x 0.152;0.175 x 0.175;1/32;SSD1306;-;-;-;-;Yes;37896;displays\OLED-128O032D-WPP3N00000\OLED-128O032D-WPP3N00000.pdf;
OLED-128O032E-LNP3N00000;graphic;128 x 32 dots;33.4 x 14.5 x 1.65;27.68 x 7.80;-;0.176 x 0.176;0.200 x 0.200;1/32;SSD1306BZ;Yes;-;-;-;-;37974;displays\OLED-128O032E-LNP3N00000\OLED-128O032E-LNP3N00000.pdf;
OLED-128O032E-LPP3N00000;graphic;128 x 32 dots;33.4 x 14.5 x 1.65;27.68 x 7.80;-;0.176 x 0.176;0.200 x 0.200;1/32;SSD1306BZ;Yes;-;-;-;-;37897;displays\OLED-128O032E-LPP3N00000\OLED-128O032E-LPP3N00000.pdf;
OLED-128O032F-LPP3N00000;graphic;128 x 32 dots;30.0 x 11.5 x 1.45;24.384 x 7.584;-;0.152 x 0.152;0.175 x 0.175;1/32;SSD1306BZ;Yes;-;-;-;-;37975;displays\OLED-128O032F-LPP3N00000\OLED-128O032F-LPP3N00000.pdf;
OLED-128O032F-WPP3N00000;graphic;128 x 32 dots;30.0 x 11.5 x 1.45;24.384 x 7.584;-;0.152 x 0.152;0.175 x 0.175;1/32;SSD1306BZ;-;-;-;-;Yes;37976;displays\OLED-128O032F-WPP3N00000\OLED-128O032F-WPP3N00000.pdf;
OLED-128O064A-LNP3N00000;graphic;128 x 64 dots;42.04 x 27.22 x 1.45;37.05 x 19.52;-;0.249 x 0.249;0.274 x 0.274;1/64;SSD1309ZC;Yes;-;-;-;-;37977;displays\OLED-128O064A-LNP3N00000\OLED-128O064A-LNP3N00000.pdf;
OLED-128O064D-BPP3N00000;graphic;128 x 64 dots;26.7 x 19.26 x 1.65;23.938 x 12.058;-;0.148 x 0.148;0.17 x 0.17;1/64;SSD1306BZ;-;-;-;Yes;-;37902;displays\OLED-128O064D-BPP3N00000\OLED-128O064D-BPP3N00000.pdf;
OLED-128O064D-GPP3N00000;graphic;128 x 64 dots;26.7 x 19.26 x 1.65;23.938 x 12.058;-;0.148 x 0.148;0.17 x 0.17;1/64;SSD1306BZ;-;Yes;-;-;-;37903;displays\OLED-128O064D-GPP3N00000\OLED-128O064D-GPP3N00000.pdf;
OLED-128O064D-LPP3N00000;graphic;128 x 64 dots;26.7 x 19.26 x 1.65;23.938 x 12.058;-;0.148 x 0.148;0.17 x 0.17;1/64;SSD1306;Yes;-;-;-;-;37904;displays\OLED-128O064D-LPP3N00000\OLED-128O064D-LPP3N00000.pdf;
OLED-128O064D-WPP3N00000;graphic;128 x 64 dots;26.7 x 19.26 x 1.65;23.938 x 12.058;-;0.148 x 0.148;0.17 x 0.17;1/64;SSD1306BZ;-;-;-;-;Yes;37905;displays\OLED-128O064D-WPP3N00000\OLED-128O064D-WPP3N00000.pdf;
OLED-128O064F-GPP3N00000;graphic;128 x 64 dots;41.8 x 27.9 x 1.8;38.45 x 20.21;-;0.255 x 0.255;0.285 x 0.285;1/64;SSD1325Z1;-;Yes;-;-;-;37906;displays\OLED-128O064F-GPP3N00000\OLED-128O064F-GPP3N00000.pdf;
OLED-128O064F-LPP3N00000;graphic;128 x 64 dots;41.8 x 27.9 x 1.8;38.45 x 20.21;-;0.255 x 0.255;0.285 x 0.285;1/64;SSD1325;Yes;-;-;-;-;37907;displays\OLED-128O064F-LPP3N00000\OLED-128O064F-LPP3N00000.pdf;
OLED-128O064F-WPP3N00000;graphic;128 x 64 dots;41.8 x 27.9 x 1.8;38.45 x 20.21;-;0.255 x 0.255;0.285 x 0.285;1/64;SSD1325;-;-;-;-;Yes;37908;displays\OLED-128O064F-WPP3N00000\OLED-128O064F-WPP3N00000.pdf;
OLED-128O064G-GPP3N00000;graphic;128 x 64 dots;60.50 x 37.00 x 2.15;57.01 x 28.91;-;0.40 x 0.40;0.43 x 0.43;1/64;SSD1309ZC;-;Yes;-;-;-;37909;displays\OLED-128O064G-GPP3N00000\OLED-128O064G-GPP3N00000.pdf;
OLED-128O064G-LPP3N00000;graphic;128 x 64 dots;60.50 x 37.00 x 2.15;57.01 x 28.91;-;0.40 x 0.40;0.43 x 0.43;1/64;SSD1309ZC;Yes;-;-;-;-;37910;displays\OLED-128O064G-LPP3N00000\OLED-128O064G-LPP3N00000.pdf;
OLED-128O064G-SPP3N00000;graphic;128 x 64 dots;60.50 x 37.00 x 2.15;57.01 x 28.91;-;0.40 x 0.40;0.43 x 0.43;1/64;SSD1309ZC;-;-;-;Yes;-;37911;displays\OLED-128O064G-SPP3N00000\OLED-128O064G-SPP3N00000.pdf;
OLED-128O064G-WPP3N00000;graphic;128 x 64 dots;60.50 x 37.00 x 2.15;57.01 x 28.91;-;0.40 x 0.40;0.43 x 0.43;1/64;SSD1309ZC;-;-;-;-;Yes;37912;displays\OLED-128O064G-WPP3N00000\OLED-128O064G-WPP3N00000.pdf;
OLED-128O064H-GPP3N00000;graphic;128 x 64 dots;60.50 x 37.00 x 2.15;57.01 x 28.91;-;0.40 x 0.40;0.43 x 0.43;1/64;SSD1309ZC;-;Yes;-;-;-;37913;displays\OLED-128O064H-GPP3N00000\OLED-128O064H-GPP3N00000.pdf;
OLED-128O064H-LPP3N00000;graphic;128 x 64 dots;60.50 x 37.00 x 2.15;57.01 x 28.91;-;0.40 x 0.40;0.43 x 0.43;1/64;SSD1309ZC;Yes;-;-;-;-;37914;displays\OLED-128O064H-LPP3N00000\OLED-128O064H-LPP3N00000.pdf;
OLED-128O064H-SPP3N00000;graphic;128 x 64 dots;60.50 x 37.00 x 2.15;57.01 x 28.91;-;0.40 x 0.40;0.43 x 0.43;1/64;SSD1309ZC;-;-;-;Yes;-;37915;displays\OLED-128O064H-SPP3N00000\OLED-128O064H-SPP3N00000.pdf;
OLED-128O064H-WPP3N00000;graphic;128 x 64 dots;60.50 x 37.00 x 2.15;57.01 x 28.91;-;0.40 x 0.40;0.43 x 0.43;1/64;SSD1309ZC;-;-;-;-;Yes;37916;displays\OLED-128O064H-WPP3N00000\OLED-128O064H-WPP3N00000.pdf;
OLED-128O064J-GPP3N00000;graphic;128 x 64 dots;75.0 x 52.7 x 8.5;57.01 x 29.49;-;0.40 x 0.40;0.43 x 0.43;1/64;SSD1309Z;-;Yes;-;-;-;37917;displays\OLED-128O064J-GPP3N00000\OLED-128O064J-GPP3N00000.pdf;
OLED-128O064J-LPP3N00000;graphic;128 x 64 dots;75.0 x 52.7 x 8.5;57.01 x 29.49;-;0.40 x 0.40;0.43 x 0.43;1/64;SSD1309Z;Yes;-;-;-;-;37918;displays\OLED-128O064J-LPP3N00000\OLED-128O064J-LPP3N00000.pdf;
OLED-128O064J-SPP3N00000;graphic;128 x 64 dots;75.0 x 52.7 x 8.5;57.01 x 29.49;-;0.40 x 0.40;0.43 x 0.43;1/64;SSD1309Z;-;-;-;Yes;-;37919;displays\OLED-128O064J-SPP3N00000\OLED-128O064J-SPP3N00000.pdf;
OLED-128O064J-WPP3N00000;graphic;128 x 64 dots;75.0 x 52.7 x 8.5;57.01 x 29.49;-;0.40 x 0.40;0.43 x 0.43;1/64;SSD1309Z;-;-;-;-;Yes;37920;displays\OLED-128O064J-WPP3N00000\OLED-128O064J-WPP3N00000.pdf;
OLED-200H016A;Graphic;200 x 16 dots;182.0 x 38.5 x 9.3 (max.);154.4 x 16.50;-;0.57 x 0.65;0.62 x 0.70;1/16;OLED-0010;Y;Y;Y;Y;Y;37713;displays\OLED-200H016A\OLED-200H016A.pdf;
OLED-200H016A-GPP5N00000;graphic;200 x 16 dots;182.0 x 38.5 x 9.3 (max.);154.4 x 16.5;-;0.57 x 0.65;0.62 x 0.70;1/16;SSD1305;-;Yes;-;-;-;37955;displays\OLED-200H016A-GPP5N00000\OLED-200H016A-GPP5N00000.pdf;
OLED-200H016A-LPP5N00000;graphic;200 x 16 dots;182.0 x 38.5 x 9.3 (max.);154.4 x 16.5;-;0.57 x 0.65;0.62 x 0.70;1/16;OLED-0010;Yes;-;-;-;-;37956;displays\OLED-200H016A-LPP5N00000\OLED-200H016A-LPP5N00000.pdf;
OLED-256Y064A-BPP3N00000;graphic;256 x 64 dots;84.0 x 25.8 x 2.05;71.104 x 19.264;-;0.248 x 0.248;0.27 x 0.27;1/64;SSD1322;-;-;-;Yes;-;37957;displays\OLED-256Y064A-BPP3N00000\OLED-256Y064A-BPP3N00000.pdf;
OLED-256Y064A-GPP3N00000;graphic;256 x 64 dots;84.0 x 25.8 x 2.05;71.104 x 19.264;-;0.248 x 0.248;0.27 x 0.27;1/64;SSD1322;-;Yes;-;-;-;37958;displays\OLED-256Y064A-GPP3N00000\OLED-256Y064A-GPP3N00000.pdf;
OLED-256Y064A-LPP3N00000;graphic;256 x 64 dots;84.0 x 25.8 x 2.05;71.104 x 19.264;-;0.248 x 0.248;0.270 x 0.270;1/64;SSD1322;Yes;-;-;-;-;37959;displays\OLED-256Y064A-LPP3N00000\OLED-256Y064A-LPP3N00000.pdf;
OLED-256Y064A-RPP3N00000;graphic;256 x 64 dots;84.0 x 25.8 x 2.05;71.104 x 19.264;-;0.248 x 0.248;0.27 x 0.27;1/64;SSD1322;-;-;Yes;-;-;37960;displays\OLED-256Y064A-RPP3N00000\OLED-256Y064A-RPP3N00000.pdf;
OLED-256Y064B-GPP3N00000;graphic;256 x 64 dots;88.0 x 27.8 x 2.05;78.78 x 21.18;-;0.278 x 0.278;0.3 x 0.3;1/64;SSD1322;-;Yes;-;-;-;37961;displays\OLED-256Y064B-GPP3N00000\OLED-256Y064B-GPP3N00000.pdf;
OLED-256Y064B-LPP3N00000;graphic;256 x 64 dots;88.0 x 27.8 x 2.05;78.78 x 21.18;-;0.278 x 0.278;0.300 x 0.300;1/64;SSD1322;Yes;-;-;-;-;37962;displays\OLED-256Y064B-LPP3N00000\OLED-256Y064B-LPP3N00000.pdf;
OLED-256Y064B-SPP3N00000;graphic;256 x 64 dots;88.0 x 27.8 x 2.05;78.78 x 21.18;-;0.278 x 0.278;0.3 x 0.3;1/64;SSD1322;-;-;-;Yes;-;37963;displays\OLED-256Y064B-SPP3N00000\OLED-256Y064B-SPP3N00000.pdf;
OLED-256Y064B-WPP3N00000;graphic;256 x 64 dots;88.0 x 27.8 x 2.05;78.78 x 21.18;-;0.278 x 0.278;0.3 x 0.3;1/64;SSD1322;-;Yes;-;-;-;37964;displays\OLED-256Y064B-WPP3N00000\OLED-256Y064B-WPP3N00000.pdf;
OLED-256Y064D-GPP3N00000;graphic;256 x 64 dots;146.0 x 45.0 x 2.05;137.65 x 35.89;-;0.5 x 0.5;0.53 x 0.53;1/64;SSD1322;-;Yes;-;-;-;37965;displays\OLED-256Y064D-GPP3N00000\OLED-256Y064D-GPP3N00000.pdf;
OLED-256Y064D-LPP3N00000;graphic;256 x 64 dots;146.0 x 45.0 x 2.05;137.65 x 35.89;-;0.50 x 0.50;0.53 x 0.53;1/64;SSD1322;Yes;-;-;-;-;37966;displays\OLED-256Y064D-LPP3N00000\OLED-256Y064D-LPP3N00000.pdf;
