Part Number;Product Image;Package;VCEO(V);CTR Min.(1)%;CTR Max.(1)%;Forward Current IF(mA);ton/toff(µs);Operating Temperature(°C);Isolation Voltage VISOVRMS;Safety Standard(s);Image path;Datasheet part;3d model part
4N25-X, 4N26-X, 4N27-X, 4N28-X;Enlarge;DIP-6;70;10;;;;- 55 to + 100;5000;UL, cUL, VDE, BSI, FIMKO, CQC;image/optocouplers/81864.png;Datasheet/optocouplers/opt-tran-output/4N25-X, 4N26-X, 4N27-X, 4N28-X/4N25-X, 4N26-X, 4N27-X, 4N28-X.pdf;None
4N25-X, 4N26-X, 4N27-X, 4N28-X;Enlarge;DIP-6, 400 mil;70;10;;;;- 55 to + 100;5000;UL, cUL, VDE, BSI, FIMKO, CQC;image/optocouplers/81864.png;Datasheet/optocouplers/opt-tran-output/4N25-X, 4N26-X, 4N27-X, 4N28-X/4N25-X, 4N26-X, 4N27-X, 4N28-X.pdf;None
4N25-X, 4N26-X, 4N27-X, 4N28-X;Enlarge;SMD-6;70;10;;;;- 55 to + 100;5000;UL, cUL, VDE, BSI, FIMKO, CQC;image/optocouplers/81864.png;Datasheet/optocouplers/opt-tran-output/4N25-X, 4N26-X, 4N27-X, 4N28-X/4N25-X, 4N26-X, 4N27-X, 4N28-X.pdf;None
CNY17;Enlarge;DIP-6;70;13;320;10;3, 2.3;-55 to +110;5000;UL, cUL, VDE, BSI, FIMKO, CQC;image/optocouplers/83606.png;Datasheet/optocouplers/opt-tran-output/CNY17/CNY17.pdf;Datasheet/optocouplers/opt-tran-output/CNY17/CNY17.zip
CNY17;Enlarge;DIP-6, 400 mil;70;13;320;10;3, 2.3;-55 to +110;5000;UL, cUL, VDE, BSI, FIMKO, CQC;image/optocouplers/83606.png;Datasheet/optocouplers/opt-tran-output/CNY17/CNY17.pdf;Datasheet/optocouplers/opt-tran-output/CNY17/CNY17.zip
CNY17;Enlarge;SMD-6;70;13;320;10;3, 2.3;-55 to +110;5000;UL, cUL, VDE, BSI, FIMKO, CQC;image/optocouplers/83606.png;Datasheet/optocouplers/opt-tran-output/CNY17/CNY17.pdf;Datasheet/optocouplers/opt-tran-output/CNY17/CNY17.zip
CNY17F;Enlarge;DIP-6;70;13;320;10;3, 2.3;-55 to +110;5000;UL, cUL, VDE, BSI, FIMKO, CQC;image/optocouplers/83607.png;Datasheet/optocouplers/opt-tran-output/CNY17F/CNY17F.pdf;Datasheet/optocouplers/opt-tran-output/CNY17F/CNY17F.zip
CNY17F;Enlarge;DIP-6, 400 mil;70;13;320;10;3, 2.3;-55 to +110;5000;UL, cUL, VDE, BSI, FIMKO, CQC;image/optocouplers/83607.png;Datasheet/optocouplers/opt-tran-output/CNY17F/CNY17F.pdf;Datasheet/optocouplers/opt-tran-output/CNY17F/CNY17F.zip
CNY17F;Enlarge;SMD-6;70;13;320;10;3, 2.3;-55 to +110;5000;UL, cUL, VDE, BSI, FIMKO, CQC;image/optocouplers/83607.png;Datasheet/optocouplers/opt-tran-output/CNY17F/CNY17F.pdf;Datasheet/optocouplers/opt-tran-output/CNY17F/CNY17F.zip
CNY64, CNY65, CNY66;Enlarge;DIP-4 HV;32;50;300;10;5, 3;-55 to +85;8200 13 900;UL, VDE;image/optocouplers/83540.png;Datasheet/optocouplers/opt-tran-output/CNY64, CNY65, CNY66/CNY64, CNY65, CNY66.pdf;Datasheet/optocouplers/opt-tran-output/CNY64, CNY65, CNY66/CNY64, CNY65, CNY66.zip
CNY64AYST, CNY64ABST, CNY64AGRST, CNY65AYST, CNY65ABST, CNY65AGRST;Enlarge;SMD-4 HV;32;50;300;5;5, 3;-55 to +85;8200 13 900;UL, cUL, VDE;image/optocouplers/82387.png;Datasheet/optocouplers/opt-tran-output/CNY64AYST, CNY64ABST, CNY64AGRST, CNY65AYST, CNY65ABST, CNY65AGRST/CNY64AYST, CNY64ABST, CNY64AGRST, CNY65AYST, CNY65ABST, CNY65AGRST.pdf;Datasheet/optocouplers/opt-tran-output/CNY64AYST, CNY64ABST, CNY64AGRST, CNY65AYST, CNY65ABST, CNY65AGRST/CNY64AYST, CNY64ABST, CNY64AGRST, CNY65AYST, CNY65ABST, CNY65AGRST.zip
CNY651 Series;Enlarge;DIP-4 HV;32;50;300;5;5, 3;-40 to +110;8200 13 900;UL, VDE;image/optocouplers/82566.png;Datasheet/optocouplers/opt-tran-output/CNY651 Series/CNY651 Series.pdf;Datasheet/optocouplers/opt-tran-output/CNY651 Series/CNY651 Series.zip
CNY651 Series;Enlarge;SMD-4 HV;32;50;300;5;5, 3;-40 to +110;8200 13 900;UL, VDE;image/optocouplers/82566.png;Datasheet/optocouplers/opt-tran-output/CNY651 Series/CNY651 Series.pdf;Datasheet/optocouplers/opt-tran-output/CNY651 Series/CNY651 Series.zip
CNY65Exi;Enlarge;DIP-4;32;50;300;10;5, 3;-55 to +85;8200;PTB;image/optocouplers/83541.png;Datasheet/optocouplers/opt-tran-output/CNY65Exi/CNY65Exi.pdf;Datasheet/optocouplers/opt-tran-output/CNY65Exi/CNY65Exi.zip
H11A1;Enlarge;DIP-6;70;50;;;3, 3;-55 to +100;4420;UL, cUL, VDE, BSI, CQC, CQC, F;image/optocouplers/83730.png;Datasheet/optocouplers/opt-tran-output/H11A1/H11A1.pdf;Datasheet/optocouplers/opt-tran-output/H11A1/H11A1.zip
H11A1;Enlarge;SMD-6;70;50;;;3, 3;-55 to +100;4420;UL, cUL, VDE, BSI, CQC, CQC, F;image/optocouplers/83730.png;Datasheet/optocouplers/opt-tran-output/H11A1/H11A1.pdf;Datasheet/optocouplers/opt-tran-output/H11A1/H11A1.zip
H11D1, H11D2, H11D3;Enlarge;DIP-6;300;20;;;4, 5;-55 to +100;5000;UL, cUL, VDE;image/optocouplers/83611.png;Datasheet/optocouplers/opt-tran-output/H11D1, H11D2, H11D3/H11D1, H11D2, H11D3.pdf;None
H11D1, H11D2, H11D3;Enlarge;SMD-6;300;20;;;4, 5;-55 to +100;5000;UL, cUL, VDE;image/optocouplers/83611.png;Datasheet/optocouplers/opt-tran-output/H11D1, H11D2, H11D3/H11D1, H11D2, H11D3.pdf;None
IL1206AT, IL1207AT, IL1208AT;Enlarge;SOIC-8;70;22;320;10;3.0, 3.0;-55 to +110;4000;UL, cUL, VDE, FIMKO;image/optocouplers/83549.png;Datasheet/optocouplers/opt-tran-output/IL1206AT, IL1207AT, IL1208AT/IL1206AT, IL1207AT, IL1208AT.pdf;None
IL205AT, IL206AT, IL207AT, IL208AT;Enlarge;SOIC-8;70;13;320;10;;-55 to +100;4000;UL, cUL, VDE, FIMKO;image/optocouplers/83614.png;Datasheet/optocouplers/opt-tran-output/IL205AT, IL206AT, IL207AT, IL208AT/IL205AT, IL206AT, IL207AT, IL208AT.pdf;Datasheet/optocouplers/opt-tran-output/IL205AT, IL206AT, IL207AT, IL208AT/IL205AT, IL206AT, IL207AT, IL208AT.zip
IL211AT, IL212AT, IL213AT;Enlarge;SOIC-8;30;20;;;;-55 to +100;4000;UL, cUL, VDE;image/optocouplers/83615.png;Datasheet/optocouplers/opt-tran-output/IL211AT, IL212AT, IL213AT/IL211AT, IL212AT, IL213AT.pdf;Datasheet/optocouplers/opt-tran-output/IL211AT, IL212AT, IL213AT/IL211AT, IL212AT, IL213AT.zip
IL215AT, IL216AT, IL217AT;Enlarge;SOIC-8;30;20;;;;-55 to +100;4000;UL, cUL, VDE;image/optocouplers/83616.png;Datasheet/optocouplers/opt-tran-output/IL215AT, IL216AT, IL217AT/IL215AT, IL216AT, IL217AT.pdf;None
ILD1206T, ILD1207T;Enlarge;SOIC-8;70;63;200;10;-, -;-55 to +110;3333;UL, VDE;image/optocouplers/83599.png;Datasheet/optocouplers/opt-tran-output/ILD1206T, ILD1207T/ILD1206T, ILD1207T.pdf;None
ILD205T, ILD206T, ILD207T, ILD211T, ILD213T;Enlarge;SOIC-8;70;13;200;10;6, 5;-55 to +100;4000;UL, cUL, VDE;image/optocouplers/83647.png;Datasheet/optocouplers/opt-tran-output/ILD205T, ILD206T, ILD207T, ILD211T, ILD213T/ILD205T, ILD206T, ILD207T, ILD211T, ILD213T.pdf;Datasheet/optocouplers/opt-tran-output/ILD205T, ILD206T, ILD207T, ILD211T, ILD213T/ILD205T, ILD206T, ILD207T, ILD211T, ILD213T.zip
ILD217T;Enlarge;SOIC-8;70;100;;;;-55 to +100;4000;UL, cUL;image/optocouplers/84268.png;Datasheet/optocouplers/opt-tran-output/ILD217T/ILD217T.pdf;Datasheet/optocouplers/opt-tran-output/ILD217T/ILD217T.zip
ILD615, ILQ615;Enlarge;DIP-8;70;13;320;10;3, 2.3;-55 to +100;4420;UL, cUL, VDE, CQC, FIMKO;image/optocouplers/83652.png;Datasheet/optocouplers/opt-tran-output/ILD615, ILQ615/ILD615, ILQ615.pdf;Datasheet/optocouplers/opt-tran-output/ILD615, ILQ615/ILD615, ILQ615.zip
ILD615, ILQ615;Enlarge;DIP-8, 400 mil;70;13;320;10;3, 2.3;-55 to +100;4420;UL, cUL, VDE, CQC, FIMKO;image/optocouplers/83652.png;Datasheet/optocouplers/opt-tran-output/ILD615, ILQ615/ILD615, ILQ615.pdf;Datasheet/optocouplers/opt-tran-output/ILD615, ILQ615/ILD615, ILQ615.zip
ILD615, ILQ615;Enlarge;SMD-8;70;13;320;10;3, 2.3;-55 to +100;4420;UL, cUL, VDE, CQC, FIMKO;image/optocouplers/83652.png;Datasheet/optocouplers/opt-tran-output/ILD615, ILQ615/ILD615, ILQ615.pdf;Datasheet/optocouplers/opt-tran-output/ILD615, ILQ615/ILD615, ILQ615.zip
ILD615, ILQ615;Enlarge;DIP-16;70;13;320;10;3, 2.3;-55 to +100;4420;UL, cUL, VDE, CQC, FIMKO;image/optocouplers/83652.png;Datasheet/optocouplers/opt-tran-output/ILD615, ILQ615/ILD615, ILQ615.pdf;Datasheet/optocouplers/opt-tran-output/ILD615, ILQ615/ILD615, ILQ615.zip
ILD615, ILQ615;Enlarge;SMD-16;70;13;320;10;3, 2.3;-55 to +100;4420;UL, cUL, VDE, CQC, FIMKO;image/optocouplers/83652.png;Datasheet/optocouplers/opt-tran-output/ILD615, ILQ615/ILD615, ILQ615.pdf;Datasheet/optocouplers/opt-tran-output/ILD615, ILQ615/ILD615, ILQ615.zip
ILD615, ILQ615;Enlarge;DIP-16, 400 mil;70;13;320;10;3, 2.3;-55 to +100;4420;UL, cUL, VDE, CQC, FIMKO;image/optocouplers/83652.png;Datasheet/optocouplers/opt-tran-output/ILD615, ILQ615/ILD615, ILQ615.pdf;Datasheet/optocouplers/opt-tran-output/ILD615, ILQ615/ILD615, ILQ615.zip
ILD621, ILD621GB, ILQ621, ILQ621GB;Enlarge;DIP-8;70;30;600;5.0;3.0, 2.3;-55 to +100;4420 5300;UL, cUL, VDE, CQC, CQC, FIMKO;image/optocouplers/83654.png;Datasheet/optocouplers/opt-tran-output/ILD621, ILD621GB, ILQ621, ILQ621GB/ILD621, ILD621GB, ILQ621, ILQ621GB.pdf;None
ILD621, ILD621GB, ILQ621, ILQ621GB;Enlarge;SMD-8;70;30;600;5.0;3.0, 2.3;-55 to +100;4420 5300;UL, cUL, VDE, CQC, CQC, FIMKO;image/optocouplers/83654.png;Datasheet/optocouplers/opt-tran-output/ILD621, ILD621GB, ILQ621, ILQ621GB/ILD621, ILD621GB, ILQ621, ILQ621GB.pdf;None
ILD621, ILD621GB, ILQ621, ILQ621GB;Enlarge;DIP-16;70;30;600;5.0;3.0, 2.3;-55 to +100;4420 5300;UL, cUL, VDE, CQC, CQC, FIMKO;image/optocouplers/83654.png;Datasheet/optocouplers/opt-tran-output/ILD621, ILD621GB, ILQ621, ILQ621GB/ILD621, ILD621GB, ILQ621, ILQ621GB.pdf;None
ILD621, ILD621GB, ILQ621, ILQ621GB;Enlarge;DIP-16, 400 mil;70;30;600;5.0;3.0, 2.3;-55 to +100;4420 5300;UL, cUL, VDE, CQC, CQC, FIMKO;image/optocouplers/83654.png;Datasheet/optocouplers/opt-tran-output/ILD621, ILD621GB, ILQ621, ILQ621GB/ILD621, ILD621GB, ILQ621, ILQ621GB.pdf;None
ILD621, ILD621GB, ILQ621, ILQ621GB;Enlarge;SMD-16;70;30;600;5.0;3.0, 2.3;-55 to +100;4420 5300;UL, cUL, VDE, CQC, CQC, FIMKO;image/optocouplers/83654.png;Datasheet/optocouplers/opt-tran-output/ILD621, ILD621GB, ILQ621, ILQ621GB/ILD621, ILD621GB, ILQ621, ILQ621GB.pdf;None
MOC8101, MOC8102, MOC8103, MOC8104;Enlarge;DIP-6;30;50;256;10;3.0, 2.3;-55 to +100;4420;UL, cUL, VDE, BSI, CQC, CQC;image/optocouplers/83660.png;Datasheet/optocouplers/opt-tran-output/MOC8101, MOC8102, MOC8103, MOC8104/MOC8101, MOC8102, MOC8103, MOC8104.pdf;None
MOC8101, MOC8102, MOC8103, MOC8104;Enlarge;DIP-6, 400 mil;30;50;256;10;3.0, 2.3;-55 to +100;4420;UL, cUL, VDE, BSI, CQC, CQC;image/optocouplers/83660.png;Datasheet/optocouplers/opt-tran-output/MOC8101, MOC8102, MOC8103, MOC8104/MOC8101, MOC8102, MOC8103, MOC8104.pdf;None
MOC8101, MOC8102, MOC8103, MOC8104;Enlarge;SMD-6;30;50;256;10;3.0, 2.3;-55 to +100;4420;UL, cUL, VDE, BSI, CQC, CQC;image/optocouplers/83660.png;Datasheet/optocouplers/opt-tran-output/MOC8101, MOC8102, MOC8103, MOC8104/MOC8101, MOC8102, MOC8103, MOC8104.pdf;None
SFH1617A;Enlarge;DIP-4;70;13;320;10;3.0, 2.3;-55 to +110;5000;UL, cUL, VDE, BSI, FIMKO, CQC;image/optocouplers/83552.png;Datasheet/optocouplers/opt-tran-output/SFH1617A/SFH1617A.pdf;Datasheet/optocouplers/opt-tran-output/SFH1617A/SFH1617A.zip
SFH1617A;Enlarge;DIP-4, 400 mil;70;13;320;10;3.0, 2.3;-55 to +110;5000;UL, cUL, VDE, BSI, FIMKO, CQC;image/optocouplers/83552.png;Datasheet/optocouplers/opt-tran-output/SFH1617A/SFH1617A.pdf;Datasheet/optocouplers/opt-tran-output/SFH1617A/SFH1617A.zip
SFH1617A;Enlarge;SMD-4;70;13;320;10;3.0, 2.3;-55 to +110;5000;UL, cUL, VDE, BSI, FIMKO, CQC;image/optocouplers/83552.png;Datasheet/optocouplers/opt-tran-output/SFH1617A/SFH1617A.pdf;Datasheet/optocouplers/opt-tran-output/SFH1617A/SFH1617A.zip
SFH1690AT, SFH1690BT, SFH1690CT, SFH1690ABT;Enlarge;SOP-4;70;50;300;5;5, 3;-55 to +110;3750;UL, cUL, VDE, BSI, CQC, CQC, F;image/optocouplers/83537.png;Datasheet/optocouplers/opt-tran-output/SFH1690AT, SFH1690BT, SFH1690CT, SFH1690ABT/SFH1690AT, SFH1690BT, SFH1690CT, SFH1690ABT.pdf;None
SFH601;Enlarge;DIP-6;100;40;320;10;3, 3;-55 to +100;5000;UL, cUL, VDE, CQC;image/optocouplers/83663.png;Datasheet/optocouplers/opt-tran-output/SFH601/SFH601.pdf;Datasheet/optocouplers/opt-tran-output/SFH601/SFH601.zip
SFH601;Enlarge;SMD-6;100;40;320;10;3, 3;-55 to +100;5000;UL, cUL, VDE, CQC;image/optocouplers/83663.png;Datasheet/optocouplers/opt-tran-output/SFH601/SFH601.pdf;Datasheet/optocouplers/opt-tran-output/SFH601/SFH601.zip
SFH601;Enlarge;DIP-6, 400 mil;100;40;320;10;3, 3;-55 to +100;5000;UL, cUL, VDE, CQC;image/optocouplers/83663.png;Datasheet/optocouplers/opt-tran-output/SFH601/SFH601.pdf;Datasheet/optocouplers/opt-tran-output/SFH601/SFH601.zip
SFH610A, SFH6106;Enlarge;DIP-4;70;13;500;10;3, 2.3;-55 to +100;4420 5300;UL, cUL, VDE, BSI, CQC, FIMKO;image/optocouplers/83666.png;Datasheet/optocouplers/opt-tran-output/SFH610A, SFH6106/SFH610A, SFH6106.pdf;Datasheet/optocouplers/opt-tran-output/SFH610A, SFH6106/SFH610A, SFH6106.zip
SFH610A, SFH6106;Enlarge;DIP-4, 400 mil;70;13;500;10;3, 2.3;-55 to +100;4420 5300;UL, cUL, VDE, BSI, CQC, FIMKO;image/optocouplers/83666.png;Datasheet/optocouplers/opt-tran-output/SFH610A, SFH6106/SFH610A, SFH6106.pdf;Datasheet/optocouplers/opt-tran-output/SFH610A, SFH6106/SFH610A, SFH6106.zip
SFH610A, SFH6106;Enlarge;SMD-4;70;13;500;10;3, 2.3;-55 to +100;4420 5300;UL, cUL, VDE, BSI, CQC, FIMKO;image/optocouplers/83666.png;Datasheet/optocouplers/opt-tran-output/SFH610A, SFH6106/SFH610A, SFH6106.pdf;Datasheet/optocouplers/opt-tran-output/SFH610A, SFH6106/SFH610A, SFH6106.zip
SFH6156;Enlarge;SMD-4;70;13;320;10;3, 2.3;-55 to +100;4420;UL, cUL, VDE, BSI, CQC, FIMKO;image/optocouplers/83671.png;Datasheet/optocouplers/opt-tran-output/SFH6156/SFH6156.pdf;Datasheet/optocouplers/opt-tran-output/SFH6156/SFH6156.zip
SFH615A;Enlarge;DIP-4;70;13;320;10;3, 2.3;-55 to +100;4470 5300;UL, cUL, VDE, BSI, FIMKO, CQC;image/optocouplers/83433.png;Datasheet/optocouplers/opt-tran-output/SFH615A/SFH615A.pdf;Datasheet/optocouplers/opt-tran-output/SFH615A/SFH615A.zip
SFH615A;Enlarge;DIP-4, 400 mil;70;13;320;10;3, 2.3;-55 to +100;4470 5300;UL, cUL, VDE, BSI, FIMKO, CQC;image/optocouplers/83433.png;Datasheet/optocouplers/opt-tran-output/SFH615A/SFH615A.pdf;Datasheet/optocouplers/opt-tran-output/SFH615A/SFH615A.zip
SFH615A;Enlarge;SMD-4;70;13;320;10;3, 2.3;-55 to +100;4470 5300;UL, cUL, VDE, BSI, FIMKO, CQC;image/optocouplers/83433.png;Datasheet/optocouplers/opt-tran-output/SFH615A/SFH615A.pdf;Datasheet/optocouplers/opt-tran-output/SFH615A/SFH615A.zip
SFH615A-3X018T, SFH615A-4X018T;Enlarge;SMD-4;70;34;320;10;3, 2.3;-55 to +100;4420 5300;UL, cUL, VDE, BSI, FIMKO;image/optocouplers/84185.png;Datasheet/optocouplers/opt-tran-output/SFH615A-3X018T, SFH615A-4X018T/SFH615A-3X018T, SFH615A-4X018T.pdf;Datasheet/optocouplers/opt-tran-output/SFH615A-3X018T, SFH615A-4X018T/SFH615A-3X018T, SFH615A-4X018T.zip
SFH615AA, SFH615AGB, SFH615AGR, SFH615AY;Enlarge;DIP-4;70;50;600;5;2, 25;-55 to +100;5300;UL, cUL, VDE, CQC, BSI, FIMKO;image/optocouplers/83672.png;Datasheet/optocouplers/opt-tran-output/SFH615AA, SFH615AGB, SFH615AGR, SFH615AY/SFH615AA, SFH615AGB, SFH615AGR, SFH615AY.pdf;None
SFH615AA, SFH615AGB, SFH615AGR, SFH615AY;Enlarge;SMD-4;70;50;600;5;2, 25;-55 to +100;5300;UL, cUL, VDE, CQC, BSI, FIMKO;image/optocouplers/83672.png;Datasheet/optocouplers/opt-tran-output/SFH615AA, SFH615AGB, SFH615AGR, SFH615AY/SFH615AA, SFH615AGB, SFH615AGR, SFH615AY.pdf;None
SFH617A;Enlarge;DIP-4;70;13;320;10;3, 2.3;- 55 to + 110;4470 5300;UL, cUL, VDE, BSI, FIMKO, CQC;image/optocouplers/83740.png;Datasheet/optocouplers/opt-tran-output/SFH617A/SFH617A.pdf;Datasheet/optocouplers/opt-tran-output/SFH617A/SFH617A.zip
SFH617A;Enlarge;DIP-4, 400 mil;70;13;320;10;3, 2.3;- 55 to + 110;4470 5300;UL, cUL, VDE, BSI, FIMKO, CQC;image/optocouplers/83740.png;Datasheet/optocouplers/opt-tran-output/SFH617A/SFH617A.pdf;Datasheet/optocouplers/opt-tran-output/SFH617A/SFH617A.zip
SFH617A;Enlarge;SMD-4;70;13;320;10;3, 2.3;- 55 to + 110;4470 5300;UL, cUL, VDE, BSI, FIMKO, CQC;image/optocouplers/83740.png;Datasheet/optocouplers/opt-tran-output/SFH617A/SFH617A.pdf;Datasheet/optocouplers/opt-tran-output/SFH617A/SFH617A.zip
SFH618A, SFH6186;Enlarge;DIP-4;55;32;500;1;6, 5.5;-55 to +100;4420 5300;UL, cUL, VDE, BSI, CQC, FIMKO;image/optocouplers/83673.png;Datasheet/optocouplers/opt-tran-output/SFH618A, SFH6186/SFH618A, SFH6186.pdf;Datasheet/optocouplers/opt-tran-output/SFH618A, SFH6186/SFH618A, SFH6186.zip
SFH618A, SFH6186;Enlarge;DIP-4, 400 mil;55;32;500;1;6, 5.5;-55 to +100;4420 5300;UL, cUL, VDE, BSI, CQC, FIMKO;image/optocouplers/83673.png;Datasheet/optocouplers/opt-tran-output/SFH618A, SFH6186/SFH618A, SFH6186.pdf;Datasheet/optocouplers/opt-tran-output/SFH618A, SFH6186/SFH618A, SFH6186.zip
SFH618A, SFH6186;Enlarge;SMD-4;55;32;500;1;6, 5.5;-55 to +100;4420 5300;UL, cUL, VDE, BSI, CQC, FIMKO;image/optocouplers/83673.png;Datasheet/optocouplers/opt-tran-output/SFH618A, SFH6186/SFH618A, SFH6186.pdf;Datasheet/optocouplers/opt-tran-output/SFH618A, SFH6186/SFH618A, SFH6186.zip
SFH640;Enlarge;DIP-6;300;22;200;10;4, 5;-55 to +115;5000;UL, cUL, VDE, CQC, CQC;image/optocouplers/83682.png;Datasheet/optocouplers/opt-tran-output/SFH640/SFH640.pdf;Datasheet/optocouplers/opt-tran-output/SFH640/SFH640.zip
SFH640;Enlarge;SMD-6;300;22;200;10;4, 5;-55 to +115;5000;UL, cUL, VDE, CQC, CQC;image/optocouplers/83682.png;Datasheet/optocouplers/opt-tran-output/SFH640/SFH640.pdf;Datasheet/optocouplers/opt-tran-output/SFH640/SFH640.zip
SFH690AB, SFH690A, SFH690B, SFH690C, SFH690D;Enlarge;SOP-4;70;50;400;5;5, 3;- 55 to + 100;3750;UL, cUL, VDE, BSI, CQC, CQC, F;image/optocouplers/83686.png;Datasheet/optocouplers/opt-tran-output/SFH690AB, SFH690A, SFH690B, SFH690C, SFH690D/SFH690AB, SFH690A, SFH690B, SFH690C, SFH690D.pdf;None
SFH6916;Enlarge;SSOP-16;70;50;300;5;9.5, 8.5;-55 to +100;3750;UL, cUL, VDE, BSI, CQC, CQC, F;image/optocouplers/83687.png;Datasheet/optocouplers/opt-tran-output/SFH6916/SFH6916.pdf;Datasheet/optocouplers/opt-tran-output/SFH6916/SFH6916.zip
TCET1100, TCET1100G;Enlarge;DIP-4;70;13;600;5, 10;6, 5;-40 to +100;5000;UL, cUL, VDE, BSI, CQC, CQC;image/optocouplers/83503.png;Datasheet/optocouplers/opt-tran-output/TCET1100, TCET1100G/TCET1100, TCET1100G.pdf;None
TCET111., TCET111.G;Enlarge;DIP-4;70;22;600;5, 10;6, 5;-40 to +110;5000;UL, cUL, VDE, BSI;image/optocouplers/83546.png;Datasheet/optocouplers/opt-tran-output/TCET111., TCET111.G/TCET111., TCET111.G.pdf;None
TCET1201, TCET1202, TCET1203, TCET1204;Enlarge;DIP-4;70;40;600;5, 10;6, 5;-40 to +100;5000;UL, cUL, VDE, BSI, CQC, CQC;image/optocouplers/83501.png;Datasheet/optocouplers/opt-tran-output/TCET1201, TCET1202, TCET1203, TCET1204/TCET1201, TCET1202, TCET1203, TCET1204.pdf;None
TCLT100. Series;Enlarge;SOP-4L;70;13;600;5, 10;6, 5;-55 to +100;5000;UL, cUL, VDE, BSI, FIMKO, CQC;image/optocouplers/83515.png;Datasheet/optocouplers/opt-tran-output/TCLT100. Series/TCLT100. Series.pdf;None
TCLT101. Series;Enlarge;LSOP-4;70;13;600;5, 10;6, 5;-55 to +110;5000;UL, cUL, VDE, BSI, FIMKO, CQC;image/optocouplers/81256.png;Datasheet/optocouplers/opt-tran-output/TCLT101. Series/TCLT101. Series.pdf;None
TCLT110. Series;Enlarge;SOP-6L5;80;22;600;5, 10;6.0, 5.0;-55 to +100;5000;UL, cUL, VDE, BSI, FIMKO, CQC,;image/optocouplers/83514.png;Datasheet/optocouplers/opt-tran-output/TCLT110. Series/TCLT110. Series.pdf;None
TCLT111. Series;Enlarge;SOP-6L5;70;13;600;5, 10;6, 5;-55 to +110;5000;UL, cUL, VDE, FIMKO, BSI, CQC,;image/optocouplers/81282.png;Datasheet/optocouplers/opt-tran-output/TCLT111. Series/TCLT111. Series.pdf;None
TCMT110. Series;Enlarge;SSOP-4;70;40;600;5, 10;9.5, 8.5;-40 to +100;3750;UL, cUL, VDE, BSI, CQC, FIMKO;image/optocouplers/83510.png;Datasheet/optocouplers/opt-tran-output/TCMT110. Series/TCMT110. Series.pdf;None
TCMT111. Series;Enlarge;SSOP-4;70;50;600;5, 10;9.5, 8;-40 to +110;3750;UL, cUL, VDE, CQC, BSI, FIMKO;image/optocouplers/81862.png;Datasheet/optocouplers/opt-tran-output/TCMT111. Series/TCMT111. Series.pdf;None
TCMT4100, TCMT4106;Enlarge;SSOP-16;70;50;600;5;9.5, 8.5;-40 to +100;3750;UL, cUL, VDE, BSI, FIMKO;image/optocouplers/84181.png;Datasheet/optocouplers/opt-tran-output/TCMT4100, TCMT4106/TCMT4100, TCMT4106.pdf;Datasheet/optocouplers/opt-tran-output/TCMT4100, TCMT4106/TCMT4100, TCMT4106.zip
VO205AT, VO206AT, VO207AT, VO208AT;Enlarge;SOIC-8;70;40;320;10;3, 3;-40 to +100;4000;UL, cUL, VDE;image/optocouplers/81957.png;Datasheet/optocouplers/opt-tran-output/VO205AT, VO206AT, VO207AT, VO208AT/VO205AT, VO206AT, VO207AT, VO208AT.pdf;Datasheet/optocouplers/opt-tran-output/VO205AT, VO206AT, VO207AT, VO208AT/VO205AT, VO206AT, VO207AT, VO208AT.zip
VO215AT, VO216AT, VO217AT;Enlarge;SOIC-8;30;20;;;3, 3;-40 to +100;4000;UL, cUL, VDE;image/optocouplers/81955.png;Datasheet/optocouplers/opt-tran-output/VO215AT, VO216AT, VO217AT/VO215AT, VO216AT, VO217AT.pdf;None
VO610A;Enlarge;DIP-4;70;13;320;10;6, 5;-55 to +110;5000;UL, cUL, VDE, BSI;image/optocouplers/81775.png;Datasheet/optocouplers/opt-tran-output/VO610A/VO610A.pdf;Datasheet/optocouplers/opt-tran-output/VO610A/VO610A.zip
VO610A;Enlarge;SMD-4;70;13;320;10;6, 5;-55 to +110;5000;UL, cUL, VDE, BSI;image/optocouplers/81775.png;Datasheet/optocouplers/opt-tran-output/VO610A/VO610A.pdf;Datasheet/optocouplers/opt-tran-output/VO610A/VO610A.zip
VO610A;Enlarge;DIP-4, 400 mil;70;13;320;10;6, 5;-55 to +110;5000;UL, cUL, VDE, BSI;image/optocouplers/81775.png;Datasheet/optocouplers/opt-tran-output/VO610A/VO610A.pdf;Datasheet/optocouplers/opt-tran-output/VO610A/VO610A.zip
VO615A;Enlarge;DIP-4;70;13;600;5, 10;6, 5;-55 to +110;5000;BSI, VDE, FIMKO, UL, cUL, CQC;image/optocouplers/81753.png;Datasheet/optocouplers/opt-tran-output/VO615A/VO615A.pdf;Datasheet/optocouplers/opt-tran-output/VO615A/VO615A.zip
VO615A;Enlarge;DIP-4, 400 mil;70;13;600;5, 10;6, 5;-55 to +110;5000;BSI, VDE, FIMKO, UL, cUL, CQC;image/optocouplers/81753.png;Datasheet/optocouplers/opt-tran-output/VO615A/VO615A.pdf;Datasheet/optocouplers/opt-tran-output/VO615A/VO615A.zip
VO615A;Enlarge;SMD-4;70;13;600;5, 10;6, 5;-55 to +110;5000;BSI, VDE, FIMKO, UL, cUL, CQC;image/optocouplers/81753.png;Datasheet/optocouplers/opt-tran-output/VO615A/VO615A.pdf;Datasheet/optocouplers/opt-tran-output/VO615A/VO615A.zip
VO615C;Enlarge;DIP-4;80;40;320;10;6, 4;-55 to +110;5300;UL, cUL, VDE, FIMKO, CQC;image/optocouplers/83500.png;Datasheet/optocouplers/opt-tran-output/VO615C/VO615C.pdf;Datasheet/optocouplers/opt-tran-output/VO615C/VO615C.zip
VO615C;Enlarge;DIP-4, 400 mil;80;40;320;10;6, 4;-55 to +110;5300;UL, cUL, VDE, FIMKO, CQC;image/optocouplers/83500.png;Datasheet/optocouplers/opt-tran-output/VO615C/VO615C.pdf;Datasheet/optocouplers/opt-tran-output/VO615C/VO615C.zip
VO615C;Enlarge;SMD-4;80;40;320;10;6, 4;-55 to +110;5300;UL, cUL, VDE, FIMKO, CQC;image/optocouplers/83500.png;Datasheet/optocouplers/opt-tran-output/VO615C/VO615C.pdf;Datasheet/optocouplers/opt-tran-output/VO615C/VO615C.zip
VO617A;Enlarge;DIP-4;80;40;600;5;3, 2.3;-55 to +110;5300;UL, VDE, BSI, CQC, CQC, FIMKO;image/optocouplers/83430.png;Datasheet/optocouplers/opt-tran-output/VO617A/VO617A.pdf;Datasheet/optocouplers/opt-tran-output/VO617A/VO617A.zip
VO617A;Enlarge;DIP-4, 400 mil;80;40;600;5;3, 2.3;-55 to +110;5300;UL, VDE, BSI, CQC, CQC, FIMKO;image/optocouplers/83430.png;Datasheet/optocouplers/opt-tran-output/VO617A/VO617A.pdf;Datasheet/optocouplers/opt-tran-output/VO617A/VO617A.zip
VO617A;Enlarge;SMD-4;80;40;600;5;3, 2.3;-55 to +110;5300;UL, VDE, BSI, CQC, CQC, FIMKO;image/optocouplers/83430.png;Datasheet/optocouplers/opt-tran-output/VO617A/VO617A.pdf;Datasheet/optocouplers/opt-tran-output/VO617A/VO617A.zip
VO617C;Enlarge;DIP-4;80;40;320;5;6, 4;-55 to +110;5300;UL, cUL, VDE, FIMKO, CQC;image/optocouplers/83463.png;Datasheet/optocouplers/opt-tran-output/VO617C/VO617C.pdf;Datasheet/optocouplers/opt-tran-output/VO617C/VO617C.zip
VO617C;Enlarge;SMD-4;80;40;320;5;6, 4;-55 to +110;5300;UL, cUL, VDE, FIMKO, CQC;image/optocouplers/83463.png;Datasheet/optocouplers/opt-tran-output/VO617C/VO617C.pdf;Datasheet/optocouplers/opt-tran-output/VO617C/VO617C.zip
VO617C;Enlarge;DIP-4, 400 mil;80;40;320;5;6, 4;-55 to +110;5300;UL, cUL, VDE, FIMKO, CQC;image/optocouplers/83463.png;Datasheet/optocouplers/opt-tran-output/VO617C/VO617C.pdf;Datasheet/optocouplers/opt-tran-output/VO617C/VO617C.zip
VO618A;Enlarge;DIP-4;80;50;600;1;3, 2.3;-55 to +110;5300;UL, cUL, VDE, BSI, FIMKO;image/optocouplers/83432.png;Datasheet/optocouplers/opt-tran-output/VO618A/VO618A.pdf;Datasheet/optocouplers/opt-tran-output/VO618A/VO618A.zip
VO618A;Enlarge;SMD-4;80;50;600;1;3, 2.3;-55 to +110;5300;UL, cUL, VDE, BSI, FIMKO;image/optocouplers/83432.png;Datasheet/optocouplers/opt-tran-output/VO618A/VO618A.pdf;Datasheet/optocouplers/opt-tran-output/VO618A/VO618A.zip
VO618A;Enlarge;DIP-4, 400 mil;80;50;600;1;3, 2.3;-55 to +110;5300;UL, cUL, VDE, BSI, FIMKO;image/optocouplers/83432.png;Datasheet/optocouplers/opt-tran-output/VO618A/VO618A.pdf;Datasheet/optocouplers/opt-tran-output/VO618A/VO618A.zip
VOD205T, VOD206T, VOD207T, VOD211T, VOD213T, VOD217T;Enlarge;SOIC-8;70;13;200;10;5, 4;-40 to +100;4000;UL, cUL, VDE;image/optocouplers/81956.png;Datasheet/optocouplers/opt-tran-output/VOD205T, VOD206T, VOD207T, VOD211T, VOD213T, VOD217T/VOD205T, VOD206T, VOD207T, VOD211T, VOD213T, VOD217T.pdf;Datasheet/optocouplers/opt-tran-output/VOD205T, VOD206T, VOD207T, VOD211T, VOD213T, VOD217T/VOD205T, VOD206T, VOD207T, VOD211T, VOD213T, VOD217T.zip
VOL617A;Enlarge;4 pin LSOP;80;40;600;5;6, 5.5;-55 to +110;5000;UL, cUL, VDE, BSI, FIMKO, CQC;image/optocouplers/82424.png;Datasheet/optocouplers/opt-tran-output/VOL617A/VOL617A.pdf;None
VOL618A;Enlarge;4 pin LSOP;80;50;600;1;6, 5.5;-55 to +110;5000;UL, cUL, VDE, BSI, FIMKO, CQC;image/optocouplers/82405.png;Datasheet/optocouplers/opt-tran-output/VOL618A/VOL618A.pdf;None
VOM617A;Enlarge;SOP-4;80;50;600;5;6, 4;-55 to +110;3750;UL, cUL, VDE, CQC, FIMKO;image/optocouplers/83446.png;Datasheet/optocouplers/opt-tran-output/VOM617A/VOM617A.pdf;Datasheet/optocouplers/opt-tran-output/VOM617A/VOM617A.zip
VOM618A;Enlarge;SOP-4;80;40;600;1;7, 6;- 55 to + 110;3750;UL, cUL, VDE, FIMKO, CQC;image/optocouplers/83449.png;Datasheet/optocouplers/opt-tran-output/VOM618A/VOM618A.pdf;Datasheet/optocouplers/opt-tran-output/VOM618A/VOM618A.zip
VOMA617A;Enlarge;SOP-4;80;50;600;5;4.9, 3.3;-40 to +110;3750;UL, cUL, VDE, CQC;image/optocouplers/84433.png;Datasheet/optocouplers/opt-tran-output/VOMA617A/VOMA617A.pdf;Datasheet/optocouplers/opt-tran-output/VOMA617A/VOMA617A.zip
VOMA618A;Enlarge;SOP-4;80;50;600;1;6.8, 2.3;-40 to +110;3750;UL, cUL, VDE, CQC;image/optocouplers/84949.png;Datasheet/optocouplers/opt-tran-output/VOMA618A/VOMA618A.pdf;Datasheet/optocouplers/opt-tran-output/VOMA618A/VOMA618A.zip
VOS615A;Enlarge;SSOP-4;80;40;600;10;5, 5;- 55 to + 110;3750;UL, cUL, VDE, FIMKO, CQC;image/optocouplers/85373.png;Datasheet/optocouplers/opt-tran-output/VOS615A/VOS615A.pdf;Datasheet/optocouplers/opt-tran-output/VOS615A/VOS615A.zip
VOS617A;Enlarge;SSOP-4;80;50;600;5;6, 4;-55 to +110;3750;UL, cUL, VDE, FIMKO, CQC;image/optocouplers/83497.png;Datasheet/optocouplers/opt-tran-output/VOS617A/VOS617A.pdf;Datasheet/optocouplers/opt-tran-output/VOS617A/VOS617A.zip
VOS618A;Enlarge;SSOP-4;80;50;600;1;5, 8;-55 to +110;3750;UL, cUL, VDE, FIMKO, CQC;image/optocouplers/83465.png;Datasheet/optocouplers/opt-tran-output/VOS618A/VOS618A.pdf;Datasheet/optocouplers/opt-tran-output/VOS618A/VOS618A.zip
