Part Number;Package;K3 Transfer Gain2(%);Transfer Gain1Linearity typ.(± %);Bandwidth, typ.(kHz);Isolation Voltage VISOVRMS;Safety Standard(s);Image path;Datasheet part;3d model part
VOA300;SMD-8;0.765 to 1.181;0.25;1400;5300;UL, CUL, VDE, BSI, , , , ,;80180;Datasheet/optocouplers/opto-linear/VOA300/VOA300.pdf;None
IL300;DIP-8;0.557 to 1.618;0.25;1400;4420;UL, CUL, VDE, BSI, FIMKO,;83622;Datasheet/optocouplers/opto-linear/IL300/IL300.pdf;None
IL300;DIP-8, 400 mil;0.557 to 1.618;0.25;1400;4420;UL, CUL, VDE, BSI, FIMKO,;83622;Datasheet/optocouplers/opto-linear/IL300/IL300.pdf;None
IL300;SMD-8;0.557 to 1.618;0.25;1400;4420;UL, CUL, VDE, BSI, FIMKO,;83622;Datasheet/optocouplers/opto-linear/IL300/IL300.pdf;None
