Part Number;Product Image;Zero or Non-zero crossing;Package;Trigger Current IFTMax.(mA);Blocking Voltage VDRM(V);On-state Current(mA);Static dv / dt;Isolation Voltage VISOVRMS;Ambient Temperature Range(°C);Creepage Min.(mm);Working Voltage VIORM(Vpeak);Safety Standard;Image path;Datasheet part;3d model part
BRT12, BRT13;Enlarge;Non-Zero;DIP-6;1.2 to 3;800;300;10;4420;-40 to +100;7;890;UL, cUL, VDE;image/optocouplers/83689.png;Datasheet/optocouplers/opto-triac/BRT12, BRT13/BRT12, BRT13.pdf;None
BRT12, BRT13;Enlarge;Non-Zero;DIP-6, 400 mil;1.2 to 3;800;300;10;4420;-40 to +100;;890;UL, cUL, VDE;image/optocouplers/83689.png;Datasheet/optocouplers/opto-triac/BRT12, BRT13/BRT12, BRT13.pdf;None
BRT12, BRT13;Enlarge;Non-Zero;SMD-6;1.2 to 3;800;300;10;4420;-40 to +100;7;890;UL, cUL, VDE;image/optocouplers/83689.png;Datasheet/optocouplers/opto-triac/BRT12, BRT13/BRT12, BRT13.pdf;None
IL4116, IL4117, IL4118;Enlarge;Zero;DIP-6;1.3;800;300;10000;4420;-55 to +100;7;890;UL, cUL, VDE, FIMKO;image/optocouplers/83628.png;Datasheet/optocouplers/opto-triac/IL4116, IL4117, IL4118/IL4116, IL4117, IL4118.pdf;Datasheet/optocouplers/opto-triac/IL4116, IL4117, IL4118/IL4116, IL4117, IL4118.zip
IL4116, IL4117, IL4118;Enlarge;Zero;DIP-6, 400 mil;1.3;800;300;10000;4420;-55 to +100;8;890;UL, cUL, VDE, FIMKO;image/optocouplers/83628.png;Datasheet/optocouplers/opto-triac/IL4116, IL4117, IL4118/IL4116, IL4117, IL4118.pdf;Datasheet/optocouplers/opto-triac/IL4116, IL4117, IL4118/IL4116, IL4117, IL4118.zip
IL4116, IL4117, IL4118;Enlarge;Zero;SMD-6;1.3;800;300;10000;4420;-55 to +100;7;890;UL, cUL, VDE, FIMKO;image/optocouplers/83628.png;Datasheet/optocouplers/opto-triac/IL4116, IL4117, IL4118/IL4116, IL4117, IL4118.pdf;Datasheet/optocouplers/opto-triac/IL4116, IL4117, IL4118/IL4116, IL4117, IL4118.zip
IL420, IL4208;Enlarge;Non-Zero;DIP-6;2;800;300;10000;4420;-55 to +100;7;890;UL, cUL, VDE, FIMKO;image/optocouplers/83629.png;Datasheet/optocouplers/opto-triac/IL420, IL4208/IL420, IL4208.pdf;Datasheet/optocouplers/opto-triac/IL420, IL4208/IL420, IL4208.zip
IL420, IL4208;Enlarge;Non-Zero;DIP-6, 400 mil;2;800;300;10000;4420;-55 to +100;;890;UL, cUL, VDE, FIMKO;image/optocouplers/83629.png;Datasheet/optocouplers/opto-triac/IL420, IL4208/IL420, IL4208.pdf;Datasheet/optocouplers/opto-triac/IL420, IL4208/IL420, IL4208.zip
IL420, IL4208;Enlarge;Non-Zero;SMD-6;2;800;300;10000;4420;-55 to +100;7;890;UL, cUL, VDE, FIMKO;image/optocouplers/83629.png;Datasheet/optocouplers/opto-triac/IL420, IL4208/IL420, IL4208.pdf;Datasheet/optocouplers/opto-triac/IL420, IL4208/IL420, IL4208.zip
IL4216, IL4217, IL4218;Enlarge;Non-Zero;DIP-6;n/a;800;300;10000;4420;-55 to +100;7;890;UL, cUL, VDE, FIMKO;image/optocouplers/83630.png;Datasheet/optocouplers/opto-triac/IL4216, IL4217, IL4218/IL4216, IL4217, IL4218.pdf;Datasheet/optocouplers/opto-triac/IL4216, IL4217, IL4218/IL4216, IL4217, IL4218.zip
IL4216, IL4217, IL4218;Enlarge;Non-Zero;DIP-6, 400 mil;n/a;800;300;10000;4420;-55 to +100;8;890;UL, cUL, VDE, FIMKO;image/optocouplers/83630.png;Datasheet/optocouplers/opto-triac/IL4216, IL4217, IL4218/IL4216, IL4217, IL4218.pdf;Datasheet/optocouplers/opto-triac/IL4216, IL4217, IL4218/IL4216, IL4217, IL4218.zip
IL4216, IL4217, IL4218;Enlarge;Non-Zero;SMD-6;n/a;800;300;10000;4420;-55 to +100;7;890;UL, cUL, VDE, FIMKO;image/optocouplers/83630.png;Datasheet/optocouplers/opto-triac/IL4216, IL4217, IL4218/IL4216, IL4217, IL4218.pdf;Datasheet/optocouplers/opto-triac/IL4216, IL4217, IL4218/IL4216, IL4217, IL4218.zip
VO2223;Enlarge;Non-Zero;DIP-8;10;600;900;n/a;5300;-40 to +85;7;890;UL, cUL, VDE, FIMKO;image/optocouplers/81166.png;Datasheet/optocouplers/opto-triac/VO2223/VO2223.pdf;Datasheet/optocouplers/opto-triac/VO2223/VO2223.zip
VO2223A;Enlarge;Non-Zero;DIP-8;10;600;1000;n/a;5300;-40 to +85;7;890;UL, cUL, VDE, FIMKO;image/optocouplers/81924.png;Datasheet/optocouplers/opto-triac/VO2223A/VO2223A.pdf;Datasheet/optocouplers/opto-triac/VO2223A/VO2223A.zip
VO2223A;Enlarge;Non-Zero;SMD-8;10;600;1000;n/a;5300;-40 to +85;7;890;UL, cUL, VDE, FIMKO;image/optocouplers/81924.png;Datasheet/optocouplers/opto-triac/VO2223A/VO2223A.pdf;Datasheet/optocouplers/opto-triac/VO2223A/VO2223A.zip
VO2223B;Enlarge;Non-Zero;DIP-8;10;600;1000;n/a;5300;-40 to +85;7;890;UL, cUL, VDE, FIMKO;image/optocouplers/83312.png;Datasheet/optocouplers/opto-triac/VO2223B/VO2223B.pdf;Datasheet/optocouplers/opto-triac/VO2223B/VO2223B.zip
VO2223B;Enlarge;Non-Zero;SMD-8;10;600;1000;n/a;5300;-40 to +85;7;890;UL, cUL, VDE, FIMKO;image/optocouplers/83312.png;Datasheet/optocouplers/opto-triac/VO2223B/VO2223B.pdf;Datasheet/optocouplers/opto-triac/VO2223B/VO2223B.zip
VO3021, VO3022, VO3023;Enlarge;Non-Zero;DIP-6;5 to 15;400;100;1000;5000;-40 to +100;;;UL, cUL, VDE, CQC, CQC, FIMKO;image/optocouplers/84132.png;Datasheet/optocouplers/opto-triac/VO3021, VO3022, VO3023/VO3021, VO3022, VO3023.pdf;None
VO3021, VO3022, VO3023;Enlarge;Non-Zero;DIP-6, 400 mil;5 to 15;400;100;1000;5000;-40 to +100;;;UL, cUL, VDE, CQC, CQC, FIMKO;image/optocouplers/84132.png;Datasheet/optocouplers/opto-triac/VO3021, VO3022, VO3023/VO3021, VO3022, VO3023.pdf;None
VO3021, VO3022, VO3023;Enlarge;Non-Zero;SMD-6;5 to 15;400;100;1000;5000;-40 to +100;;;UL, cUL, VDE, CQC, CQC, FIMKO;image/optocouplers/84132.png;Datasheet/optocouplers/opto-triac/VO3021, VO3022, VO3023/VO3021, VO3022, VO3023.pdf;None
VO3052, VO3053;Enlarge;Non-Zero;DIP-6;5 to 10;600;100;1500;4420;-55 to +100;7;890;UL, cUL, VDE;image/optocouplers/83749.png;Datasheet/optocouplers/opto-triac/VO3052, VO3053/VO3052, VO3053.pdf;Datasheet/optocouplers/opto-triac/VO3052, VO3053/VO3052, VO3053.zip
VO3052, VO3053;Enlarge;Non-Zero;DIP-6, 400 mil;5 to 10;600;100;1500;4420;-55 to +100;8;890;UL, cUL, VDE;image/optocouplers/83749.png;Datasheet/optocouplers/opto-triac/VO3052, VO3053/VO3052, VO3053.pdf;Datasheet/optocouplers/opto-triac/VO3052, VO3053/VO3052, VO3053.zip
VO3052, VO3053;Enlarge;Non-Zero;SMD-6;5 to 10;600;100;1500;4420;-55 to +100;7;890;UL, cUL, VDE;image/optocouplers/83749.png;Datasheet/optocouplers/opto-triac/VO3052, VO3053/VO3052, VO3053.pdf;Datasheet/optocouplers/opto-triac/VO3052, VO3053/VO3052, VO3053.zip
VO4256;Enlarge;Non-Zero;DIP-6;1.6 to 3;600;300;5000;4420;-55 to +100;7;890;UL, cUL, VDE, FIMKO;image/optocouplers/84798.png;Datasheet/optocouplers/opto-triac/VO4256/VO4256.pdf;Datasheet/optocouplers/opto-triac/VO4256/VO4256.zip
VO4256;Enlarge;Non-Zero;SMD-6;1.6 to 3;600;300;5000;4420;-55 to +100;7;890;UL, cUL, VDE, FIMKO;image/optocouplers/84798.png;Datasheet/optocouplers/opto-triac/VO4256/VO4256.pdf;Datasheet/optocouplers/opto-triac/VO4256/VO4256.zip
VOM160;Enlarge;Non-Zero;SOP-4;5 to 10;600;70;500;3750;-40 to +100;;;UL, cUL, VDE, CQC;image/optocouplers/81349.png;Datasheet/optocouplers/opto-triac/VOM160/VOM160.pdf;Datasheet/optocouplers/opto-triac/VOM160/VOM160.zip
VOM3052, VOM3053;Enlarge;Non-Zero;SOP-4;5 to 10;600;70;1500;3750;-40 to +100;;;UL, cUL, VDE, CQC;image/optocouplers/83492.png;Datasheet/optocouplers/opto-triac/VOM3052, VOM3053/VOM3052, VOM3053.pdf;Datasheet/optocouplers/opto-triac/VOM3052, VOM3053/VOM3052, VOM3053.zip
VOM3052, VOM3053;Enlarge;Non-Zero;SOP-4 180° orientation;5 to 10;600;70;1500;3750;-40 to +100;;;UL, cUL, VDE, CQC;image/optocouplers/83492.png;Datasheet/optocouplers/opto-triac/VOM3052, VOM3053/VOM3052, VOM3053.pdf;Datasheet/optocouplers/opto-triac/VOM3052, VOM3053/VOM3052, VOM3053.zip
BRT21, BRT22, BRT23;Enlarge;Zero;DIP-6;1.2 to 2;800;300;10000;4420;-40 to +100;7;630;UL, cUL, VDE;image/optocouplers/83690.png;Datasheet/optocouplers/opto-triac/BRT21, BRT22, BRT23/BRT21, BRT22, BRT23.pdf;None
BRT21, BRT22, BRT23;Enlarge;Zero;DIP-6, 400 mil;1.2 to 2;800;300;10000;4420;-40 to +100;;630;UL, cUL, VDE;image/optocouplers/83690.png;Datasheet/optocouplers/opto-triac/BRT21, BRT22, BRT23/BRT21, BRT22, BRT23.pdf;None
BRT21, BRT22, BRT23;Enlarge;Zero;SMD-6;1.2 to 2;800;300;10000;4420;-40 to +100;7;630;UL, cUL, VDE;image/optocouplers/83690.png;Datasheet/optocouplers/opto-triac/BRT21, BRT22, BRT23/BRT21, BRT22, BRT23.pdf;None
IL410, IL4108;Enlarge;Zero;DIP-6;2 to 6;800;300;10000;4420;-55 to +100;7;890;UL, cUL, VDE, FIMKO;image/optocouplers/83627.png;Datasheet/optocouplers/opto-triac/IL410, IL4108/IL410, IL4108.pdf;Datasheet/optocouplers/opto-triac/IL410, IL4108/IL410, IL4108.zip
IL410, IL4108;Enlarge;Zero;DIP-6, 400 mil;2 to 6;800;300;10000;4420;-55 to +100;;890;UL, cUL, VDE, FIMKO;image/optocouplers/83627.png;Datasheet/optocouplers/opto-triac/IL410, IL4108/IL410, IL4108.pdf;Datasheet/optocouplers/opto-triac/IL410, IL4108/IL410, IL4108.zip
IL410, IL4108;Enlarge;Zero;SMD-6;2 to 6;800;300;10000;4420;-55 to +100;7;890;UL, cUL, VDE, FIMKO;image/optocouplers/83627.png;Datasheet/optocouplers/opto-triac/IL410, IL4108/IL410, IL4108.pdf;Datasheet/optocouplers/opto-triac/IL410, IL4108/IL410, IL4108.zip
VO4154, VO4156;Enlarge;Zero;DIP-6, 400 mil;1.6 to 3;600;300;5000;4420;-55 to +100;8;890;UL, cUL, VDE, FIMKO;image/optocouplers/84797.png;Datasheet/optocouplers/opto-triac/VO4154, VO4156/VO4154, VO4156.pdf;Datasheet/optocouplers/opto-triac/VO4154, VO4156/VO4154, VO4156.zip
VO4154, VO4156;Enlarge;Zero;SMD-6;1.6 to 3;600;300;5000;4420;-55 to +100;7;890;UL, cUL, VDE, FIMKO;image/optocouplers/84797.png;Datasheet/optocouplers/opto-triac/VO4154, VO4156/VO4154, VO4156.pdf;Datasheet/optocouplers/opto-triac/VO4154, VO4156/VO4154, VO4156.zip
VO4258;Enlarge;Non-Zero;DIP-6;1.6 to 3;800;300;5000;4420;-55 to +100;7;890;UL, cUL, VDE, FIMKO;image/optocouplers/84635.png;Datasheet/optocouplers/opto-triac/VO4258/VO4258.pdf;Datasheet/optocouplers/opto-triac/VO4258/VO4258.zip
VO4258;Enlarge;Non-Zero;DIP-6, 400 mil;1.6 to 3;800;300;5000;4420;-55 to +100;;890;UL, cUL, VDE, FIMKO;image/optocouplers/84635.png;Datasheet/optocouplers/opto-triac/VO4258/VO4258.pdf;Datasheet/optocouplers/opto-triac/VO4258/VO4258.zip
VO4258;Enlarge;Non-Zero;SMD-6;1.6 to 3;800;300;5000;4420;-55 to +100;7;890;UL, cUL, VDE, FIMKO;image/optocouplers/84635.png;Datasheet/optocouplers/opto-triac/VO4258/VO4258.pdf;Datasheet/optocouplers/opto-triac/VO4258/VO4258.zip
VO3062, VO3063;Enlarge;Zero;DIP-6;5 to 10;600;100;1500;4420;-55 to +100;7;890;UL, cUL, VDE;image/optocouplers/83748.png;Datasheet/optocouplers/opto-triac/VO3062, VO3063/VO3062, VO3063.pdf;Datasheet/optocouplers/opto-triac/VO3062, VO3063/VO3062, VO3063.zip
VO3062, VO3063;Enlarge;Zero;DIP-6, 400 mil;5 to 10;600;100;1500;4420;-55 to +100;8;890;UL, cUL, VDE;image/optocouplers/83748.png;Datasheet/optocouplers/opto-triac/VO3062, VO3063/VO3062, VO3063.pdf;Datasheet/optocouplers/opto-triac/VO3062, VO3063/VO3062, VO3063.zip
VO3062, VO3063;Enlarge;Zero;SMD-6;5 to 10;600;100;1500;4420;-55 to +100;7;890;UL, cUL, VDE;image/optocouplers/83748.png;Datasheet/optocouplers/opto-triac/VO3062, VO3063/VO3062, VO3063.pdf;Datasheet/optocouplers/opto-triac/VO3062, VO3063/VO3062, VO3063.zip
VO4158;Enlarge;Zero;DIP-6;1.6 to 3;800;300;5000;4420;-55 to +100;7;890;UL, cUL, VDE, FIMKO;image/optocouplers/84634.png;Datasheet/optocouplers/opto-triac/VO4158/VO4158.pdf;Datasheet/optocouplers/opto-triac/VO4158/VO4158.zip
VO4158;Enlarge;Zero;SMD-6;1.6 to 3;800;300;5000;4420;-55 to +100;7;890;UL, cUL, VDE, FIMKO;image/optocouplers/84634.png;Datasheet/optocouplers/opto-triac/VO4158/VO4158.pdf;Datasheet/optocouplers/opto-triac/VO4158/VO4158.zip
VOT8024AB, VOT8024AD, VOT8024AG;Enlarge;Zero;DIP-4;5;800;100;1000;5300;-55 to +110;7;890;UL, cUL, VDE, CQC;image/optocouplers/84919.png;Datasheet/optocouplers/opto-triac/VOT8024AB, VOT8024AD, VOT8024AG/VOT8024AB, VOT8024AD, VOT8024AG.pdf;Datasheet/optocouplers/opto-triac/VOT8024AB, VOT8024AD, VOT8024AG/VOT8024AB, VOT8024AD, VOT8024AG.zip
VOT8024AB, VOT8024AD, VOT8024AG;Enlarge;Zero;DIP-4, 400 mil;5;800;100;1000;5300;-55 to +110;8;1140;UL, cUL, VDE, CQC;image/optocouplers/84919.png;Datasheet/optocouplers/opto-triac/VOT8024AB, VOT8024AD, VOT8024AG/VOT8024AB, VOT8024AD, VOT8024AG.pdf;Datasheet/optocouplers/opto-triac/VOT8024AB, VOT8024AD, VOT8024AG/VOT8024AB, VOT8024AD, VOT8024AG.zip
VOT8024AB, VOT8024AD, VOT8024AG;Enlarge;Zero;SMD-4;5;800;100;1000;5300;-55 to +110;7;890;UL, cUL, VDE, CQC;image/optocouplers/84919.png;Datasheet/optocouplers/opto-triac/VOT8024AB, VOT8024AD, VOT8024AG/VOT8024AB, VOT8024AD, VOT8024AG.pdf;Datasheet/optocouplers/opto-triac/VOT8024AB, VOT8024AD, VOT8024AG/VOT8024AB, VOT8024AD, VOT8024AG.zip
VOT8024AB, VOT8024AD, VOT8024AG;Enlarge;Zero;SMD-4, 90° orientation;5;800;100;1000;5300;-55 to +110;7;890;UL, cUL, VDE, CQC;image/optocouplers/84919.png;Datasheet/optocouplers/opto-triac/VOT8024AB, VOT8024AD, VOT8024AG/VOT8024AB, VOT8024AD, VOT8024AG.pdf;Datasheet/optocouplers/opto-triac/VOT8024AB, VOT8024AD, VOT8024AG/VOT8024AB, VOT8024AD, VOT8024AG.zip
VOT8024AB, VOT8024AD, VOT8024AG;Enlarge;Zero;SMD-4, 180° orientation;5;800;100;1000;5300;-55 to +110;7;890;UL, cUL, VDE, CQC;image/optocouplers/84919.png;Datasheet/optocouplers/opto-triac/VOT8024AB, VOT8024AD, VOT8024AG/VOT8024AB, VOT8024AD, VOT8024AG.pdf;Datasheet/optocouplers/opto-triac/VOT8024AB, VOT8024AD, VOT8024AG/VOT8024AB, VOT8024AD, VOT8024AG.zip
VOT8024AB, VOT8024AD, VOT8024AG;Enlarge;Zero;SMD-4, 270° orientation;5;800;100;1000;5300;-55 to +110;7;890;UL, cUL, VDE, CQC;image/optocouplers/84919.png;Datasheet/optocouplers/opto-triac/VOT8024AB, VOT8024AD, VOT8024AG/VOT8024AB, VOT8024AD, VOT8024AG.pdf;Datasheet/optocouplers/opto-triac/VOT8024AB, VOT8024AD, VOT8024AG/VOT8024AB, VOT8024AD, VOT8024AG.zip
VOT8024AM;Enlarge;Zero;SOP-4;5;800;100;1000;3750;-55 to +110;5;565;UL, cUL, VDE;image/optocouplers/84909.png;Datasheet/optocouplers/opto-triac/VOT8024AM/VOT8024AM.pdf;Datasheet/optocouplers/opto-triac/VOT8024AM/VOT8024AM.zip
VOT8024AM;Enlarge;Zero;SOP-4, 180° orientation;5;800;100;1000;3750;-55 to +110;5;565;UL, cUL, VDE;image/optocouplers/84909.png;Datasheet/optocouplers/opto-triac/VOT8024AM/VOT8024AM.pdf;Datasheet/optocouplers/opto-triac/VOT8024AM/VOT8024AM.zip
VOT8025AB, VOT8025AD, VOT8025AG;Enlarge;Zero;DIP-6;5;800;100;1000;5300;-40 to +110;7;890;UL, cUL, VDE, CQC;image/optocouplers/84924.png;Datasheet/optocouplers/opto-triac/VOT8025AB, VOT8025AD, VOT8025AG/VOT8025AB, VOT8025AD, VOT8025AG.pdf;Datasheet/optocouplers/opto-triac/VOT8025AB, VOT8025AD, VOT8025AG/VOT8025AB, VOT8025AD, VOT8025AG.zip
VOT8025AB, VOT8025AD, VOT8025AG;Enlarge;Zero;DIP-6, 400 mil;5;800;100;1000;5300;-40 to +110;8;1140;UL, cUL, VDE, CQC;image/optocouplers/84924.png;Datasheet/optocouplers/opto-triac/VOT8025AB, VOT8025AD, VOT8025AG/VOT8025AB, VOT8025AD, VOT8025AG.pdf;Datasheet/optocouplers/opto-triac/VOT8025AB, VOT8025AD, VOT8025AG/VOT8025AB, VOT8025AD, VOT8025AG.zip
VOT8025AB, VOT8025AD, VOT8025AG;Enlarge;Zero;SMD-6;5;800;100;1000;5300;-40 to +110;7;890;UL, cUL, VDE, CQC;image/optocouplers/84924.png;Datasheet/optocouplers/opto-triac/VOT8025AB, VOT8025AD, VOT8025AG/VOT8025AB, VOT8025AD, VOT8025AG.pdf;Datasheet/optocouplers/opto-triac/VOT8025AB, VOT8025AD, VOT8025AG/VOT8025AB, VOT8025AD, VOT8025AG.zip
VOT8025AB, VOT8025AD, VOT8025AG;Enlarge;Zero;SMD-6, 90° orientation;5;800;100;1000;5300;-40 to +110;7;890;UL, cUL, VDE, CQC;image/optocouplers/84924.png;Datasheet/optocouplers/opto-triac/VOT8025AB, VOT8025AD, VOT8025AG/VOT8025AB, VOT8025AD, VOT8025AG.pdf;Datasheet/optocouplers/opto-triac/VOT8025AB, VOT8025AD, VOT8025AG/VOT8025AB, VOT8025AD, VOT8025AG.zip
VOT8025AB, VOT8025AD, VOT8025AG;Enlarge;Zero;SMD-6, 180° orientation;5;800;100;1000;5300;-40 to +110;7;890;UL, cUL, VDE, CQC;image/optocouplers/84924.png;Datasheet/optocouplers/opto-triac/VOT8025AB, VOT8025AD, VOT8025AG/VOT8025AB, VOT8025AD, VOT8025AG.pdf;Datasheet/optocouplers/opto-triac/VOT8025AB, VOT8025AD, VOT8025AG/VOT8025AB, VOT8025AD, VOT8025AG.zip
VOT8026AB, VOT8026AD, VOT8026AG;Enlarge;Zero;DIP-6;5;800;100;1000;5300;-40 to +110;7;890;UL, cUL, VDE, CQC;image/optocouplers/84925.png;Datasheet/optocouplers/opto-triac/VOT8026AB, VOT8026AD, VOT8026AG/VOT8026AB, VOT8026AD, VOT8026AG.pdf;Datasheet/optocouplers/opto-triac/VOT8026AB, VOT8026AD, VOT8026AG/VOT8026AB, VOT8026AD, VOT8026AG.zip
VOT8026AB, VOT8026AD, VOT8026AG;Enlarge;Zero;DIP-6, 400 mil;5;800;100;1000;5300;-40 to +110;8;1140;UL, cUL, VDE, CQC;image/optocouplers/84925.png;Datasheet/optocouplers/opto-triac/VOT8026AB, VOT8026AD, VOT8026AG/VOT8026AB, VOT8026AD, VOT8026AG.pdf;Datasheet/optocouplers/opto-triac/VOT8026AB, VOT8026AD, VOT8026AG/VOT8026AB, VOT8026AD, VOT8026AG.zip
VOT8026AB, VOT8026AD, VOT8026AG;Enlarge;Zero;SMD-6;5;800;100;1000;5300;-40 to +110;7;890;UL, cUL, VDE, CQC;image/optocouplers/84925.png;Datasheet/optocouplers/opto-triac/VOT8026AB, VOT8026AD, VOT8026AG/VOT8026AB, VOT8026AD, VOT8026AG.pdf;Datasheet/optocouplers/opto-triac/VOT8026AB, VOT8026AD, VOT8026AG/VOT8026AB, VOT8026AD, VOT8026AG.zip
VOT8026AB, VOT8026AD, VOT8026AG;Enlarge;Zero;SMD-6, 180° orientation;5;800;100;1000;5300;-40 to +110;7;890;UL, cUL, VDE, CQC;image/optocouplers/84925.png;Datasheet/optocouplers/opto-triac/VOT8026AB, VOT8026AD, VOT8026AG/VOT8026AB, VOT8026AD, VOT8026AG.pdf;Datasheet/optocouplers/opto-triac/VOT8026AB, VOT8026AD, VOT8026AG/VOT8026AB, VOT8026AD, VOT8026AG.zip
VOT8121AB, VOT8121AD, VOT8121AG;Enlarge;Non-Zero;DIP-4;10;800;100;1000;5300;-55 to +110;7;890;UL, cUL, VDE, CQC;image/optocouplers/84918.png;Datasheet/optocouplers/opto-triac/VOT8121AB, VOT8121AD, VOT8121AG/VOT8121AB, VOT8121AD, VOT8121AG.pdf;Datasheet/optocouplers/opto-triac/VOT8121AB, VOT8121AD, VOT8121AG/VOT8121AB, VOT8121AD, VOT8121AG.zip
VOT8121AB, VOT8121AD, VOT8121AG;Enlarge;Non-Zero;DIP-4, 400 mil;10;800;100;1000;5300;-55 to +110;8;1140;UL, cUL, VDE, CQC;image/optocouplers/84918.png;Datasheet/optocouplers/opto-triac/VOT8121AB, VOT8121AD, VOT8121AG/VOT8121AB, VOT8121AD, VOT8121AG.pdf;Datasheet/optocouplers/opto-triac/VOT8121AB, VOT8121AD, VOT8121AG/VOT8121AB, VOT8121AD, VOT8121AG.zip
VOT8121AB, VOT8121AD, VOT8121AG;Enlarge;Non-Zero;SMD-4;10;800;100;1000;5300;-55 to +110;7;890;UL, cUL, VDE, CQC;image/optocouplers/84918.png;Datasheet/optocouplers/opto-triac/VOT8121AB, VOT8121AD, VOT8121AG/VOT8121AB, VOT8121AD, VOT8121AG.pdf;Datasheet/optocouplers/opto-triac/VOT8121AB, VOT8121AD, VOT8121AG/VOT8121AB, VOT8121AD, VOT8121AG.zip
VOT8121AB, VOT8121AD, VOT8121AG;Enlarge;Non-Zero;SMD-4, 90° orientation;10;800;100;1000;5300;-55 to +110;7;890;UL, cUL, VDE, CQC;image/optocouplers/84918.png;Datasheet/optocouplers/opto-triac/VOT8121AB, VOT8121AD, VOT8121AG/VOT8121AB, VOT8121AD, VOT8121AG.pdf;Datasheet/optocouplers/opto-triac/VOT8121AB, VOT8121AD, VOT8121AG/VOT8121AB, VOT8121AD, VOT8121AG.zip
VOT8121AB, VOT8121AD, VOT8121AG;Enlarge;Non-Zero;SMD-4, 180° orientation;10;800;100;1000;5300;-55 to +110;7;890;UL, cUL, VDE, CQC;image/optocouplers/84918.png;Datasheet/optocouplers/opto-triac/VOT8121AB, VOT8121AD, VOT8121AG/VOT8121AB, VOT8121AD, VOT8121AG.pdf;Datasheet/optocouplers/opto-triac/VOT8121AB, VOT8121AD, VOT8121AG/VOT8121AB, VOT8121AD, VOT8121AG.zip
VOT8121AB, VOT8121AD, VOT8121AG;Enlarge;Non-Zero;SMD-4, 270° orientation;10;800;100;1000;5300;-55 to +110;7;890;UL, cUL, VDE, CQC;image/optocouplers/84918.png;Datasheet/optocouplers/opto-triac/VOT8121AB, VOT8121AD, VOT8121AG/VOT8121AB, VOT8121AD, VOT8121AG.pdf;Datasheet/optocouplers/opto-triac/VOT8121AB, VOT8121AD, VOT8121AG/VOT8121AB, VOT8121AD, VOT8121AG.zip
VOT8121AM;Enlarge;Non-Zero;SOP-4;10;800;100;1000;3750;-55 to +110;5;565;UL, cUL, VDE;image/optocouplers/84914.png;Datasheet/optocouplers/opto-triac/VOT8121AM/VOT8121AM.pdf;Datasheet/optocouplers/opto-triac/VOT8121AM/VOT8121AM.zip
VOT8121AM;Enlarge;Non-Zero;SOP-4, 180° orientation;10;800;100;1000;3750;-55 to +110;5;565;UL, cUL, VDE;image/optocouplers/84914.png;Datasheet/optocouplers/opto-triac/VOT8121AM/VOT8121AM.pdf;Datasheet/optocouplers/opto-triac/VOT8121AM/VOT8121AM.zip
VOT8123AB, VOT8123AD, VOT8123AG;Enlarge;Non-Zero;DIP-6;10;800;100;1000;5000;-40 to +110;7;890;UL, cUL, VDE, CQC;image/optocouplers/84926.png;Datasheet/optocouplers/opto-triac/VOT8123AB, VOT8123AD, VOT8123AG/VOT8123AB, VOT8123AD, VOT8123AG.pdf;Datasheet/optocouplers/opto-triac/VOT8123AB, VOT8123AD, VOT8123AG/VOT8123AB, VOT8123AD, VOT8123AG.zip
VOT8123AB, VOT8123AD, VOT8123AG;Enlarge;Non-Zero;DIP-6, 400 mil;10;800;100;1000;5000;-40 to +110;8;1140;UL, cUL, VDE, CQC;image/optocouplers/84926.png;Datasheet/optocouplers/opto-triac/VOT8123AB, VOT8123AD, VOT8123AG/VOT8123AB, VOT8123AD, VOT8123AG.pdf;Datasheet/optocouplers/opto-triac/VOT8123AB, VOT8123AD, VOT8123AG/VOT8123AB, VOT8123AD, VOT8123AG.zip
VOT8123AB, VOT8123AD, VOT8123AG;Enlarge;Non-Zero;SMD-6;10;800;100;1000;5000;-40 to +110;7;890;UL, cUL, VDE, CQC;image/optocouplers/84926.png;Datasheet/optocouplers/opto-triac/VOT8123AB, VOT8123AD, VOT8123AG/VOT8123AB, VOT8123AD, VOT8123AG.pdf;Datasheet/optocouplers/opto-triac/VOT8123AB, VOT8123AD, VOT8123AG/VOT8123AB, VOT8123AD, VOT8123AG.zip
VOT8123AB, VOT8123AD, VOT8123AG;Enlarge;Non-Zero;SMD-6, 180° orientation;10;800;100;1000;5000;-40 to +110;7;890;UL, cUL, VDE, CQC;image/optocouplers/84926.png;Datasheet/optocouplers/opto-triac/VOT8123AB, VOT8123AD, VOT8123AG/VOT8123AB, VOT8123AD, VOT8123AG.pdf;Datasheet/optocouplers/opto-triac/VOT8123AB, VOT8123AD, VOT8123AG/VOT8123AB, VOT8123AD, VOT8123AG.zip
VOT8125AB, VOT8125AD, VOT8125AG;Enlarge;Non-Zero;DIP-6;5;800;100;1000;5000;-40 to +110;7;890;UL, cUL, VDE, CQC;image/optocouplers/84923.png;Datasheet/optocouplers/opto-triac/VOT8125AB, VOT8125AD, VOT8125AG/VOT8125AB, VOT8125AD, VOT8125AG.pdf;Datasheet/optocouplers/opto-triac/VOT8125AB, VOT8125AD, VOT8125AG/VOT8125AB, VOT8125AD, VOT8125AG.zip
VOT8125AB, VOT8125AD, VOT8125AG;Enlarge;Non-Zero;DIP-6, 400 mil;5;800;100;1000;5000;-40 to +110;8;1140;UL, cUL, VDE, CQC;image/optocouplers/84923.png;Datasheet/optocouplers/opto-triac/VOT8125AB, VOT8125AD, VOT8125AG/VOT8125AB, VOT8125AD, VOT8125AG.pdf;Datasheet/optocouplers/opto-triac/VOT8125AB, VOT8125AD, VOT8125AG/VOT8125AB, VOT8125AD, VOT8125AG.zip
VOT8125AB, VOT8125AD, VOT8125AG;Enlarge;Non-Zero;SMD-6;5;800;100;1000;5000;-40 to +110;7;890;UL, cUL, VDE, CQC;image/optocouplers/84923.png;Datasheet/optocouplers/opto-triac/VOT8125AB, VOT8125AD, VOT8125AG/VOT8125AB, VOT8125AD, VOT8125AG.pdf;Datasheet/optocouplers/opto-triac/VOT8125AB, VOT8125AD, VOT8125AG/VOT8125AB, VOT8125AD, VOT8125AG.zip
VOT8125AB, VOT8125AD, VOT8125AG;Enlarge;Non-Zero;SMD-6, 180° orientation;5;800;100;1000;5000;-40 to +110;7;890;UL, cUL, VDE, CQC;image/optocouplers/84923.png;Datasheet/optocouplers/opto-triac/VOT8125AB, VOT8125AD, VOT8125AG/VOT8125AB, VOT8125AD, VOT8125AG.pdf;Datasheet/optocouplers/opto-triac/VOT8125AB, VOT8125AD, VOT8125AG/VOT8125AB, VOT8125AD, VOT8125AG.zip
