Part Number▲▼(all)TFBS4650TFBS4652TFBS4711TFDU4101TFDU4301;Product Image;Data Ratekbit/s▲▼(all)115.2;H x L x Wmm x mm x mm(mm)▲▼(all)1.6 x 6.8 x 2.81.9 x 6 x 33.1 x 8.5 x 2.54 x 9.7 x 4.7;Link Distancem▲▼(all)0 to ≥ 1;Operating VoltageV▲▼(all)2.4 to 5.5;Idle Supply CurrentmA▲▼(all)0.07;Image path;0;1;2;3d model part
TFDU4301;Enlarge;115.2;3.1 x 8.5 x 2.5;0 to ≥ 1;2.4 to 5.5;0.07;image/ir-transceivers/81965.png;;ir-transceivers;TFDU4301\TFDU4301.pdf;None
TFDU4101;Enlarge;115.2;4 x 9.7 x 4.7;0 to ≥ 1;2.4 to 5.5;0.07;image/ir-transceivers/81288.png;;ir-transceivers;TFDU4101\TFDU4101.pdf;None
TFBS4711;Enlarge;115.2;1.9 x 6 x 3;0 to ≥ 1;2.4 to 5.5;0.07;image/ir-transceivers/82633.png;;ir-transceivers;TFBS4711\TFBS4711.pdf;None
TFBS4652;Enlarge;115.2;1.6 x 6.8 x 2.8;0 to ≥ 1;2.4 to 5.5;0.07;image/ir-transceivers/84671.png;;ir-transceivers;TFBS4652\TFBS4652.pdf;None
TFBS4650;Enlarge;115.2;1.6 x 6.8 x 2.8;0 to ≥ 1;2.4 to 5.5;0.07;image/ir-transceivers/84672.png;;ir-transceivers;TFBS4650\TFBS4650.pdf;None
